{"type": "FeatureCollection", "features": [{"type": "Feature", "properties": {"a": "IDN", "b": "MYS"}, "geometry": {"type": "MultiLineString", "coordinates": [[[109.62595786651403, 2.0581887895421174], [109.63502, 2.074042], [109.645274, 2.083238], [109.626621, 2.029696], [109.600266, 1.983136], [109.574428, 1.94859], [109.537944, 1.917714], [109.529366, 1.905156], [109.528436, 1.889989], [109.53474, 1.838984], [109.555617, 1.802165], [109.566986, 1.792553], [109.580112, 1.78798], [109.624037, 1.787773], [109.641814, 1.781004], [109.647188, 1.761883], [109.640573, 1.683025], [109.64171, 1.637162], [109.646981, 1.617628], [109.65804, 1.59719], [109.677264, 1.572851], [109.766354, 1.496473], [109.773175, 1.485854], [109.775552, 1.457948], [109.781547, 1.456295], [109.800564, 1.466759], [109.807798, 1.459964], [109.825472, 1.417563], [109.842835, 1.403275], [109.902056, 1.403791], [109.920246, 1.394774], [109.932545, 1.378522], [109.951769, 1.319662], [109.963758, 1.298578], [109.976263, 1.287726], [110.012127, 1.270518], [110.03073, 1.253568], [110.051814, 1.215482], [110.074552, 1.198636], [110.093466, 1.191608], [110.15217, 1.183857], [110.17036, 1.174451], [110.18514, 1.154194], [110.20674, 1.111716], [110.256556, 1.039059], [110.263481, 0.994307], [110.272783, 0.991052], [110.300791, 0.997718], [110.364147, 0.981388], [110.380683, 0.966609], [110.422644, 0.909455], [110.460265, 0.879741], [110.50636, 0.857313], [110.553903, 0.85137], [110.596071, 0.871111], [110.613434, 0.893952], [110.624803, 0.893125], [110.647747, 0.873901], [110.661286, 0.872144], [110.674412, 0.877002], [110.704178, 0.901393], [110.724848, 0.897259], [110.744795, 0.905062], [110.758335, 0.914519], [110.776731, 0.903253], [110.783966, 0.908163], [110.787067, 0.934156], [110.796989, 0.949659], [110.852696, 0.997201], [110.880394, 1.010534], [110.910573, 1.015701], [110.973412, 1.017717], [111.197584, 1.075233], [111.217531, 1.073269], [111.351787, 1.013893], [111.374111, 1.007537], [111.395505, 1.006296], [111.454519, 1.022626], [111.472089, 1.022213], [111.482425, 1.012859], [111.492037, 0.980871], [111.503199, 0.958444], [111.515394, 0.96449], [111.538855, 0.997718], [111.622675, 1.030274], [111.655231, 1.030791], [111.762821, 0.993015], [111.823076, 1.008467], [111.910099, 1.114042], [111.973351, 1.13404], [112.054069, 1.133627], [112.079494, 1.137244], [112.09293, 1.143135], [112.100061, 1.154918], [112.152668, 1.306278], [112.187395, 1.379659], [112.188015, 1.391415], [112.181814, 1.400019], [112.159076, 1.400794], [112.154115, 1.409527], [112.161556, 1.434539], [112.180057, 1.449034], [112.295192, 1.503811], [112.319066, 1.511743], [112.380975, 1.517712], [112.398545, 1.523345], [112.44588, 1.562076], [112.470478, 1.567657], [112.768858, 1.552232], [112.801517, 1.543783], [112.813506, 1.549338], [112.836451, 1.576055], [112.854951, 1.582721], [112.907661, 1.570525], [112.95603, 1.572334], [112.973186, 1.569854], [113.014114, 1.550785], [113.023416, 1.537013], [113.024346, 1.514379], [113.018455, 1.492391], [113.007293, 1.47327], [112.991687, 1.456966], [112.961198, 1.434384], [112.955306, 1.423558], [112.9582, 1.415651], [112.973186, 1.415083], [113.011427, 1.427976], [113.050598, 1.434797], [113.089045, 1.431335], [113.125735, 1.413636], [113.158602, 1.388159], [113.172761, 1.383741], [113.217719, 1.380899], [113.27601, 1.368884], [113.323656, 1.351392], [113.397553, 1.293927], [113.442925, 1.292377], [113.503387, 1.314495], [113.524471, 1.313564], [113.546175, 1.301575], [113.596508, 1.241631], [113.624826, 1.227575], [113.649528, 1.233259], [113.808174, 1.339713], [113.868222, 1.415496], [113.891167, 1.434952], [113.909667, 1.442471], [114.053947, 1.465054], [114.094255, 1.465674], [114.130945, 1.454176], [114.160401, 1.424798], [114.173423, 1.420509], [114.183242, 1.423454], [114.204843, 1.438363], [114.355738, 1.501951], [114.374858, 1.506938], [114.398216, 1.503553], [114.421367, 1.492184], [114.500638, 1.436037], [114.522239, 1.429423], [114.545597, 1.434952], [114.561617, 1.450016], [114.568025, 1.469395], [114.563167, 1.536393], [114.574536, 1.553421], [114.609676, 1.581636], [114.624455, 1.598792], [114.650293, 1.641451], [114.669, 1.694006], [114.680059, 1.763279], [114.678922, 1.794362], [114.671377, 1.820975], [114.679542, 1.840741], [114.699179, 1.858053], [114.708998, 1.86198], [114.763051, 1.868698], [114.819069, 1.890299], [114.831988, 1.902521], [114.833641, 1.921357], [114.829404, 1.959778], [114.845114, 2.009749], [114.84532, 2.024968], [114.841083, 2.038223], [114.831368, 2.04476], [114.808217, 2.04197], [114.792197, 2.034812], [114.780621, 2.036053], [114.770286, 2.058222], [114.768012, 2.110208], [114.753026, 2.134806], [114.752096, 2.153513], [114.763465, 2.208083], [114.778761, 2.247202], [114.809043, 2.264669], [114.886455, 2.275159], [114.913326, 2.284048], [114.919631, 2.295675], [114.91529, 2.332055], [114.922215, 2.353914], [114.934514, 2.360684], [114.972961, 2.35748], [114.992081, 2.369882], [115.034766, 2.406418], [115.067426, 2.423109], [115.105046, 2.46569], [115.126543, 2.47923], [115.171812, 2.483312], [115.192689, 2.490547], [115.206125, 2.509874], [115.203748, 2.527547], [115.192379, 2.55106], [115.17698, 2.574159], [115.151968, 2.597052], [115.126853, 2.606767], [115.114968, 2.607904], [115.082515, 2.594365], [115.071456, 2.594623], [115.05647, 2.608627], [115.058641, 2.628833], [115.07187, 2.671828], [115.057917, 2.70149], [115.056987, 2.711257], [115.063188, 2.723659], [115.082722, 2.72955], [115.093574, 2.737043], [115.104633, 2.761486], [115.098121, 2.781072], [115.07187, 2.814765], [115.066909, 2.828201], [115.069079, 2.832645], [115.091197, 2.848148], [115.099052, 2.859672], [115.109594, 2.892021], [115.122823, 2.91295], [115.139049, 2.928453], [115.19641, 2.967624], [115.207985, 2.980698], [115.225039, 3.015889], [115.242092, 3.041624], [115.255838, 3.03749], [115.281366, 2.99956], [115.309995, 2.985917], [115.341517, 2.991136], [115.406836, 3.019507], [115.447971, 3.024054], [115.464094, 3.030824], [115.472155, 3.050513], [115.475979, 3.093042], [115.482181, 3.110974], [115.517011, 3.157276], [115.514427, 3.164769], [115.499337, 3.169782], [115.483524, 3.189005], [115.482801, 3.206472], [115.517631, 3.357161], [115.535821, 3.403618], [115.557215, 3.425451], [115.585017, 3.416821], [115.595455, 3.420852], [115.601243, 3.430231], [115.600623, 3.441212], [115.592665, 3.46196], [115.576128, 3.491674], [115.572718, 3.504154], [115.573338, 3.545004], [115.548533, 3.605285], [115.544399, 3.629159], [115.544606, 3.668976], [115.550497, 3.708224], [115.589358, 3.824522], [115.588634, 3.857595], [115.574578, 3.87209], [115.554114, 3.883563], [115.538301, 3.897825], [115.538818, 3.920615], [115.545846, 3.92772], [115.580986, 3.946918], [115.590288, 3.958002], [115.609511, 3.996915], [115.62212, 4.04022], [115.633283, 4.12856], [115.646925, 4.169101], [115.655917, 4.178635], [115.675967, 4.184164], [115.732605, 4.239381], [115.756893, 4.222172], [115.770742, 4.225609], [115.779423, 4.248941], [115.817457, 4.281316], [115.821901, 4.311237], [115.821178, 4.344335], [115.830997, 4.376116], [115.844122, 4.389216], [115.856111, 4.390767], [115.864896, 4.382576], [115.869444, 4.366685], [115.878849, 4.352139], [115.898796, 4.347126], [115.940964, 4.344361], [115.977241, 4.328626], [115.983442, 4.321391], [115.993571, 4.288912], [116.004009, 4.276691], [116.020649, 4.270852], [116.033155, 4.277725], [116.081214, 4.325474], [116.109946, 4.345111], [116.125759, 4.378907], [116.136508, 4.373042], [116.170097, 4.369915], [116.228802, 4.356118], [116.257224, 4.364153], [116.285129, 4.37839], [116.310657, 4.383377], [116.337529, 4.357229], [116.3582, 4.355446], [116.365434, 4.337695], [116.391066, 4.294674], [116.411323, 4.288654], [116.421762, 4.291832], [116.446359, 4.317257], [116.468374, 4.312322], [116.485944, 4.316921], [116.494109, 4.324853], [116.486977, 4.338574], [116.48646, 4.348831], [116.494315, 4.363223], [116.515399, 4.384152], [116.522221, 4.396787], [116.533279, 4.395366], [116.576894, 4.332011], [116.590227, 4.331132], [116.615548, 4.344077], [116.6418, 4.333871], [116.661127, 4.334388], [116.68004, 4.339917], [116.711666, 4.366789], [116.729443, 4.364463], [116.766133, 4.338574], [116.804477, 4.330073], [116.883025, 4.344904], [116.924263, 4.344956], [116.98059, 4.329556], [117.164662, 4.333147], [117.190397, 4.353017], [117.202696, 4.356066], [117.217165, 4.35343], [117.238663, 4.326869], [117.27556, 4.300979], [117.356588, 4.259509], [117.412915, 4.200081], [117.43648, 4.185611], [117.498388, 4.172615], [117.54221, 4.173829], [117.558333, 4.167654], [117.567149, 4.159654], [117.55859343487208, 4.153914155624004]], [[117.71834898639244, 4.150615447150246], [117.703608, 4.163415], [117.738071, 4.157242], [117.907039, 4.156683], [117.91100230679834, 4.14751068654956]]]}}, {"type": "Feature", "properties": {"a": "MYS", "b": "THA"}, "geometry": {"type": "LineString", "coordinates": [[100.12927352745979, 6.4324919573938955], [100.127289, 6.442288], [100.144357, 6.47958], [100.148491, 6.504488], [100.145701, 6.539524], [100.167198, 6.566138], [100.157173, 6.603526], [100.156088, 6.620579], [100.166836, 6.695122], [100.173296, 6.703416], [100.187559, 6.707964], [100.212363, 6.689179], [100.227505, 6.688869], [100.242646, 6.700264], [100.263316, 6.700006], [100.273962, 6.696259], [100.280783, 6.688921], [100.317887, 6.576706], [100.329204, 6.557766], [100.348789, 6.54061], [100.387391, 6.522084], [100.409664, 6.515262], [100.452349, 6.516864], [100.467231, 6.513221], [100.499168, 6.490303], [100.517409, 6.481905], [100.578439, 6.464258], [100.612649, 6.449168], [100.630684, 6.444776], [100.648409, 6.447153], [100.71285, 6.493041], [100.729954, 6.493197], [100.733882, 6.456377], [100.742305, 6.450124], [100.773259, 6.447308], [100.796307, 6.433949], [100.805609, 6.414803], [100.810725, 6.355763], [100.829018, 6.316256], [100.821525, 6.288765], [100.822145, 6.259877], [100.832997, 6.236675], [100.837338, 6.237191], [100.842816, 6.243935], [100.855115, 6.247914], [100.910099, 6.235796], [100.928909, 6.240628], [100.95516, 6.268637], [100.974281, 6.272616], [101.006475, 6.246364], [101.023063, 6.24099], [101.068952, 6.25086], [101.081664, 6.246467], [101.088279, 6.233522], [101.091018, 6.213162], [101.089157, 6.188848], [101.080011, 6.180347], [101.066885, 6.174327], [101.053449, 6.15761], [101.052519, 6.134562], [101.087142, 6.105597], [101.094273, 6.085754], [101.089002, 6.046609], [101.087452, 5.989687], [101.07877, 5.938166], [101.071122, 5.919846], [101.031848, 5.908917], [101.015312, 5.898349], [100.967718, 5.804117], [100.965289, 5.792412], [100.967201, 5.781018], [100.99862, 5.729548], [101.008387, 5.725672], [101.037326, 5.724587], [101.059805, 5.709575], [101.07877, 5.687768], [101.105435, 5.637642], [101.122179, 5.62989], [101.149981, 5.638649], [101.196851, 5.666813], [101.212302, 5.681515], [101.225015, 5.699214], [101.233593, 5.719419], [101.248993, 5.786986], [101.279688, 5.803032], [101.318962, 5.810086], [101.357565, 5.828405], [101.392653, 5.851091], [101.53466, 5.906023], [101.557914, 5.911346], [101.579308, 5.906333], [101.605147, 5.866103], [101.634085, 5.855587], [101.630778, 5.828405], [101.650363, 5.782646], [101.665918, 5.765592], [101.686692, 5.7612], [101.696614, 5.766264], [101.714752, 5.782904], [101.726793, 5.78647], [101.740022, 5.782361], [101.762863, 5.749547], [101.784154, 5.7381], [101.800483, 5.739909], [101.812266, 5.752544], [101.820224, 5.773731], [101.825495, 5.779829], [101.854744, 5.797658], [101.869213, 5.823858], [101.912931, 5.859308], [101.919288, 5.897574], [101.919753, 5.940259], [101.934739, 5.981729], [101.959388, 6.011598], [102.033441, 6.06839], [102.060002, 6.094797], [102.071268, 6.126656], [102.066656, 6.204748], [102.07309, 6.257514], [102.08234959944629, 6.250834463483989]]}}, {"type": "Feature", "properties": {"a": "MYS", "b": "BRN"}, "geometry": {"type": "MultiLineString", "coordinates": [[[113.98916926960086, 4.598446820439409], [113.99879, 4.601142], [114.064179, 4.570032], [114.118956, 4.561635], [114.14004, 4.550654], [114.1727, 4.525229], [114.20908, 4.50815], [114.216728, 4.48766], [114.245564, 4.481433], [114.252075, 4.460349], [114.268508, 4.437741], [114.276259, 4.409732], [114.276259, 4.381853], [114.289902, 4.361311], [114.296723, 4.316663], [114.293416, 4.307051], [114.276259, 4.289016], [114.278016, 4.274055], [114.282667, 4.264909], [114.316774, 4.262506], [114.360492, 4.253876], [114.40142, 4.261214], [114.41992, 4.260129], [114.432529, 4.246925], [114.453303, 4.183699], [114.477384, 4.144968], [114.540223, 4.086935], [114.569368, 4.064404], [114.586628, 4.021435], [114.627762, 4.016681], [114.674891, 4.04407], [114.766875, 4.131816], [114.774524, 4.146466], [114.780105, 4.187756], [114.787133, 4.207212], [114.809974, 4.241293], [114.817208, 4.259664], [114.813798, 4.277104], [114.782585, 4.264418], [114.781965, 4.284933], [114.787856, 4.294158], [114.818242, 4.323458], [114.828991, 4.340486], [114.836432, 4.357229], [114.84563, 4.395108], [114.847904, 4.423736], [114.840463, 4.42862], [114.825683, 4.426191], [114.806046, 4.433322], [114.788166, 4.461202], [114.782172, 4.497789], [114.777314, 4.614655], [114.773903, 4.636824], [114.768116, 4.657495], [114.741347, 4.712943], [114.741967, 4.729454], [114.751786, 4.738523], [114.788476, 4.753897], [114.805426, 4.764568], [114.837672, 4.795316], [114.855759, 4.806659], [114.878186, 4.812808], [114.932447, 4.809139], [114.948363, 4.818932], [114.954874, 4.834202], [114.958905, 4.866293], [114.9817, 4.889065], [114.99946622899473, 4.898524584385669]], [[115.01154739593353, 4.909707714838363], [115.015798, 4.916409], [115.01650309038045, 4.914293728858661]], [[115.02797627259493, 4.830473014685571], [115.029778, 4.820642], [115.022777, 4.741365], [115.026808, 4.660027], [115.03549, 4.621244], [115.068149, 4.543367], [115.079828, 4.503964], [115.091817, 4.405417], [115.099775, 4.391232], [115.113004, 4.382369], [115.169952, 4.361259], [115.190829, 4.356764], [115.220698, 4.359761], [115.255114, 4.339245], [115.274338, 4.34002], [115.324361, 4.314596], [115.346272, 4.313769], [115.360741, 4.329556], [115.358261, 4.350278], [115.343791, 4.371672], [115.308651, 4.404694], [115.285603, 4.435363], [115.272478, 4.474663], [115.266897, 4.516857], [115.267413, 4.556209], [115.277025, 4.613053], [115.272684, 4.636772], [115.207365, 4.825598], [115.182251, 4.861229], [115.155999, 4.876293], [115.146801, 4.88562], [115.146169, 4.908515], [115.15618091005912, 4.908221538151477]]]}}, {"type": "Feature", "properties": {"a": "IND", "b": "CHN"}, "geometry": {"type": "MultiLineString", "coordinates": [[[74.54809558113283, 37.01321954209574], [74.542354, 37.021669], [74.561784, 37.029679], [74.62607, 37.042753], [74.66245, 37.054484], [74.677953, 37.051693], [74.692216, 37.03588], [74.719191, 37.01645], [74.792571, 37.015158], [74.824507, 36.994125], [74.853239, 36.958985], [74.860887, 36.946893], [74.866779, 36.916559], [74.87236, 36.907102], [74.885796, 36.911443], [74.891997, 36.920977], [74.900782, 36.949916], [74.910497, 36.962551], [74.94233, 36.976995], [74.976849, 36.984281], [75.01447, 36.984488], [75.100149, 36.994125], [75.118546, 36.991232], [75.132809, 36.984695], [75.161231, 36.964205], [75.195131, 36.948883], [75.31347, 36.928755], [75.351297, 36.915784], [75.377962, 36.894287], [75.394498, 36.864263], [75.410518, 36.747319], [75.431912, 36.722928], [75.49258, 36.720705], [75.498885, 36.72763], [75.50798, 36.747629], [75.570508, 36.766749], [75.64978, 36.754037], [75.728741, 36.723186], [75.790547, 36.687839], [75.849768, 36.644741], [75.874779, 36.619471], [75.976582, 36.462633], [75.981083, 36.445444], [76.149284, 36.424548], [76.238995, 36.319903], [76.318576, 36.330083], [76.388856, 36.309774], [76.428647, 36.239546], [76.469265, 36.220013], [76.568277, 36.190402], [76.668943, 36.190402], [76.718759, 36.159913], [76.758653, 36.110045], [76.77891, 36.039817], [76.77891, 35.910264], [76.839061, 35.859518], [76.939004, 35.840036], [77.00856, 35.819727], [77.068608, 35.779936], [77.089589, 35.740197], [77.208961, 35.709656], [77.308903, 35.719785], [77.348591, 35.719785], [77.421351, 35.640151], [77.468894, 35.651882], [77.508685, 35.580155], [77.519608, 35.477439], [77.660613, 35.458095], [77.689655, 35.462694], [77.74743, 35.49432], [77.760349, 35.498093], [77.773578, 35.498971], [77.829492, 35.491788], [77.860291, 35.484088], [77.88985, 35.481763], [77.915171, 35.494165], [77.932018, 35.522691], [77.941216, 35.54672], [77.954755, 35.561706], [77.984521, 35.563257], [78.073301, 35.540209], [78.10162, 35.538297], [78.114849, 35.54455], [78.128802, 35.582997], [78.142341, 35.605786], [78.161875, 35.623615], [78.185542, 35.635965], [78.229364, 35.647489], [78.241043, 35.656791], [78.26099, 35.682784], [78.275769, 35.694722], [78.329926, 35.709243], [78.435243, 35.760971], [78.508934, 35.767895], [78.545314, 35.781125], [78.652284, 35.840914], [78.66479, 35.852541], [78.736543, 35.868057], [78.825264, 35.865212], [78.97143, 35.887434], [79.028084, 35.85237], [79.132534, 35.836217], [79.19405, 35.886924], [79.183621, 35.941322], [79.290075, 35.977288], [79.323664, 35.980027], [79.363662, 35.97517], [79.400249, 35.961992], [79.423916, 35.939823], [79.428257, 35.908507], [79.460819, 35.885767], [79.623335, 35.845651], [79.716357, 35.817181], [79.737537, 35.802009], [79.796442, 35.797246], [79.875561, 35.78496], [79.918553, 35.82225], [79.960285, 35.838863], [80.00452, 35.838928], [80.038239, 35.799762], [80.058235, 35.749937], [80.088493, 35.724689], [80.111073, 35.680006], [80.177905, 35.66695], [80.243571, 35.638661], [80.291504, 35.607418], [80.30597, 35.572721], [80.312246, 35.548964], [80.327118, 35.476874], [80.326316, 35.466782], [80.309434, 35.462806], [80.284419, 35.445521], [80.284045, 35.395973], [80.277714, 35.345234], [80.255494, 35.312678], [80.261281, 35.26989], [80.241832, 35.223158], [80.202574, 35.19085], [80.187958, 35.150638], [80.18325, 35.103181], [80.173845, 35.071917], [80.162606, 34.950875], [80.116557, 34.883931], [80.077907, 34.837333], [80.073872, 34.792275], [80.085582, 34.776586], [80.066358, 34.737416], [80.049718, 34.67313], [80.035249, 34.657472], [79.995768, 34.647499], [79.907298, 34.661865], [79.866783, 34.658041], [79.852107, 34.64445], [79.839292, 34.60006], [79.830713, 34.580836], [79.81335, 34.565385], [79.731495, 34.545076], [79.713615, 34.534844], [79.702142, 34.520349], [79.701729, 34.500298], [79.711444, 34.486449], [79.736766, 34.463324], [79.738006, 34.44472], [79.712684, 34.415316], [79.669586, 34.407436], [79.622871, 34.411983], [79.543599, 34.428675], [79.523032, 34.426091], [79.510319, 34.412164], [79.509493, 34.392165], [79.524686, 34.351522], [79.548353, 34.25065], [79.551557, 34.209567], [79.53285, 34.184168], [79.513937, 34.182979], [79.49802, 34.186416], [79.488202, 34.181894], [79.487272, 34.156728], [79.497814, 34.120192], [79.495023, 34.10593], [79.448514, 34.067508], [79.40552, 34.021904], [79.375961, 34.011413], [79.132255, 34.026477], [79.101662, 34.019992], [79.080992, 34.000096], [79.070656, 33.995497], [79.03934, 34.001957], [78.935057, 34.00715], [78.902811, 33.983172], [78.887515, 33.946456], [78.89754, 33.907466], [78.945393, 33.799824], [78.991281, 33.75192], [78.996139, 33.705463], [79.011332, 33.657998], [79.012779, 33.633685], [79.002547, 33.619344], [78.945393, 33.634124], [78.917384, 33.6334], [78.89599, 33.620094], [78.885241, 33.591775], [78.886895, 33.566893], [78.904052, 33.521598], [78.909839, 33.494236], [78.906015, 33.447985], [78.907566, 33.423542], [78.917694, 33.386258], [78.964986, 33.344254], [79.098028, 33.287655], [79.150213, 33.292555], [79.260061, 33.291776], [79.340307, 33.275132], [79.420084, 33.275169], [79.456096, 33.250399], [79.423475, 33.157825], [79.37317, 33.11214], [79.381063, 33.061768], [79.399273, 33.026878], [79.339787, 33.013257], [79.333586, 32.994292], [79.378462, 32.978881], [79.414089, 32.972053], [79.471089, 32.908959], [79.564093, 32.793928], [79.613913, 32.765035], [79.620673, 32.728725], [79.57617, 32.670646], [79.531201, 32.648317], [79.515741, 32.60812], [79.443497, 32.534773], [79.40682, 32.529683], [79.379477, 32.57645], [79.320466, 32.592267], [79.287412, 32.532579], [79.235608, 32.504296], [79.215247, 32.507914], [79.191166, 32.50427], [79.132875, 32.48546], [79.112928, 32.472386], [79.102902, 32.449855], [79.09174, 32.390556], [79.075307, 32.37079], [79.028178, 32.377095], [78.976192, 32.361618], [78.943429, 32.346373], [78.911286, 32.354745], [78.881521, 32.376268], [78.855682, 32.400452], [78.77145, 32.461663], [78.754707, 32.493806], [78.73693, 32.545792], [78.734966, 32.560649], [78.749126, 32.595867], [78.750986, 32.612791], [78.736827, 32.629844], [78.713262, 32.637518], [78.694452, 32.629663], [78.664893, 32.599019], [78.647736, 32.585971], [78.630166, 32.578013], [78.589859, 32.569925], [78.447542, 32.566256], [78.408165, 32.558376], [78.384807, 32.547549], [78.380983, 32.528041], [78.409198, 32.476623], [78.448782, 32.426782], [78.452193, 32.416782], [78.43638, 32.396163], [78.434519, 32.383761], [78.462735, 32.281803], [78.461391, 32.260151], [78.456327, 32.242116], [78.457981, 32.229662], [78.476481, 32.224417], [78.513068, 32.20757], [78.534978, 32.181344], [78.551825, 32.15039], [78.649287, 32.036444], [78.678329, 32.016755], [78.722151, 31.994586], [78.733829, 31.984664], [78.744578, 31.9642], [78.741994, 31.945338], [78.720187, 31.902912], [78.700343, 31.821676], [78.674091, 31.78695], [78.670887, 31.770517], [78.695589, 31.746694], [78.693212, 31.71853], [78.710472, 31.69817], [78.724011, 31.673313], [78.739824, 31.666027], [78.758117, 31.666595], [78.795324, 31.633781], [78.818889, 31.607374], [78.814031, 31.595023], [78.796978, 31.578849], [78.699516, 31.510016], [78.695382, 31.488105], [78.733003, 31.467744], [78.762561, 31.44511], [78.760081, 31.412037], [78.745508, 31.373538], [78.73848, 31.334988], [78.745095, 31.308116], [78.784472, 31.288272], [78.821989, 31.293698], [78.861987, 31.291476], [78.921008, 31.269685], [78.940282, 31.301576], [78.959552, 31.325117], [78.988801, 31.343256], [79.015529, 31.383397], [79.049937, 31.422953], [79.07021, 31.461381], [79.07799, 31.461664], [79.131397, 31.438433], [79.179218, 31.393796], [79.192442, 31.369789], [79.207628, 31.351373], [79.238319, 31.329656], [79.239239, 31.311724], [79.25411, 31.299006], [79.262024, 31.278513], [79.24843, 31.256704], [79.25286, 31.245437], [79.278316, 31.240044], [79.288321, 31.225474], [79.303209, 31.183104], [79.302162, 31.16345], [79.319417, 31.14228], [79.367048, 31.111559], [79.372343, 31.094072], [79.388363, 31.069474], [79.394978, 31.036711], [79.401592, 31.023637], [79.414408, 31.020382], [79.446344, 31.023792], [79.46164, 31.021105], [79.47642, 31.014025], [79.497607, 30.981211], [79.512697, 30.966173], [79.529646, 30.953564], [79.577809, 30.938371], [79.589488, 30.940231], [79.630312, 30.962504], [79.6885, 30.967413], [79.739039, 30.979247], [79.76064, 30.977232], [79.833504, 30.961522], [79.85035, 30.954494], [79.862856, 30.941523], [79.880426, 30.912843], [79.903164, 30.890209], [79.934893, 30.872535], [80.005586, 30.847266], [80.028634, 30.830781], [80.062534, 30.784789], [80.092196, 30.774505], [80.109249, 30.778122], [80.140669, 30.793212], [80.157102, 30.79316], [80.169297, 30.785254], [80.196066, 30.748098], [80.224591, 30.734094], [80.231412, 30.724947], [80.207021, 30.686138], [80.19989, 30.680712], [80.172915, 30.679162], [80.16661, 30.674408], [80.16692, 30.661902], [80.19989, 30.625884], [80.2033, 30.60635], [80.179839, 30.559479], [80.21622, 30.566818], [80.252806, 30.565009], [80.325877, 30.546509], [80.424992, 30.497829], [80.475429, 30.480466], [80.508295, 30.462328], [80.525141, 30.458607], [80.575267, 30.466255], [80.596351, 30.459796], [80.694743, 30.411737], [80.723062, 30.392048], [80.735361, 30.378199], [80.754998, 30.345797], [80.767194, 30.331431], [80.781663, 30.320993], [80.866981, 30.288488], [80.943772, 30.270143], [80.976018, 30.255209], [81.003303, 30.212731], [80.996017, 30.196969], [80.98608141646115, 30.195941233681012]], [[88.12799814567045, 27.8588473546533], [88.118218, 27.860885], [88.104885, 27.879721], [88.097496, 27.904008], [88.099924, 27.928322], [88.115737, 27.947262], [88.126693, 27.95044], [88.16297, 27.9469], [88.197851, 27.958295], [88.37877, 27.982634], [88.455768, 28.03152], [88.475405, 28.036248], [88.50207, 28.028885], [88.51716, 28.039582], [88.530802, 28.059012], [88.552817, 28.078055], [88.594003, 28.106606], [88.610488, 28.105831], [88.631675, 28.083352], [88.652035, 28.069399], [88.71012, 28.061983], [88.735648, 28.055265], [88.780141, 28.028342], [88.802931, 28.011005], [88.81771, 27.994881], [88.819674, 27.977337], [88.809752, 27.944497], [88.810682, 27.927857], [88.818899, 27.915196], [88.842773, 27.892407], [88.851558, 27.877163], [88.855072, 27.859179], [88.853884, 27.843676], [88.805669, 27.655109], [88.783087, 27.622036], [88.767377, 27.586198], [88.748154, 27.560128], [88.741022, 27.54571], [88.741642, 27.53168], [88.757559, 27.511448], [88.754355, 27.464216], [88.759781, 27.435071], [88.773578, 27.408509], [88.795386, 27.385926], [88.830836, 27.367323], [88.852023, 27.342363], [88.892331, 27.315543], [88.88978141428453, 27.305875434527962]], [[91.6183507048444, 27.852487627685115], [91.680131, 27.849823], [91.729871, 27.804136], [91.826589, 27.807627], [91.856373, 27.764539], [91.864914, 27.729988], [91.908736, 27.7319], [91.952247, 27.72482], [91.988898, 27.769398], [92.064878, 27.761721], [92.10616, 27.786081], [92.126294, 27.812722], [92.239568, 27.865277], [92.24918, 27.862642], [92.275225, 27.811689], [92.288764, 27.793085], [92.303854, 27.78616], [92.31729, 27.803679], [92.329175, 27.832928], [92.334653, 27.831274], [92.339821, 27.815564], [92.350053, 27.802542], [92.367933, 27.803834], [92.381058, 27.842462], [92.392841, 27.856027], [92.404416, 27.853831], [92.417335, 27.828948], [92.427567, 27.821171], [92.439039, 27.82329], [92.475109, 27.846596], [92.518151, 27.839468], [92.574977, 27.847806], [92.592912, 27.868193], [92.636468, 27.89537], [92.683674, 27.91045], [92.736392, 27.985909], [92.701349, 28.025241], [92.701349, 28.037825], [92.689257, 28.048315], [92.65422, 28.052087], [92.638924, 28.057487], [92.63727, 28.071983], [92.65484, 28.105831], [92.678611, 28.133064], [92.70786, 28.155414], [92.779174, 28.195903], [92.790232, 28.178901], [92.819895, 28.179263], [92.834777, 28.183526], [92.85028, 28.19195], [92.86537, 28.205205], [92.903817, 28.249698], [92.922007, 28.258638], [92.960351, 28.270214], [92.974924, 28.282306], [93.129828, 28.325962], [93.207825, 28.340539], [93.218073, 28.394647], [93.186286, 28.431995], [93.218838, 28.457436], [93.286972, 28.520517], [93.302843, 28.556921], [93.31717, 28.603463], [93.446213, 28.671894], [93.551736, 28.678948], [93.62553, 28.67236], [93.664908, 28.690239], [93.705525, 28.691893], [93.722475, 28.696647], [93.781744, 28.680504], [93.86308, 28.704871], [93.927786, 28.682752], [93.961093, 28.729943], [93.981591, 28.768131], [93.993136, 28.801887], [93.992019, 28.844649], [94.01145, 28.85302], [94.026849, 28.864182], [94.079474, 28.883072], [94.135396, 28.897788], [94.173658, 28.930164], [94.250183, 28.933107], [94.291389, 28.977256], [94.347311, 29.024349], [94.270786, 29.09793], [94.287505, 29.147938], [94.323782, 29.146026], [94.335771, 29.149617], [94.346313, 29.159074], [94.36254, 29.185326], [94.372875, 29.196307], [94.396439, 29.207081], [94.422381, 29.210492], [94.474987, 29.210802], [94.514778, 29.22106], [94.528628, 29.23124], [94.582681, 29.302915], [94.599941, 29.316635], [94.63043, 29.319452], [94.668464, 29.30661], [94.704224, 29.284699], [94.756417, 29.230517], [94.767683, 29.213851], [94.761482, 29.174706], [94.776571, 29.166696], [94.854086, 29.170004], [94.891293, 29.160495], [94.989065, 29.153984], [95.047666, 29.140806], [95.099032, 29.11378], [95.116912, 29.108095], [95.199698, 29.094246], [95.207863, 29.089595], [95.212824, 29.081869], [95.216338, 29.064997], [95.224916, 29.059364], [95.281553, 29.052672], [95.367406, 29.036496], [95.429824, 29.046525], [95.487577, 29.068994], [95.511307, 29.131789], [95.521435, 29.137861], [95.522675, 29.161193], [95.511927, 29.197547], [95.515337, 29.209433], [95.550167, 29.212482], [95.553785, 29.239043], [95.56443, 29.245606], [95.592335, 29.249689], [95.646697, 29.22835], [95.717165, 29.218284], [95.747365, 29.273651], [95.744781, 29.340432], [95.776407, 29.345548], [95.79594, 29.352886], [95.863134, 29.323985], [95.953735, 29.359219], [96.074536, 29.369286], [96.141966, 29.368467], [96.150957, 29.354075], [96.166047, 29.303174], [96.176279, 29.286456], [96.205424, 29.256949], [96.235293, 29.241214], [96.26785, 29.24173], [96.323247, 29.27501], [96.337096, 29.279713], [96.349912, 29.274235], [96.366241, 29.257233], [96.366862, 29.244211], [96.342367, 29.210647], [96.327484, 29.180442], [96.316425, 29.171864], [96.210075, 29.145767], [96.193642, 29.136931], [96.174625, 29.108845], [96.175954, 29.017354], [96.195323, 28.941106], [96.248588, 28.945343], [96.294655, 28.992324], [96.366568, 29.036537], [96.457605, 28.994588], [96.451198, 28.981385], [96.452128, 28.970378], [96.460086, 28.96335], [96.474659, 28.962058], [96.492229, 28.948002], [96.500394, 28.929243], [96.510832, 28.885525], [96.523751, 28.864415], [96.576668, 28.808527], [96.592584, 28.757884], [96.59801, 28.70991], [96.501044, 28.687631], [96.502375, 28.644476], [96.409019, 28.558929], [96.336459, 28.479667], [96.301852, 28.420711], [96.369644, 28.378116], [96.441127, 28.395416], [96.495226, 28.42147], [96.561518, 28.447293], [96.716924, 28.436539], [96.933959, 28.336618], [96.965791, 28.330468], [96.997417, 28.337083], [97.032971, 28.35703], [97.078446, 28.375143], [97.11555, 28.366564], [97.182729, 28.314991], [97.210531, 28.308092], [97.220763, 28.283391], [97.229651, 28.274606], [97.285255, 28.235668], [97.323496, 28.217478], [97.32534273590062, 28.207661385282336]]]}}, {"type": "Feature", "properties": {"a": "IND", "b": "BTN"}, "geometry": {"type": "LineString", "coordinates": [[88.8837944914917, 27.320735048768526], [88.892331, 27.315543], [88.884631, 27.286346], [88.861428, 27.270378], [88.801174, 27.256425], [88.775852, 27.240871], [88.754355, 27.212604], [88.738438, 27.179789], [88.730067, 27.150954], [88.805256, 27.113023], [88.827632, 27.097882], [88.840809, 27.075248], [88.845615, 27.049565], [88.845615, 26.994839], [88.851713, 26.945437], [88.867113, 26.964247], [88.88644, 26.978975], [88.906645, 26.981093], [88.924474, 26.961663], [88.926954, 26.949416], [88.9253, 26.929365], [88.932328, 26.919237], [88.942767, 26.913707], [88.954549, 26.912622], [88.975323, 26.921717], [88.996614, 26.922751], [89.021574, 26.912674], [89.04488, 26.897119], [89.060693, 26.881461], [89.082448, 26.836037], [89.096504, 26.821413], [89.128079, 26.813455], [89.184613, 26.810561], [89.212828, 26.813041], [89.240837, 26.819759], [89.273599, 26.843892], [89.300161, 26.844409], [89.341657, 26.854331], [89.407338, 26.813403], [89.442891, 26.797022], [89.50542, 26.803688], [89.546503, 26.797539], [89.586087, 26.784051], [89.611357, 26.765964], [89.613475, 26.748549], [89.597507, 26.720954], [89.609806, 26.712221], [89.628307, 26.712531], [89.66324, 26.725502], [89.685151, 26.724571], [89.738739, 26.703281], [89.760288, 26.70018], [89.800079, 26.70049], [89.817287, 26.696201], [89.825245, 26.707673], [89.829741, 26.72762], [89.834961, 26.731548], [89.850774, 26.723176], [89.890409, 26.714856], [89.912113, 26.716717], [89.975262, 26.731858], [90.089157, 26.741728], [90.127191, 26.751392], [90.152202, 26.771752], [90.17742, 26.832058], [90.210907, 26.851489], [90.265994, 26.851592], [90.284442, 26.85707], [90.328574, 26.890659], [90.348831, 26.896654], [90.382627, 26.891796], [90.475232, 26.83242], [90.587783, 26.780072], [90.717077, 26.767049], [91.007395, 26.782139], [91.062069, 26.804567], [91.127078, 26.800898], [91.198185, 26.802344], [91.232498, 26.795161], [91.27601, 26.774077], [91.296577, 26.774594], [91.330063, 26.785498], [91.345566, 26.794696], [91.358382, 26.806169], [91.388457, 26.858465], [91.406338, 26.869524], [91.420187, 26.871539], [91.460598, 26.869369], [91.475067, 26.865545], [91.507417, 26.808029], [91.520646, 26.79759], [91.539353, 26.79883], [91.57563, 26.810148], [91.593716, 26.810768], [91.637951, 26.798985], [91.653764, 26.797952], [91.702133, 26.803481], [91.731589, 26.816194], [91.795254, 26.853504], [91.825123, 26.858465], [91.843934, 26.84937], [91.852408, 26.818519], [91.863054, 26.804773], [91.87866, 26.803016], [91.886928, 26.814437], [91.885895, 26.83087], [91.874009, 26.844306], [91.895507, 26.853504], [91.89313, 26.881358], [91.908219, 26.885182], [91.925686, 26.878671], [91.957415, 26.854279], [91.975088, 26.846631], [92.03586, 26.854848], [92.072757, 26.887766], [92.083919, 26.937323], [92.066969, 26.994943], [92.049709, 27.026827], [91.999893, 27.071527], [91.987697, 27.104031], [91.987904, 27.122273], [91.995862, 27.158033], [92.002994, 27.172606], [92.027075, 27.19984], [92.03679, 27.236478], [92.050639, 27.251413], [92.081852, 27.275132], [92.088776, 27.29234], [92.023598, 27.44678], [91.975088, 27.472433], [91.900591, 27.45973], [91.856578, 27.466239], [91.779555, 27.456475], [91.727092, 27.459942], [91.704924, 27.468764], [91.657382, 27.479151], [91.641672, 27.494964], [91.632887, 27.511655], [91.604465, 27.532145], [91.59506, 27.546382], [91.573252, 27.619711], [91.579867, 27.657977], [91.626686, 27.716423], [91.634957, 27.746571], [91.63577, 27.782525], [91.605336, 27.810658], [91.566023, 27.821074], [91.564355, 27.851372], [91.6387535478213, 27.852116687542576]]}}, {"type": "Feature", "properties": {"a": "IND", "b": "MMR"}, "geometry": {"type": "LineString", "coordinates": [[97.31447271235952, 28.221770084469043], [97.323496, 28.217478], [97.328663, 28.190012], [97.298898, 28.12924], [97.292903, 28.095082], [97.306546, 28.069657], [97.355122, 28.023045], [97.362253, 27.994881], [97.340032, 27.951809], [97.335691, 27.935609], [97.338172, 27.901554], [97.333521, 27.894164], [97.292903, 27.87755], [97.288666, 27.884346], [97.288046, 27.897756], [97.276367, 27.910339], [97.260657, 27.912044], [97.241227, 27.907858], [97.222933, 27.899719], [97.182109, 27.857267], [97.131776, 27.816856], [97.106041, 27.805539], [97.092192, 27.785489], [97.072348, 27.779184], [97.06532, 27.773991], [97.060359, 27.750452], [97.056742, 27.746783], [97.004032, 27.734277], [96.990906, 27.726629], [96.957006, 27.688079], [96.883523, 27.636325], [96.87019, 27.61909], [96.862129, 27.599298], [96.862025, 27.578369], [96.877321, 27.553074], [96.888484, 27.507185], [96.890241, 27.492483], [96.877011, 27.463079], [96.881352, 27.444114], [96.905123, 27.408406], [97.067904, 27.2171], [97.101287, 27.183303], [97.104388, 27.156018], [97.129296, 27.13788], [97.134773, 27.127338], [97.119167, 27.087288], [97.106041, 27.082586], [97.077206, 27.096487], [97.038035, 27.08703], [97.02677, 27.091474], [97.002998, 27.114522], [96.865332, 27.171624], [96.842698, 27.188522], [96.841768, 27.204387], [96.859648, 27.240716], [96.853757, 27.248725], [96.821718, 27.273065], [96.809935, 27.285777], [96.789161, 27.317972], [96.776346, 27.330633], [96.758879, 27.341743], [96.724152, 27.356264], [96.705239, 27.36076], [96.687255, 27.361742], [96.675887, 27.357659], [96.659247, 27.341433], [96.649015, 27.336214], [96.636406, 27.335542], [96.614185, 27.348409], [96.5869, 27.353577], [96.576048, 27.345412], [96.56747, 27.328307], [96.547316, 27.306448], [96.510936, 27.292495], [96.490058, 27.290738], [96.474659, 27.295389], [96.407789, 27.29818], [96.142586, 27.25751], [96.074166, 27.229864], [96.013188, 27.190796], [95.974844, 27.142892], [95.938361, 27.079899], [95.91645, 27.051373], [95.888855, 27.027034], [95.861466, 27.014218], [95.804932, 27.004761], [95.777957, 26.995149], [95.734962, 26.947297], [95.699305, 26.896189], [95.686076, 26.89128], [95.639981, 26.886422], [95.624271, 26.880738], [95.613316, 26.867922], [95.591302, 26.823739], [95.574765, 26.816142], [95.531357, 26.820276], [95.489809, 26.810716], [95.462731, 26.777178], [95.439993, 26.735372], [95.410641, 26.701627], [95.392658, 26.691757], [95.31597, 26.669071], [95.260573, 26.647625], [95.239075, 26.649641], [95.223262, 26.670363], [95.204865, 26.667572], [95.195564, 26.660751], [95.173239, 26.633828], [95.141407, 26.624991], [95.122803, 26.611607], [95.119082, 26.604217], [95.114948, 26.562566], [95.109574, 26.5513], [95.099239, 26.536107], [95.069887, 26.506239], [95.054384, 26.494921], [95.040638, 26.475594], [95.042601, 26.459678], [95.061722, 26.426605], [95.066062, 26.407433], [95.064202, 26.392602], [95.050456, 26.359064], [95.043635, 26.327696], [95.041775, 26.287596], [95.046322, 26.24796], [95.058724, 26.217677], [95.066373, 26.211011], [95.090764, 26.202691], [95.094484, 26.195043], [95.078361, 26.171324], [95.08818, 26.104093], [95.101719, 26.093395], [95.137479, 26.082957], [95.150088, 26.070968], [95.151225, 26.049936], [95.139546, 26.029937], [95.065856, 25.953817], [95.049423, 25.943741], [95.012009, 25.931442], [95.00064, 25.922036], [94.994026, 25.900436], [94.993199, 25.880954], [95.013456, 25.777704], [95.015316, 25.755122], [95.008805, 25.737138], [94.999917, 25.731557], [94.969014, 25.725614], [94.961469, 25.717966], [94.871656, 25.598025], [94.853466, 25.586036], [94.852949, 25.580765], [94.86101, 25.571412], [94.860287, 25.567174], [94.850778, 25.562782], [94.831038, 25.562472], [94.822356, 25.559113], [94.782359, 25.504594], [94.764375, 25.491675], [94.711149, 25.482787], [94.692028, 25.476327], [94.659472, 25.455502], [94.630533, 25.42739], [94.608003, 25.394627], [94.550125, 25.245282], [94.553329, 25.204147], [94.576893, 25.173607], [94.612964, 25.161359], [94.653271, 25.154125], [94.689135, 25.138518], [94.706808, 25.109941], [94.713836, 25.068264], [94.708565, 25.02589], [94.673528, 24.974807], [94.654821, 24.889154], [94.639112, 24.862799], [94.599011, 24.813474], [94.589502, 24.74725], [94.581544, 24.73012], [94.569452, 24.716399], [94.555706, 24.708855], [94.516329, 24.704953], [94.507957, 24.689011], [94.48708, 24.620462], [94.474987, 24.597389], [94.430236, 24.570904], [94.418453, 24.560311], [94.410805, 24.545945], [94.397059, 24.495069], [94.370394, 24.477732], [94.363676, 24.46582], [94.361196, 24.425409], [94.352204, 24.413937], [94.328743, 24.394481], [94.330707, 24.362855], [94.29536, 24.332599], [94.289986, 24.31676], [94.282751, 24.266427], [94.233969, 24.160335], [94.222186, 24.122637], [94.214125, 24.069178], [94.199139, 24.048094], [94.19025, 23.995281], [94.144878, 23.938876], [94.13506, 23.919006], [94.13506, 23.877303], [94.131856, 23.856969], [94.11687, 23.841647], [94.099713, 23.842628], [94.071084, 23.876115], [94.055065, 23.887949], [93.997911, 23.916965], [93.94055, 23.928876], [93.912334, 23.939005], [93.883189, 23.94531], [93.803711, 23.936059], [93.782833, 23.945465], [93.743042, 23.995281], [93.711106, 24.005461], [93.660464, 24.011223], [93.612404, 24.009052], [93.588013, 23.995229], [93.581812, 23.979597], [93.571063, 23.968021], [93.561348, 23.965696], [93.549979, 23.978021], [93.543468, 23.980889], [93.495719, 23.959133], [93.474842, 23.957505], [93.456652, 23.95996], [93.449004, 23.968926], [93.439185, 23.995229], [93.3965, 24.037526], [93.368285, 24.07848], [93.348545, 24.088893], [93.32219, 24.080056], [93.309684, 24.063984], [93.302966, 24.041143], [93.302966, 23.995281], [93.316092, 23.961097], [93.337589, 23.928411], [93.355986, 23.906991], [93.35919, 23.890946], [93.35826, 23.855263], [93.374796, 23.739017], [93.406319, 23.719122], [93.425956, 23.690803], [93.430297, 23.680339], [93.432364, 23.647317], [93.400221, 23.454022], [93.399808, 23.426091], [93.407249, 23.347258], [93.384201, 23.313126], [93.377897, 23.296822], [93.37645, 23.279485], [93.380791, 23.237265], [93.372729, 23.169827], [93.3749, 23.129726], [93.333352, 23.052289], [93.318262, 23.03366], [93.298832, 23.01795], [93.272787, 23.00591], [93.246535, 23.004488], [93.225555, 23.020379], [93.212119, 23.039887], [93.196512, 23.053839], [93.177082, 23.058439], [93.152381, 23.049938], [93.140082, 23.031903], [93.138221, 23.005264], [93.143182, 22.977513], [93.151141, 22.956223], [93.171088, 22.920437], [93.177392, 22.900205], [93.175532, 22.881705], [93.161062, 22.860983], [93.125302, 22.821554], [93.115897, 22.798403], [93.112383, 22.799953], [93.079517, 22.77272], [93.070835, 22.69288], [93.073936, 22.671899], [93.081894, 22.65283], [93.104425, 22.615933], [93.110523, 22.596348], [93.109076, 22.574696], [93.098224, 22.535266], [93.099154, 22.51196], [93.117861, 22.462868], [93.153518, 22.427521], [93.16592, 22.386593], [93.173672, 22.259418], [93.169021, 22.246912], [93.123545, 22.230686], [93.123132, 22.218387], [93.141735, 22.187277], [93.119515, 22.180973], [93.090576, 22.197148], [93.072489, 22.20247], [93.045824, 22.206863], [93.024533, 22.201902], [93.022363, 22.196217], [93.02257, 22.120976], [93.025464, 22.112915], [92.995181, 22.103251], [92.985466, 22.095965], [92.967172, 22.062685], [92.965312, 22.04956], [92.977921, 22.016487], [92.979885, 22.002276], [92.978955, 21.995351], [92.968103, 21.987238], [92.955597, 21.989615], [92.937407, 22.013024], [92.920974, 22.021809], [92.906194, 22.017314], [92.889244, 21.966722], [92.877462, 21.957007], [92.867024, 21.966516], [92.853898, 22.024135], [92.836121, 22.046511], [92.771629, 22.104182], [92.708067, 22.147952], [92.683779, 22.154308], [92.67396, 22.147073], [92.671067, 22.133896], [92.67396, 22.095242], [92.669516, 22.092658], [92.662075, 22.094777], [92.656184, 22.075294], [92.658354, 22.032816], [92.650913, 22.019174], [92.639854, 22.013386], [92.615256, 22.008787], [92.597996, 21.989305], [92.583837, 21.980313], [92.575879, 21.977574], [92.57486610369817, 21.987801112055752]]}}, {"type": "Feature", "properties": {"a": "IND", "b": "BGD"}, "geometry": {"type": "MultiLineString", "coordinates": [[[92.58561524708247, 21.981251711804855], [92.575879, 21.977574], [92.559962, 22.061342], [92.537328, 22.128625], [92.549317, 22.138495], [92.5642, 22.13834], [92.575568, 22.143301], [92.577015, 22.168674], [92.517381, 22.51258], [92.500844, 22.560536], [92.502911, 22.618621], [92.495883, 22.695618], [92.491543, 22.71107], [92.480691, 22.726159], [92.453715, 22.747967], [92.442037, 22.762927], [92.435009, 22.793287], [92.426327, 22.87106], [92.411858, 22.887932], [92.378681, 22.900438], [92.359871, 22.926612], [92.352223, 22.960331], [92.35305, 23.029913], [92.327625, 23.171429], [92.328555, 23.211194], [92.332689, 23.226258], [92.357494, 23.278942], [92.356874, 23.289122], [92.347055, 23.315426], [92.348606, 23.354105], [92.326695, 23.375267], [92.325351, 23.403508], [92.301477, 23.431801], [92.296826, 23.44658], [92.291038, 23.495285], [92.252797, 23.609309], [92.250007, 23.642615], [92.261686, 23.685119], [92.259309, 23.706487], [92.238741, 23.716848], [92.222102, 23.707779], [92.209389, 23.661606], [92.1943, 23.648144], [92.180761, 23.665378], [92.170632, 23.703645], [92.150788, 23.731653], [92.108414, 23.718243], [92.059631, 23.659487], [92.042371, 23.64556], [92.019013, 23.640057], [92.00351, 23.647421], [91.961652, 23.691139], [91.936641, 23.72354], [91.922688, 23.722972], [91.916487, 23.709872], [91.91442, 23.688323], [91.915971, 23.65016], [91.942325, 23.53443], [91.940775, 23.495182], [91.918141, 23.459939], [91.905118, 23.446632], [91.889099, 23.435935], [91.833805, 23.413895], [91.817682, 23.400924], [91.791637, 23.368342], [91.762595, 23.321549], [91.743681, 23.272327], [91.749159, 23.232407], [91.763938, 23.200626], [91.779028, 23.131767], [91.795564, 23.089496], [91.791327, 23.080375], [91.776237, 23.06526], [91.760941, 23.065492], [91.75598, 23.061539], [91.75505, 23.048233], [91.738307, 23.024668], [91.706991, 22.995368], [91.694692, 22.988133], [91.646943, 22.976583], [91.625756, 22.981544], [91.616661, 22.978056], [91.602398, 22.952967], [91.586068, 22.944466], [91.576766, 22.968806], [91.536562, 22.981854], [91.523643, 22.995213], [91.519406, 23.005625], [91.518165, 23.035081], [91.503283, 23.044408], [91.498115, 23.069962], [91.470416, 23.153291], [91.463595, 23.184116], [91.446438, 23.197887], [91.446438, 23.215535], [91.439927, 23.223519], [91.436517, 23.214863], [91.413572, 23.248634], [91.394349, 23.262664], [91.372128, 23.261889], [91.360966, 23.247523], [91.355695, 23.224139], [91.355901, 23.179646], [91.374608, 23.095723], [91.370887, 23.062779], [91.337401, 23.071074], [91.313527, 23.101046], [91.300504, 23.142309], [91.27725, 23.303256], [91.265778, 23.329352], [91.287275, 23.355552], [91.283968, 23.361443], [91.270945, 23.364596], [91.25813, 23.373639], [91.247898, 23.393767], [91.22733, 23.468775], [91.220819, 23.477896], [91.195084, 23.495182], [91.185886, 23.511563], [91.169866, 23.561974], [91.140824, 23.6121], [91.136276, 23.629515], [91.139687, 23.65357], [91.166456, 23.654087], [91.175241, 23.670313], [91.168936, 23.685377], [91.136587, 23.69889], [91.132349, 23.720646], [91.141754, 23.739896], [91.157567, 23.744986], [91.176584, 23.746536], [91.194981, 23.755166], [91.205213, 23.771573], [91.225263, 23.826144], [91.228157, 23.84498], [91.212758, 23.88074], [91.211931, 23.89446], [91.216272, 23.908387], [91.250378, 23.964042], [91.274149, 23.988227], [91.291616, 23.994816], [91.327066, 23.987865], [91.339055, 23.995229], [91.349287, 24.036053], [91.350837, 24.074242], [91.363033, 24.099848], [91.404581, 24.103129], [91.480442, 24.088014], [91.517545, 24.085198], [91.55868, 24.089668], [91.581831, 24.096101], [91.596507, 24.10499], [91.606015, 24.118865], [91.613767, 24.140104], [91.624515, 24.203459], [91.629063, 24.215319], [91.639502, 24.211702], [91.666167, 24.155917], [91.68415, 24.145478], [91.703684, 24.142946], [91.72115, 24.148992], [91.732623, 24.164314], [91.732002, 24.181678], [91.723011, 24.220977], [91.732933, 24.234284], [91.807037, 24.221133], [91.813755, 24.183124], [91.844244, 24.155323], [91.864501, 24.150594], [91.87711, 24.158036], [91.884345, 24.175554], [91.905945, 24.260639], [91.906875, 24.280354], [91.896437, 24.320119], [91.899847, 24.33805], [91.921862, 24.34451], [91.953074, 24.322987], [91.972194, 24.316062], [91.971368, 24.329679], [91.948837, 24.363527], [91.949974, 24.375387], [92.033379, 24.36885], [92.062732, 24.37102], [92.08826, 24.38164], [92.107587, 24.405979], [92.111204, 24.434298], [92.105933, 24.49525], [92.110894, 24.514293], [92.153165, 24.544549], [92.163604, 24.5592], [92.182931, 24.647256], [92.233781, 24.777533], [92.236881, 24.80859], [92.235021, 24.824765], [92.217658, 24.874581], [92.223032, 24.891376], [92.252177, 24.902977], [92.290418, 24.891298], [92.358321, 24.853652], [92.363592, 24.841017], [92.380748, 24.836702], [92.477693, 24.86391], [92.491543, 24.883728], [92.49454, 24.894864], [92.491336, 24.912279], [92.483791, 24.928221], [92.474386, 24.93667], [92.449788, 24.946437], [92.458056, 24.953284], [92.454026, 24.958116], [92.412478, 24.984083], [92.412271, 24.987391], [92.38695, 24.99509], [92.381058, 25.023435], [92.328142, 25.048007], [92.312122, 25.0686], [92.303544, 25.074285], [92.233677, 25.084956], [92.208046, 25.098107], [92.172699, 25.131955], [92.164741, 25.133557], [92.150995, 25.129733], [92.138593, 25.1364], [92.116165, 25.139449], [92.092911, 25.164718], [92.066039, 25.174537], [92.033999, 25.181668], [92.001753, 25.18296], [91.956278, 25.169783], [91.900571, 25.177586], [91.793704, 25.165338], [91.745335, 25.169369], [91.730142, 25.167457], [91.710712, 25.144668], [91.688904, 25.152988], [91.677432, 25.152626], [91.672264, 25.136503], [91.662033, 25.127201], [91.638675, 25.124049], [91.596197, 25.128907], [91.580177, 25.140895], [91.566121, 25.159964], [91.548758, 25.161101], [91.523436, 25.145185], [91.480752, 25.135263], [91.431866, 25.13795], [91.283968, 25.178981], [91.235702, 25.201925], [91.224953, 25.201615], [91.203146, 25.191332], [91.190847, 25.189471], [91.135346, 25.191228], [90.975149, 25.167819], [90.94342, 25.157432], [90.82198, 25.142291], [90.793972, 25.145391], [90.753974, 25.167561], [90.737955, 25.169421], [90.722038, 25.156605], [90.707672, 25.152988], [90.670568, 25.158776], [90.637599, 25.171075], [90.62344, 25.171436], [90.583339, 25.162031], [90.50138, 25.168801], [90.399784, 25.149009], [90.364644, 25.149991], [90.286923, 25.180066], [90.130085, 25.211589], [89.908134, 25.296907], [89.870204, 25.295563], [89.834599, 25.282437], [89.819044, 25.284969], [89.807365, 25.304503], [89.798529, 25.340056], [89.795015, 25.374163], [89.800699, 25.412869], [89.82323, 25.489143], [89.82509, 25.564487], [89.834392, 25.634767], [89.824212, 25.674093], [89.801526, 25.724684], [89.783129, 25.814446], [89.786953, 25.839147], [89.830051, 25.90798], [89.834392, 25.931752], [89.826434, 25.937488], [89.810724, 25.93878], [89.792017, 25.949115], [89.811551, 25.955213], [89.825607, 25.965703], [89.828656, 25.979397], [89.814135, 25.99614], [89.795531, 25.98596], [89.789434, 25.987976], [89.755844, 26.032417], [89.750211, 26.041564], [89.749849, 26.083887], [89.728766, 26.114169], [89.718482, 26.145537], [89.706545, 26.154167], [89.670371, 26.154115], [89.655798, 26.161298], [89.658382, 26.207859], [89.653008, 26.22269], [89.634921, 26.225842], [89.61332, 26.219383], [89.606396, 26.211011], [89.608463, 26.180677], [89.615284, 26.169101], [89.614406, 26.164192], [89.586759, 26.169205], [89.573426, 26.16073], [89.562781, 26.142591], [89.569395, 26.130086], [89.585777, 26.122903], [89.604225, 26.120732], [89.566915, 26.098977], [89.567018, 26.087091], [89.57694, 26.082647], [89.603864, 26.084662], [89.611357, 26.072208], [89.602882, 26.055258], [89.559163, 26.022237], [89.550689, 25.995055], [89.549087, 25.968855], [89.541697, 25.959709], [89.528416, 25.957125], [89.518184, 25.962086], [89.495343, 25.995055], [89.485628, 25.998724], [89.411266, 25.993195], [89.406615, 25.995055], [89.391422, 26.015467], [89.379743, 26.015312], [89.351476, 25.996864], [89.335301, 25.998569], [89.296906, 26.018155], [89.272979, 26.043476], [89.237633, 26.0581], [89.229261, 26.067196], [89.22306, 26.086574], [89.212621, 26.098977], [89.197842, 26.10771], [89.131593, 26.133755], [89.11919, 26.146622], [89.111697, 26.164502], [89.103377, 26.22517], [89.075885, 26.271059], [89.069426, 26.287389], [89.068857, 26.314261], [89.08033, 26.315604], [89.094799, 26.309506], [89.103532, 26.313692], [89.102912, 26.327335], [89.095729, 26.334518], [89.055215, 26.347023], [89.054078, 26.353948], [89.057282, 26.36263], [89.052631, 26.374619], [89.043743, 26.381078], [89.010877, 26.390173], [88.986537, 26.412704], [88.950157, 26.43694], [88.94101, 26.439421], [88.924577, 26.432135], [88.911968, 26.421231], [88.899462, 26.404488], [88.891246, 26.385781], [88.891866, 26.368779], [88.912433, 26.348935], [88.941217, 26.340099], [88.966021, 26.328472], [88.975323, 26.299946], [88.981731, 26.291833], [88.989689, 26.289404], [89.007983, 26.297156], [89.004365, 26.27571], [89.0116, 26.269199], [89.034338, 26.265788], [89.039712, 26.247185], [89.019455, 26.234472], [88.975323, 26.224344], [88.946849, 26.232922], [88.902718, 26.272919], [88.875794, 26.277364], [88.855641, 26.265116], [88.840654, 26.232043], [88.824841, 26.226566], [88.807995, 26.233439], [88.784017, 26.279947], [88.747947, 26.292505], [88.663404, 26.264444], [88.645834, 26.27602], [88.653276, 26.2831], [88.690121, 26.299843], [88.702988, 26.309661], [88.712238, 26.328265], [88.709706, 26.340616], [88.673378, 26.360718], [88.667435, 26.368159], [88.66852, 26.385729], [88.652242, 26.391517], [88.649865, 26.39839], [88.656273, 26.415133], [88.633018, 26.420094], [88.611521, 26.430843], [88.591161, 26.461228], [88.579172, 26.466034], [88.549768, 26.466654], [88.526823, 26.475388], [88.506825, 26.487635], [88.462383, 26.528821], [88.411016, 26.545099], [88.397891, 26.55869], [88.394377, 26.618015], [88.385282, 26.623544], [88.372518, 26.611607], [88.352829, 26.578689], [88.332365, 26.514662], [88.313865, 26.481537], [88.315105, 26.465052], [88.322546, 26.451772], [88.335621, 26.448206], [88.34022, 26.454149], [88.34301, 26.477196], [88.346524, 26.484018], [88.353552, 26.484586], [88.37691, 26.475336], [88.434581, 26.465156], [88.461143, 26.45389], [88.475405, 26.432031], [88.495456, 26.378081], [88.497626, 26.352708], [88.475405, 26.355808], [88.448637, 26.353431], [88.431687, 26.362216], [88.413807, 26.340202], [88.366781, 26.313434], [88.351692, 26.30098], [88.336602, 26.281808], [88.332933, 26.267235], [88.334535, 26.230803], [88.326267, 26.21592], [88.308697, 26.206102], [88.218884, 26.18016], [88.196921, 26.159645], [88.163796, 26.140473], [88.155632, 26.128484], [88.139922, 26.085334], [88.141162, 26.075464], [88.156407, 26.061408], [88.157905, 26.050452], [88.151032, 26.031332], [88.125866, 26.0134], [88.106539, 25.979966], [88.088039, 25.923225], [88.074396, 25.908135], [88.082044, 25.863849], [88.088969, 25.848656], [88.087574, 25.830983], [88.103335, 25.814808], [88.114911, 25.787264], [88.127726, 25.774914], [88.146433, 25.77574], [88.18271, 25.792432], [88.227462, 25.804266], [88.259915, 25.789021], [88.320273, 25.725253], [88.392981, 25.680759], [88.41944, 25.653784], [88.423781, 25.592237], [88.437785, 25.579835], [88.475405, 25.562575], [88.485586, 25.542628], [88.512767, 25.523714], [88.520467, 25.509297], [88.530286, 25.500202], [88.550956, 25.496481], [88.593589, 25.495086], [88.645421, 25.467336], [88.66635, 25.462891], [88.67808, 25.465889], [88.706192, 25.491675], [88.732651, 25.491003], [88.742572, 25.495189], [88.741952, 25.512759], [88.772338, 25.501959], [88.805824, 25.471676], [88.814919, 25.458602], [88.816315, 25.437208], [88.799313, 25.401706], [88.799623, 25.395609], [88.810372, 25.388426], [88.81833, 25.359642], [88.841998, 25.332822], [88.849026, 25.327189], [88.880187, 25.323468], [88.902873, 25.303418], [88.926489, 25.300472], [88.975323, 25.302643], [88.982713, 25.294478], [88.984935, 25.284969], [88.982351, 25.274892], [88.975323, 25.265229], [88.937754, 25.240166], [88.929073, 25.229417], [88.930778, 25.202649], [88.927884, 25.192727], [88.909642, 25.189161], [88.924163, 25.167871], [88.898635, 25.169318], [88.81709, 25.196809], [88.809132, 25.195259], [88.802517, 25.188128], [88.792337, 25.166579], [88.784224, 25.160946], [88.724537, 25.166475], [88.664593, 25.186888], [88.634259, 25.192262], [88.599119, 25.19314], [88.590127, 25.190143], [88.570697, 25.173245], [88.55938, 25.170764], [88.475405, 25.195104], [88.441299, 25.18973], [88.43148, 25.173038], [88.434168, 25.116659], [88.425796, 25.051056], [88.414117, 25.021523], [88.391018, 24.99509], [88.387865, 24.968761], [88.37567, 24.94561], [88.340892, 24.90414], [88.322753, 24.874684], [88.313606, 24.868302], [88.242758, 24.880601], [88.24188, 24.898766], [88.232836, 24.918273], [88.21878, 24.935146], [88.20245, 24.9453], [88.18302, 24.94698], [88.16452, 24.941114], [88.114911, 24.916413], [88.138062, 24.863496], [88.140955, 24.844583], [88.117391, 24.819261], [88.107779, 24.801097], [88.094808, 24.803112], [88.088245, 24.796136], [88.084008, 24.770453], [88.07698, 24.761177], [88.053209, 24.754976], [88.048455, 24.711206], [88.035432, 24.693817], [88.027164, 24.67573], [88.02179, 24.645603], [88.05724, 24.634105], [88.067265, 24.613667], [88.081838, 24.599869], [88.08499, 24.593875], [88.086023, 24.53672], [88.098787, 24.522484], [88.10995, 24.500986], [88.138785, 24.49525], [88.401301, 24.369418], [88.475405, 24.315468], [88.49835, 24.310972], [88.5631, 24.308207], [88.612451, 24.292885], [88.634517, 24.294125], [88.649503, 24.315364], [88.660149, 24.338257], [88.681801, 24.33389], [88.714564, 24.315416], [88.737508, 24.287097], [88.743038, 24.247539], [88.749807, 24.223251], [88.746397, 24.214079], [88.731617, 24.189842], [88.69379, 24.175321], [88.683765, 24.166536], [88.67808, 24.154289], [88.68299, 24.124291], [88.674101, 24.08264], [88.67901, 24.071219], [88.697821, 24.056259], [88.700921, 24.04365], [88.725002, 24.038379], [88.725468, 24.028896], [88.701593, 23.995281], [88.714357, 23.964404], [88.717148, 23.943139], [88.71415, 23.925156], [88.653121, 23.869784], [88.633949, 23.866141], [88.593589, 23.866916], [88.577621, 23.85516], [88.574366, 23.845626], [88.577518, 23.818521], [88.552713, 23.774984], [88.552507, 23.765424], [88.561188, 23.741007], [88.540104, 23.649953], [88.541551, 23.638765], [88.566356, 23.62874], [88.561705, 23.602023], [88.57142, 23.592334], [88.581549, 23.588329], [88.609247, 23.588794], [88.624233, 23.573859], [88.647643, 23.535076], [88.664489, 23.518307], [88.704642, 23.495182], [88.719421, 23.468104], [88.731927, 23.472625], [88.743709, 23.489317], [88.756835, 23.498799], [88.770168, 23.488826], [88.767894, 23.467277], [88.719266, 23.348292], [88.69503, 23.312609], [88.685935, 23.293308], [88.686607, 23.271604], [88.69658, 23.252354], [88.710016, 23.241218], [88.775697, 23.221633], [88.786187, 23.221529], [88.809545, 23.236051], [88.822671, 23.237963], [88.918066, 23.208584], [88.954239, 23.207422], [88.959975, 23.202693], [88.95982, 23.194451], [88.954704, 23.183806], [88.919099, 23.153859], [88.864787, 23.100271], [88.8513, 23.07513], [88.848716, 23.023841], [88.839414, 22.995368], [88.838794, 22.975808], [88.842773, 22.964568], [88.872177, 22.926767], [88.893468, 22.879638], [88.905147, 22.866435], [88.933103, 22.858115], [88.944524, 22.848012], [88.946798, 22.834525], [88.945144, 22.815094], [88.936876, 22.782331], [88.914965, 22.7544], [88.908144, 22.740784], [88.910573, 22.722593], [88.92251, 22.693706], [88.930003, 22.658618], [88.942354, 22.637482], [88.952017, 22.611903], [88.95641, 22.584979], [88.950312, 22.561983], [88.927988, 22.548134], [88.959045, 22.536817], [88.970982, 22.527928], [88.979974, 22.490928], [88.998371, 22.451241], [89.002505, 22.427986], [88.99217, 22.406954], [88.989586, 22.386903], [89.001523, 22.333677], [89.023537, 22.294816], [89.00912, 22.285618], [89.018628, 22.264689], [89.062295, 22.211565], [89.076196, 22.17503], [89.078159, 22.150845], [89.060395, 22.129869], [89.05140464532076, 22.134247839250655]], [[89.05246786088355, 22.04656655147927], [89.05411729854204, 22.043385545038856]]]}}, {"type": "Feature", "properties": {"a": "IND", "b": "AFG"}, "geometry": {"type": "LineString", "coordinates": [[73.7104081357214, 36.88418294482587], [73.711842, 36.894139], [73.772892, 36.892013], [73.834077, 36.882866], [73.865083, 36.872582], [73.946938, 36.83088], [74.006366, 36.815738], [74.035305, 36.815583], [74.094319, 36.831241], [74.103931, 36.841318], [74.108789, 36.875631], [74.1153, 36.889532], [74.129666, 36.898421], [74.145996, 36.901702], [74.211728, 36.895139], [74.235706, 36.902167], [74.284592, 36.934232], [74.368101, 36.976762], [74.394043, 36.994022], [74.43559, 37.003221], [74.456984, 37.004383], [74.480342, 36.996916], [74.501736, 36.972421], [74.521373, 36.958495], [74.537393, 36.962241], [74.549279, 37.008931], [74.542354, 37.021669], [74.5520634172042, 37.02567169849746]]}}, {"type": "Feature", "properties": {"a": "IND", "b": "NPL"}, "geometry": {"type": "LineString", "coordinates": [[81.00020950946293, 30.206038768618555], [80.996017, 30.196969], [80.920827, 30.17666], [80.903309, 30.180433], [80.883879, 30.210405], [80.867911, 30.200173], [80.83644, 30.170046], [80.849669, 30.143381], [80.829825, 30.117129], [80.769674, 30.077287], [80.755721, 30.064574], [80.725749, 30.022768], [80.715827, 30.013311], [80.680171, 29.992072], [80.641413, 29.963444], [80.622293, 29.958173], [80.586223, 29.954142], [80.57134, 29.946855], [80.549533, 29.89368], [80.527312, 29.862416], [80.476152, 29.80614], [80.454861, 29.790586], [80.395227, 29.776582], [80.368975, 29.757926], [80.354299, 29.730279], [80.354402, 29.70488], [80.386752, 29.626823], [80.385201, 29.604835], [80.373316, 29.58419], [80.350785, 29.562073], [80.327221, 29.548585], [80.323603, 29.54166], [80.327221, 29.52484], [80.320089, 29.515822], [80.266242, 29.47213], [80.263452, 29.459237], [80.257457, 29.450064], [80.228312, 29.441718], [80.217666, 29.434639], [80.213739, 29.416888], [80.220974, 29.400119], [80.242161, 29.367408], [80.249499, 29.326997], [80.254977, 29.316635], [80.272754, 29.315705], [80.280092, 29.31015], [80.282779, 29.291314], [80.278748, 29.268085], [80.258181, 29.202456], [80.248672, 29.204394], [80.236063, 29.213076], [80.218803, 29.211086], [80.213739, 29.196565], [80.230482, 29.154733], [80.233066, 29.139308], [80.220664, 29.126079], [80.20144, 29.121169], [80.16351, 29.123366], [80.132607, 29.110214], [80.113073, 29.072206], [80.104702, 29.027609], [80.107906, 28.994588], [80.099431, 28.977276], [80.052922, 28.949113], [80.04052, 28.932809], [80.033905, 28.915936], [80.030288, 28.87767], [80.036386, 28.837026], [80.054782, 28.824185], [80.081861, 28.819353], [80.11421, 28.802584], [80.147593, 28.76331], [80.162063, 28.753285], [80.216426, 28.741942], [80.233273, 28.732718], [80.257044, 28.702745], [80.283399, 28.695356], [80.291047, 28.689671], [80.318332, 28.640113], [80.329701, 28.627479], [80.349751, 28.620218], [80.388302, 28.627246], [80.408352, 28.626342], [80.426543, 28.616807], [80.468814, 28.571849], [80.488451, 28.562444], [80.493412, 28.575647], [80.484937, 28.639287], [80.487624, 28.656469], [80.497546, 28.670137], [80.517596, 28.680033], [80.555837, 28.678948], [80.559041, 28.673031], [80.556871, 28.655022], [80.563589, 28.647038], [80.598522, 28.633783], [80.635625, 28.627866], [80.648338, 28.619753], [80.668182, 28.586344], [80.67862, 28.574717], [80.727093, 28.559679], [80.743526, 28.549964], [80.781663, 28.514746], [80.798406, 28.505703], [80.81701, 28.502551], [80.857989, 28.502447], [80.872252, 28.496866], [80.880365, 28.48188], [80.88667, 28.452786], [80.905273, 28.440849], [80.941188, 28.432684], [80.960515, 28.432271], [80.976018, 28.436922], [80.9878, 28.430979], [80.993175, 28.407828], [81.000409, 28.397002], [81.146344, 28.372249], [81.169701, 28.361319], [81.190372, 28.338116], [81.210732, 28.278637], [81.224323, 28.250783], [81.282356, 28.191588], [81.295947, 28.167455], [81.280754, 28.161977], [81.276775, 28.153787], [81.283079, 28.146087], [81.299409, 28.142521], [81.296205, 28.12831], [81.307057, 28.123814], [81.323697, 28.126243], [81.338115, 28.132728], [81.357907, 28.165982], [81.373203, 28.167843], [81.396044, 28.160634], [81.417335, 28.147017], [81.435267, 28.129783], [81.448237, 28.111412], [81.458211, 28.07728], [81.473455, 28.066402], [81.561925, 28.025991], [81.582183, 28.013278], [81.595102, 27.994881], [81.615049, 27.981239], [81.688946, 27.963204], [81.710392, 27.94752], [81.750131, 27.909667], [81.855654, 27.850937], [81.883198, 27.849051], [81.906091, 27.863107], [81.946398, 27.905352], [81.975905, 27.916953], [82.02722, 27.912406], [82.051611, 27.905171], [82.090369, 27.872331], [82.151037, 27.848275], [82.270409, 27.760477], [82.347924, 27.726009], [82.401926, 27.677175], [82.440683, 27.666426], [82.526156, 27.675211], [82.652143, 27.70415], [82.679687, 27.694409], [82.69705, 27.669397], [82.709246, 27.630924], [82.718857, 27.556123], [82.72971, 27.518166], [82.752137, 27.494964], [82.876264, 27.487548], [82.901275, 27.480365], [82.947164, 27.457317], [83.010468, 27.443391], [83.132786, 27.444217], [83.169631, 27.431195], [83.21924, 27.393781], [83.231591, 27.381224], [83.249419, 27.348099], [83.259496, 27.338126], [83.282441, 27.330943], [83.304868, 27.331925], [83.32435, 27.341691], [83.341145, 27.356936], [83.362746, 27.385616], [83.369567, 27.398174], [83.370962, 27.410214], [83.355821, 27.428663], [83.353857, 27.44029], [83.355925, 27.452486], [83.360989, 27.462201], [83.387034, 27.470469], [83.480981, 27.469746], [83.590432, 27.45662], [83.663399, 27.43228], [83.801995, 27.365928], [83.847988, 27.351045], [83.854602, 27.34505], [83.861733, 27.354507], [83.877391, 27.361742], [83.87765, 27.369907], [83.87119, 27.38944], [83.842717, 27.418069], [83.834087, 27.434037], [83.853517, 27.440962], [83.899871, 27.443856], [83.923022, 27.449954], [83.975835, 27.439722], [84.007668, 27.440807], [84.028907, 27.453726], [84.079601, 27.509536], [84.099548, 27.516874], [84.11717, 27.513283], [84.121563, 27.494964], [84.141716, 27.480753], [84.165746, 27.472174], [84.175099, 27.462976], [84.185848, 27.438636], [84.195253, 27.436053], [84.225536, 27.440393], [84.239023, 27.431143], [84.248893, 27.412436], [84.267703, 27.388562], [84.289408, 27.376108], [84.577039, 27.329031], [84.606546, 27.310479], [84.631919, 27.277044], [84.648197, 27.240716], [84.657654, 27.203405], [84.659824, 27.165113], [84.654398, 27.125374], [84.630369, 27.080829], [84.62148, 27.057988], [84.627268, 27.03649], [84.640239, 27.028377], [84.760697, 26.999025], [84.771962, 26.99918], [84.785501, 27.008482], [84.801934, 27.013753], [84.817489, 27.0106], [84.828134, 26.994943], [84.851751, 26.982127], [84.901567, 26.967192], [84.924046, 26.955668], [84.938567, 26.9366], [84.952726, 26.897636], [84.975774, 26.886887], [85.000837, 26.882236], [85.018045, 26.874433], [85.018562, 26.845804], [85.043987, 26.843737], [85.100211, 26.863529], [85.122845, 26.8657], [85.162016, 26.851024], [85.165685, 26.786273], [85.194934, 26.758885], [85.28728, 26.736974], [85.302369, 26.737336], [85.337044, 26.746792], [85.353219, 26.757593], [85.385878, 26.788444], [85.421535, 26.782656], [85.439622, 26.78772], [85.519462, 26.826426], [85.598578, 26.854383], [85.609379, 26.851024], [85.687772, 26.811853], [85.701828, 26.796608], [85.709631, 26.76245], [85.702241, 26.68845], [85.712887, 26.653206], [85.727046, 26.6376], [85.780996, 26.599204], [85.789988, 26.597034], [85.809728, 26.603028], [85.817635, 26.596724], [85.821614, 26.571713], [85.828538, 26.566131], [85.844765, 26.568509], [85.866366, 26.579929], [85.934682, 26.632897], [85.952148, 26.642044], [85.975713, 26.64437], [86.01137, 26.654447], [86.041704, 26.645455], [86.115859, 26.602563], [86.152653, 26.600651], [86.167794, 26.596621], [86.185364, 26.584425], [86.195855, 26.582668], [86.225155, 26.597396], [86.263086, 26.609075], [86.284428, 26.61202], [86.301378, 26.609023], [86.308613, 26.60215], [86.309026, 26.587991], [86.316002, 26.580963], [86.353674, 26.582616], [86.383647, 26.572849], [86.444832, 26.543084], [86.494906, 26.527839], [86.510616, 26.520139], [86.537746, 26.49487], [86.5579, 26.484018], [86.625337, 26.456319], [86.695204, 26.418234], [86.713601, 26.414565], [86.724091, 26.421954], [86.738199, 26.44371], [86.751893, 26.445519], [86.796438, 26.431514], [86.821863, 26.438129], [86.846357, 26.45265], [86.865684, 26.472442], [86.875968, 26.494921], [86.907129, 26.51151], [86.972448, 26.531973], [87.029912, 26.579774], [87.041333, 26.580187], [87.045002, 26.544272], [87.056474, 26.494921], [87.066706, 26.465621], [87.083294, 26.432083], [87.10629, 26.404746], [87.135022, 26.394204], [87.188455, 26.399578], [87.2191, 26.408105], [87.229435, 26.398752], [87.2453, 26.370226], [87.30049, 26.34599], [87.314029, 26.343768], [87.326225, 26.353328], [87.344932, 26.389346], [87.356404, 26.403712], [87.384206, 26.418647], [87.416452, 26.426967], [87.449628, 26.428621], [87.480324, 26.423401], [87.552051, 26.386711], [87.586984, 26.378029], [87.623984, 26.392912], [87.659641, 26.41751], [87.68119, 26.424228], [87.710904, 26.405676], [87.727544, 26.403764], [87.74222, 26.410482], [87.756173, 26.446914], [87.768988, 26.451461], [87.804439, 26.437354], [87.821595, 26.437509], [87.852084, 26.46066], [87.869809, 26.464639], [87.870688, 26.460712], [87.897301, 26.443452], [87.914768, 26.40826], [87.928979, 26.396426], [87.961225, 26.378959], [87.975488, 26.366557], [88.006648, 26.369864], [88.044321, 26.405676], [88.074189, 26.453942], [88.082251, 26.49487], [88.079822, 26.517556], [88.101681, 26.581944], [88.14664, 26.661216], [88.163383, 26.705141], [88.167517, 26.725037], [88.167827, 26.762915], [88.159042, 26.802551], [88.151394, 26.862806], [88.12044, 26.90885], [88.096824, 26.959337], [88.076877, 26.99179], [88.055948, 27.018042], [88.042822, 27.028946], [88.009491, 27.045637], [87.9913, 27.081501], [87.975488, 27.095143], [87.969183, 27.110801], [87.985461, 27.14837], [87.989337, 27.218391], [88.029024, 27.298076], [88.035122, 27.322571], [88.032538, 27.333888], [88.015795, 27.364222], [88.014762, 27.378072], [88.02582, 27.412075], [88.039308, 27.42949], [88.041633, 27.438068], [88.028094, 27.455121], [88.0221, 27.484241], [88.02334, 27.494912], [88.048765, 27.545348], [88.11088, 27.639503], [88.134858, 27.723167], [88.159662, 27.77412], [88.154598, 27.815151], [88.166587, 27.833599], [88.164623, 27.845356], [88.156407, 27.851273], [88.118218, 27.860885], [88.10982852523854, 27.87273710729819]]}}, {"type": "Feature", "properties": {"a": "IND", "b": "PAK"}, "geometry": {"type": "LineString", "coordinates": [[68.18129814398671, 23.832260431960158], [68.183517, 23.8433], [68.207288, 23.877019], [68.239948, 23.893116], [68.256794, 23.891928], [68.26036, 23.895545], [68.251937, 23.904821], [68.25266, 23.920091], [68.254934, 23.929109], [68.263926, 23.93593], [68.274003, 23.937687], [68.286198, 23.916371], [68.300409, 23.910505], [68.314052, 23.915906], [68.335033, 23.940995], [68.329865, 23.958151], [68.330433, 23.966574], [68.342629, 23.968564], [68.348882, 23.964611], [68.353636, 23.939289], [68.385469, 23.960425], [68.431564, 23.967143], [68.724466, 23.965179], [68.725913, 24.289216], [68.747307, 24.331177], [68.79919, 24.329085], [68.813815, 24.30844], [68.819654, 24.250304], [68.838774, 24.236455], [68.848903, 24.244025], [68.880116, 24.297355], [68.885077, 24.313556], [68.890296, 24.319473], [68.904197, 24.320584], [68.921974, 24.310507], [68.94869, 24.270277], [68.962643, 24.257228], [68.980781, 24.255394], [69.007808, 24.264567], [69.048477, 24.285237], [69.067701, 24.288441], [69.091886, 24.281904], [69.148213, 24.25666], [69.166713, 24.253172], [69.206246, 24.258572], [69.280815, 24.283739], [69.563071, 24.276762], [69.59232, 24.264618], [69.670558, 24.188706], [69.714587, 24.168578], [69.769054, 24.162557], [69.972039, 24.165219], [70.015964, 24.174055], [70.052137, 24.202064], [70.062989, 24.220306], [70.087174, 24.28255], [70.097871, 24.298828], [70.109705, 24.3049], [70.144586, 24.307897], [70.202205, 24.325571], [70.242565, 24.330609], [70.2791, 24.355078], [70.29853, 24.363424], [70.353204, 24.366266], [70.370774, 24.372364], [70.416353, 24.401948], [70.520946, 24.424919], [70.562907, 24.424092], [70.575206, 24.400036], [70.569211, 24.389882], [70.546474, 24.373139], [70.545647, 24.362183], [70.555362, 24.327018], [70.56022, 24.287253], [70.567661, 24.272809], [70.584714, 24.2579], [70.621508, 24.241157], [70.755453, 24.231442], [70.776021, 24.236687], [70.813589, 24.254464], [70.851468, 24.264877], [70.857566, 24.271672], [70.844543, 24.288286], [70.840926, 24.30583], [70.856532, 24.323814], [70.917717, 24.361718], [70.936321, 24.367196], [70.955338, 24.365904], [70.977145, 24.357248], [70.996679, 24.356602], [71.007118, 24.363966], [71.025101, 24.38629], [71.073057, 24.402103], [71.082772, 24.411508], [71.07502, 24.436417], [71.040087, 24.446778], [71.00009, 24.452901], [70.977145, 24.464942], [70.973218, 24.48724], [70.981899, 24.52853], [70.980866, 24.534731], [70.957767, 24.556022], [70.954821, 24.584521], [70.962779, 24.615785], [70.977145, 24.639686], [71.043343, 24.669064], [71.063858, 24.682577], [71.036935, 24.72074], [71.00319, 24.808203], [70.943039, 24.894063], [70.915237, 24.946618], [70.893326, 25.001886], [70.859891, 25.139449], [70.848574, 25.163323], [70.831418, 25.183322], [70.768372, 25.233086], [70.734886, 25.267348], [70.723104, 25.287295], [70.710495, 25.335871], [70.670394, 25.375558], [70.654478, 25.39659], [70.646623, 25.431369], [70.657475, 25.63363], [70.653857, 25.674455], [70.632308, 25.701378], [70.592259, 25.708819], [70.554432, 25.698794], [70.516657, 25.68386], [70.477227, 25.676315], [70.360129, 25.673473], [70.303698, 25.684583], [70.264579, 25.697296], [70.249231, 25.707683], [70.234452, 25.730989], [70.213988, 25.786334], [70.195591, 25.806953], [70.15425, 25.839406], [70.114976, 25.881729], [70.083246, 25.929943], [70.064643, 25.980327], [70.064281, 25.99552], [70.072911, 26.047455], [70.073893, 26.083112], [70.078285, 26.099648], [70.132029, 26.18047], [70.146912, 26.217419], [70.151614, 26.254058], [70.142467, 26.313692], [70.160503, 26.371311], [70.156989, 26.410947], [70.162931, 26.493319], [70.158074, 26.530113], [70.1296, 26.562514], [70.093685, 26.580394], [70.056064, 26.589076], [69.815562, 26.580291], [69.772258, 26.59507], [69.700221, 26.653], [69.659396, 26.677701], [69.50416, 26.735165], [69.472844, 26.766584], [69.465093, 26.80777], [69.507571, 27.050081], [69.534443, 27.125581], [69.575577, 27.188419], [69.666114, 27.270016], [69.730606, 27.310324], [69.848015, 27.410369], [69.908063, 27.497289], [69.993536, 27.571083], [70.016894, 27.60059], [70.090688, 27.79355], [70.101953, 27.81174], [70.199002, 27.90096], [70.267731, 27.945272], [70.323852, 28.000437], [70.341939, 28.01147], [70.398266, 28.02165], [70.456247, 28.039788], [70.506786, 28.028962], [70.534898, 28.015965], [70.559806, 27.998447], [70.592879, 27.964496], [70.621198, 27.944135], [70.633187, 27.93163], [70.64161, 27.911269], [70.637631, 27.874217], [70.640732, 27.854787], [70.671738, 27.791095], [70.710391, 27.74115], [70.761758, 27.709783], [70.831573, 27.701463], [70.91379, 27.717818], [71.150675, 27.822411], [71.226329, 27.845356], [71.31144, 27.861711], [71.397791, 27.868378], [71.477115, 27.862435], [71.560727, 27.868533], [71.860864, 27.950207], [71.874403, 27.95969], [71.879984, 27.974909], [71.89156, 28.097097], [71.896934, 28.115546], [71.908303, 28.135571], [71.988195, 28.228097], [72.110978, 28.317627], [72.149942, 28.353774], [72.17764, 28.397053], [72.197794, 28.44488], [72.256499, 28.645591], [72.28027, 28.687165], [72.354581, 28.767186], [72.382176, 28.784006], [72.901524, 29.022622], [72.918164, 29.032854], [72.930359, 29.047685], [72.962915, 29.116829], [72.98865, 29.15463], [73.050869, 29.228217], [73.232873, 29.536596], [73.370332, 29.927322], [73.385215, 29.942308], [73.557815, 30.012536], [73.739716, 30.048451], [73.778266, 30.067313], [73.944354, 30.188288], [73.948902, 30.217278], [73.934639, 30.261048], [73.911901, 30.303784], [73.891644, 30.329778], [73.842345, 30.35298], [73.85175, 30.372669], [73.867666, 30.387449], [73.887614, 30.396544], [73.906114, 30.394838], [73.899913, 30.422124], [73.916656, 30.417163], [73.929265, 30.419075], [73.939083, 30.426051], [74.004402, 30.50894], [74.04409, 30.518655], [74.057526, 30.531367], [74.061453, 30.555604], [74.057112, 30.591571], [74.067448, 30.610536], [74.09587, 30.637149], [74.111476, 30.646244], [74.132663, 30.655494], [74.155711, 30.659577], [74.163669, 30.664899], [74.170077, 30.687172], [74.18465, 30.696835], [74.191161, 30.717041], [74.215139, 30.737453], [74.235706, 30.764118], [74.266712, 30.788354], [74.256687, 30.815278], [74.260201, 30.819412], [74.279941, 30.824683], [74.300198, 30.83817], [74.31136, 30.855947], [74.304022, 30.874034], [74.319215, 30.893413], [74.329757, 30.899614], [74.34247, 30.901939], [74.401277, 30.893103], [74.409132, 30.901009], [74.41337, 30.915065], [74.424325, 30.932325], [74.441585, 30.946174], [74.458535, 30.953409], [74.499463, 30.95651], [74.519306, 30.962452], [74.564058, 31.004362], [74.564265, 31.025032], [74.579458, 31.042706], [74.600955, 31.056607], [74.658833, 31.083789], [74.631961, 31.107508], [74.616975, 31.11526], [74.596924, 31.115776], [74.553103, 31.108955], [74.536773, 31.115156], [74.514862, 31.141821], [74.506387, 31.175411], [74.509074, 31.195668], [74.525094, 31.235407], [74.525301, 31.280211], [74.532225, 31.303207], [74.571603, 31.389248], [74.61191, 31.440201], [74.617181, 31.458908], [74.614598, 31.477821], [74.584522, 31.517509], [74.555583, 31.612232], [74.499463, 31.699875], [74.489437, 31.711192], [74.503287, 31.730571], [74.516206, 31.737392], [74.523027, 31.758476], [74.535119, 31.771137], [74.540804, 31.810876], [74.550415, 31.826999], [74.565608, 31.840538], [74.641056, 31.890561], [74.657179, 31.895677], [74.669995, 31.904152], [74.698417, 31.950247], [74.763012, 31.938982], [74.783683, 31.942858], [74.802493, 31.968851], [74.811278, 32.003732], [74.828641, 32.025437], [74.873186, 32.011691], [74.889103, 32.028899], [74.908843, 32.031896], [74.931374, 32.029829], [74.955662, 32.032206], [74.967858, 32.037891], [74.986151, 32.063212], [74.995556, 32.067398], [75.030179, 32.066416], [75.022635, 32.094683], [75.040825, 32.09799], [75.102113, 32.078095], [75.11896, 32.08104], [75.13839, 32.093494], [75.17415, 32.086828], [75.173116, 32.109721], [75.195751, 32.128634], [75.249908, 32.148892], [75.263344, 32.150907], [75.294659, 32.148892], [75.308405, 32.193902], [75.31657, 32.210748], [75.34861, 32.242012], [75.359048, 32.261675], [75.35295, 32.284387], [75.326906, 32.312473], [75.230167, 32.380195], [75.196164, 32.3973], [75.125988, 32.411744], [75.092191, 32.429339], [75.054881, 32.455539], [75.023668, 32.466262], [74.990699, 32.463368], [74.948427, 32.44877], [74.906983, 32.445178], [74.83815, 32.474866], [74.799393, 32.47267], [74.763529, 32.462671], [74.724978, 32.46081], [74.689322, 32.471352], [74.662553, 32.498379], [74.632581, 32.568168], [74.629584, 32.588089], [74.656042, 32.64067], [74.657282, 32.660592], [74.650151, 32.701235], [74.649738, 32.723146], [74.656972, 32.745341], [74.682294, 32.787328], [74.689115, 32.808825], [74.685291, 32.831227], [74.671752, 32.840581], [74.653562, 32.837428], [74.635888, 32.82208], [74.614081, 32.770404], [74.59341, 32.757872], [74.573773, 32.75255], [74.52096, 32.745289], [74.500909, 32.746013], [74.484476, 32.753532], [74.455331, 32.778595], [74.438691, 32.785984], [74.418951, 32.784615], [74.386394, 32.767768], [74.367688, 32.763531], [74.34619, 32.76689], [74.329344, 32.776424], [74.316321, 32.791075], [74.306503, 32.809911], [74.316989, 32.823067], [73.983008, 32.969074], [73.95624, 33.006178], [73.943011, 33.018192], [73.926061, 33.02597], [73.907354, 33.029949], [73.859502, 33.026977], [73.822398, 33.013206], [73.805861, 33.015144], [73.773202, 33.030646], [73.763487, 33.045658], [73.731964, 33.06266], [73.672743, 33.084907], [73.640497, 33.103304], [73.622513, 33.124491], [73.645354, 33.143094], [73.644424, 33.154386], [73.654553, 33.173041], [73.654863, 33.184694], [73.649282, 33.194848], [73.620756, 33.212005], [73.614659, 33.232443], [73.594712, 33.228205], [73.581172, 33.229161], [73.579829, 33.239264], [73.600293, 33.246706], [73.593471, 33.304299], [73.603186, 33.333031], [73.576418, 33.369541], [73.573834, 33.387395], [73.594401, 33.411734], [73.60422, 33.441577], [73.627578, 33.452068], [73.628198, 33.461705], [73.614659, 33.519661], [73.618173, 33.526172], [73.630988, 33.531184], [73.635019, 33.540796], [73.632849, 33.556842], [73.614659, 33.593119], [73.603807, 33.605934], [73.576418, 33.626372], [73.573111, 33.633659], [73.578382, 33.64756], [73.577452, 33.663244], [73.600293, 33.70859], [73.595745, 33.745616], [73.58851, 33.762333], [73.576418, 33.777138], [73.56722, 33.803442], [73.582516, 33.876745], [73.579829, 33.910464], [73.518644, 34.00777], [73.508515, 34.068387], [73.490429, 34.129494], [73.490429, 34.198353], [73.474099, 34.269176], [73.459526, 34.282405], [73.447227, 34.305969], [73.407126, 34.355036], [73.400201, 34.375526], [73.415084, 34.397643], [73.425923, 34.43033], [73.427484, 34.470029], [73.437512, 34.487715], [73.436685, 34.522157], [73.444953, 34.536859], [73.447124, 34.558047], [73.454462, 34.566367], [73.464074, 34.570552], [73.494149, 34.574945], [73.534043, 34.571638], [73.565773, 34.584919], [73.593161, 34.588329], [73.605346, 34.584924], [73.613832, 34.569209], [73.618437, 34.56404], [73.623444, 34.56399], [73.638947, 34.585487], [73.659514, 34.633649], [73.659721, 34.643985], [73.647938, 34.667808], [73.650832, 34.676696], [73.680804, 34.715298], [73.701268, 34.755657], [73.718838, 34.771315], [73.740232, 34.784751], [73.758422, 34.792503], [73.789118, 34.794105], [73.819504, 34.810486], [73.841105, 34.814103], [73.883996, 34.810693], [73.923787, 34.833534], [73.937223, 34.849398], [73.95438, 34.862679], [73.989106, 34.868777], [74.017838, 34.880663], [74.024246, 34.888104], [74.034168, 34.914511], [74.056802, 34.932908], [74.061453, 34.941693], [74.066931, 34.981794], [74.100314, 35.009647], [74.101347, 35.013936], [74.092666, 35.0267], [74.069618, 35.039103], [74.066207, 35.045511], [74.067551, 35.055381], [74.076543, 35.072021], [74.088428, 35.085043], [74.099384, 35.092743], [74.124701, 35.099201], [74.124395, 35.105093], [74.105171, 35.121372], [74.101864, 35.140492], [74.031481, 35.146796], [74.006356, 35.165154], [74.002645, 35.171291], [73.992275, 35.175268], [73.976704, 35.17434], [73.960684, 35.169172], [73.954069, 35.170723], [73.924304, 35.198886], [73.88782, 35.208085], [73.864346, 35.202302], [73.839348, 35.221831], [73.809618, 35.233521], [73.773099, 35.234491], [73.738682, 35.20979], [73.732274, 35.209377], [73.722146, 35.215733], [73.714808, 35.23015], [73.720285, 35.254645], [73.718425, 35.264102], [73.687419, 35.310146], [73.69021, 35.35743], [73.72752, 35.417633], [73.742506, 35.427761], [73.784157, 35.44714], [73.778473, 35.50233], [73.772065, 35.521967], [73.758422, 35.527032], [73.629541, 35.543], [73.566083, 35.541811], [73.504795, 35.533853], [73.465727, 35.557572], [73.442576, 35.561758], [73.40971, 35.547754], [73.392347, 35.580155], [73.382528, 35.588216], [73.354726, 35.596846], [73.329198, 35.595451], [73.307081, 35.600309], [73.290441, 35.62284], [73.25158, 35.645061], [73.227809, 35.663664], [73.135308, 35.714979], [73.125593, 35.724797], [73.123112, 35.744486], [73.128487, 35.796317], [73.151328, 35.817453], [73.154738, 35.824895], [73.149571, 35.831923], [73.108333, 35.856159], [73.088386, 35.875899], [73.080634, 35.873419], [73.064305, 35.859518], [73.042187, 35.856055], [73.016452, 35.86112], [72.971597, 35.878121], [72.872172, 35.874297], [72.856152, 35.870215], [72.818015, 35.851198], [72.806129, 35.838692], [72.792383, 35.837555], [72.750009, 35.844842], [72.655854, 35.854143], [72.515604, 35.903959], [72.589088, 36.016149], [72.579166, 36.042762], [72.541236, 36.072528], [72.529144, 36.097539], [72.531727, 36.112319], [72.560253, 36.143893], [72.562113, 36.149991], [72.551364, 36.173555], [72.564904, 36.230141], [72.572035, 36.242698], [72.594256, 36.264248], [72.607485, 36.272722], [72.621851, 36.27665], [72.654511, 36.278097], [72.680866, 36.269312], [72.692441, 36.271069], [72.718796, 36.300111], [72.73771, 36.310963], [72.767269, 36.320006], [72.784528, 36.328791], [72.83021, 36.370391], [72.869278, 36.379693], [72.876926, 36.384292], [72.886538, 36.397056], [72.885918, 36.438914], [72.889948, 36.457104], [72.895736, 36.461548], [72.926019, 36.468369], [72.955991, 36.468111], [72.98493, 36.472762], [72.989581, 36.483769], [72.979865, 36.507799], [72.989167, 36.514465], [73.042187, 36.531156], [73.055003, 36.539631], [73.063064, 36.548985], [73.072159, 36.573634], [73.094484, 36.603297], [73.093037, 36.617714], [73.0734, 36.663603], [73.071333, 36.694971], [73.0734, 36.698536], [73.130554, 36.709388], [73.176546, 36.734865], [73.192359, 36.72825], [73.213443, 36.712902], [73.270804, 36.718483], [73.296332, 36.71745], [73.416014, 36.752073], [73.453842, 36.747215], [73.519884, 36.730731], [73.553164, 36.732333], [73.571044, 36.727733], [73.595125, 36.735485], [73.613522, 36.715589], [73.622307, 36.710163], [73.654863, 36.710577], [73.678634, 36.703962], [73.695377, 36.71037], [73.721215, 36.727113], [73.756252, 36.716416], [73.767414, 36.717605], [73.790875, 36.72918], [73.873971, 36.711042], [73.885753, 36.714194], [73.88813, 36.71993], [73.886373, 36.734038], [73.892058, 36.751505], [73.887304, 36.770522], [73.86901, 36.784991], [73.812993, 36.815687], [73.798937, 36.827986], [73.774752, 36.838114], [73.737752, 36.843437], [73.720285, 36.851137], [73.711707, 36.86111], [73.708916, 36.873823], [73.711842, 36.894139], [73.72183174002981, 36.893791118144094]]}}, {"type": "Feature", "properties": {"a": "ETH", "b": "SOM"}, "geometry": {"type": "LineString", "coordinates": [[42.91408840187292, 11.002118002812141], [42.923715, 10.998787], [42.911313, 10.977367], [42.901185, 10.936595], [42.893536, 10.919671], [42.876793, 10.905744], [42.834832, 10.888406], [42.819432, 10.872567], [42.801242, 10.820788], [42.785636, 10.804406], [42.749876, 10.775829], [42.738094, 10.759784], [42.711635, 10.675163], [42.699646, 10.65855], [42.680216, 10.647672], [42.660269, 10.641625], [42.647247, 10.63222], [42.64859, 10.611033], [42.668537, 10.56623], [42.695202, 10.524708], [42.750393, 10.471636], [42.765792, 10.451947], [42.776644, 10.42461], [42.78946, 10.333324], [42.808167, 10.269116], [42.836279, 10.208086], [42.862324, 10.177158], [42.958235, 10.115559], [42.981903, 10.091633], [42.999887, 10.061971], [43.012599, 10.029286], [43.020764, 9.996419], [43.039884, 9.949988], [43.067686, 9.922522], [43.104273, 9.907923], [43.149852, 9.899991], [43.187214, 9.883326], [43.206334, 9.851209], [43.235273, 9.691787], [43.248812, 9.652332], [43.270671, 9.628354], [43.305966, 9.617554], [43.315578, 9.607658], [43.331753, 9.575076], [43.370665, 9.544225], [43.399449, 9.480947], [43.406322, 9.42865], [43.419034, 9.413018], [43.548225, 9.336072], [43.566829, 9.334315], [43.59122, 9.343591], [43.60724, 9.344625], [43.621502, 9.336899], [43.984788, 9.008314], [44.023855, 8.985525], [45.766384, 8.412227], [46.920526, 8.025609], [46.97923, 7.996567], [47.979169, 7.996567], [46.423915, 6.496736], [45.935986, 5.996689], [44.941525, 4.911484], [44.912586, 4.899392], [43.968975, 4.953962], [43.932284, 4.945203], [43.845158, 4.914352], [43.528485, 4.841566], [43.119259, 4.647702], [42.960406, 4.517374], [42.945936, 4.496858], [42.9325, 4.463217], [42.914724, 4.393299], [42.899634, 4.361104], [42.868938, 4.326765], [42.831628, 4.302322], [42.78977, 4.285605], [42.297294, 4.201734], [42.13534, 4.200081], [42.102887, 4.19189], [42.068367, 4.174553], [42.011833, 4.129491], [41.941243, 4.086212], [41.923466, 4.070554], [41.916645, 4.051098], [41.917472, 4.020453], [41.912201, 4.007974], [41.898455, 3.996915], [41.885019, 3.977226], [41.864881924228676, 3.965832546552915]]}}, {"type": "Feature", "properties": {"a": "ETH", "b": "KEN"}, "geometry": {"type": "LineString", "coordinates": [[41.89065195389061, 3.9854804826698635], [41.885019, 3.977226], [41.835927, 3.94945], [41.791381, 3.958157], [41.747353, 3.981412], [41.699811, 3.996915], [41.657436, 3.972704], [41.642967, 3.969449], [41.628704, 3.972084], [41.602246, 3.983065], [41.586329, 3.984151], [41.506231, 3.964384], [41.479773, 3.962938], [41.429543, 3.948882], [41.215293, 3.936608], [41.162996, 3.94268], [41.114524, 3.962343], [41.070082, 3.996915], [41.0059, 4.086677], [40.979751, 4.110758], [40.963628, 4.12037], [40.915879, 4.136648], [40.897689, 4.145924], [40.887354, 4.156052], [40.870611, 4.186981], [40.846013, 4.214989], [40.785758, 4.25584], [40.763744, 4.284933], [40.700699, 4.243515], [40.382682, 4.121377], [40.365732, 4.094867], [40.185588, 4.032158], [40.167191, 4.035465], [40.166984, 4.025259], [40.162437, 4.019394], [39.848451, 3.867284], [39.828297, 3.842583], [39.780755, 3.71657], [39.764218, 3.685745], [39.745098, 3.660579], [39.600818, 3.528907], [39.574979, 3.497901], [39.553172, 3.431316], [39.536325, 3.405013], [39.504389, 3.403333], [39.488473, 3.413901], [39.475657, 3.440799], [39.466976, 3.452013], [39.436176, 3.462374], [39.311326, 3.466094], [39.320525, 3.484543], [39.315874, 3.494904], [39.302748, 3.495679], [39.257583, 3.469686], [39.219445, 3.468704], [39.180481, 3.476998], [39.06793, 3.526582], [39.010466, 3.514464], [38.994963, 3.514257], [38.963234, 3.522086], [38.921272, 3.513999], [38.895227, 3.513585], [38.722008, 3.560404], [38.703715, 3.570429], [38.66103, 3.621951], [38.660306, 3.594459], [38.601912, 3.59867], [38.596641, 3.602133], [38.593747, 3.61084], [38.57411, 3.604561], [38.547135, 3.609522], [38.541244, 3.623294], [38.533182, 3.632828], [38.508998, 3.650812], [38.499386, 3.64691], [38.496906, 3.62394], [38.445953, 3.601668], [38.389935, 3.596888], [38.176925, 3.620917], [38.145609, 3.618437], [38.114087, 3.610608], [38.101891, 3.612649], [38.078843, 3.632673], [38.048974, 3.641846], [38.036158, 3.648926], [38.020759, 3.667167], [37.995334, 3.707914], [37.976731, 3.72644], [37.111874, 4.282298], [37.094821, 4.284882], [37.082522, 4.322166], [37.075907, 4.33108], [37.068466, 4.333458], [37.048415, 4.331959], [37.041077, 4.336817], [37.025367, 4.363275], [37.015652, 4.370587], [36.974828, 4.37994], [36.903721, 4.415778], [36.844087, 4.432237], [36.651333, 4.430583], [36.619501, 4.443373], [36.277196, 4.436449], [36.264277, 4.438206], [36.236268, 4.449652], [36.19131, 4.444924], [36.041345, 4.443683], [36.018401, 4.449135], [35.940472, 4.508046], [35.933755, 4.52218], [35.936028, 4.578533], [35.922799, 4.602072], [35.920835, 4.619332], [35.91138611873464, 4.629371912871041]]}}, {"type": "Feature", "properties": {"a": "ETH", "b": "DJI"}, "geometry": {"type": "LineString", "coordinates": [[42.372513112798615, 12.473116036376174], [42.379459, 12.465907], [42.319205, 12.386377], [42.288715, 12.321006], [42.155494, 12.142257], [42.132343, 12.093475], [42.108778, 12.082106], [42.097719, 12.070169], [42.057308, 11.996271], [41.936386, 11.827445], [41.911477, 11.805947], [41.877784, 11.790134], [41.872203, 11.775871], [41.862282, 11.763056], [41.823007, 11.746106], [41.808228, 11.736236], [41.792415, 11.704455], [41.778669, 11.628645], [41.74911, 11.537953], [41.749834, 11.483383], [41.775672, 11.368429], [41.787971, 11.259727], [41.785594, 11.067388], [41.779289, 11.024677], [41.761306, 10.996203], [41.773811, 10.980054], [41.79872, 10.970675], [41.916852, 10.947059], [41.922846, 10.936026], [41.928841, 10.931065], [41.937522, 10.929825], [41.954162, 10.941271], [42.0108, 10.943597], [42.038395, 10.950444], [42.069401, 10.981501], [42.096272, 10.990261], [42.151359, 10.996203], [42.202726, 10.98455], [42.221639, 10.984344], [42.270835, 11.003516], [42.305872, 11.004601], [42.338532, 11.015504], [42.391758, 11.005893], [42.413256, 11.015944], [42.479712, 11.059119], [42.569732, 11.086146], [42.615621, 11.08966], [42.686521, 11.073046], [42.710395, 11.072116], [42.729619, 11.06501], [42.754837, 11.010544], [42.771787, 10.996462], [42.835452, 10.987444], [42.873279, 10.978246], [42.888059, 10.983568], [42.908109, 11.004187], [42.923715, 10.998787], [42.9186108481803, 10.989971411225765]]}}, {"type": "Feature", "properties": {"a": "ETH", "b": "ERI"}, "geometry": {"type": "LineString", "coordinates": [[36.523249461645484, 14.25403145337274], [36.52638, 14.263523], [36.545707, 14.263162], [36.553045, 14.282773], [36.565654, 14.292927], [36.61764, 14.300446], [36.648543, 14.31458], [36.668593, 14.317784], [36.713655, 14.317784], [36.748072, 14.332072], [36.816388, 14.332072], [36.848531, 14.327783], [36.913746, 14.309024], [36.946923, 14.304735], [36.952814, 14.300963], [36.970901, 14.27683], [36.995395, 14.264092], [37.011518, 14.265074], [37.026091, 14.27683], [37.060197, 14.27683], [37.072703, 14.285305], [37.083452, 14.297733], [37.090997, 14.314218], [37.097818, 14.379511], [37.105879, 14.399226], [37.121072, 14.420826], [37.149701, 14.441936], [37.184221, 14.449558], [37.258221, 14.448111], [37.293775, 14.457439], [37.318166, 14.43713], [37.33708, 14.426356], [37.374907, 14.373026], [37.390203, 14.358169], [37.394027, 14.350081], [37.397748, 14.301738], [37.412217, 14.293599], [37.452628, 14.260578], [37.464307, 14.235825], [37.469371, 14.210813], [37.475366, 14.199574], [37.498517, 14.193088], [37.5165, 14.180557], [37.525285, 14.128829], [37.535724, 14.11684], [37.553707, 14.105497], [37.564973, 14.116685], [37.891464, 14.879532], [37.908828, 14.864727], [37.94004, 14.81088], [37.95761, 14.802844], [37.958437, 14.785093], [37.964432, 14.771193], [37.968772, 14.766387], [37.980038, 14.764552], [37.989856, 14.757317], [37.99275, 14.740755], [37.998435, 14.730911], [38.006703, 14.7244], [38.115223, 14.681017], [38.13331, 14.677762], [38.190258, 14.687322], [38.213925, 14.685875], [38.229325, 14.679725], [38.239557, 14.667555], [38.247825, 14.647712], [38.252683, 14.62022], [38.257644, 14.610427], [38.28927, 14.587741], [38.313351, 14.519347], [38.32503, 14.504594], [38.340636, 14.492682], [38.394276, 14.464312], [38.402338, 14.456871], [38.41443, 14.426304], [38.426832, 14.417183], [38.492978, 14.418294], [38.569356, 14.426821], [38.606563, 14.436484], [38.668471, 14.467723], [38.688005, 14.467103], [38.706195, 14.46116], [38.724385, 14.459403], [38.742885, 14.461056], [38.761902, 14.465449], [38.821537, 14.489478], [38.866082, 14.493664], [38.917552, 14.535703], [38.979667, 14.567122], [38.993826, 14.585157], [38.996823, 14.638901], [39.009742, 14.651226], [39.011189, 14.647763], [39.04695, 14.643758], [39.0855, 14.633475], [39.107308, 14.620116], [39.127461, 14.602211], [39.158467, 14.560146], [39.187509, 14.477205], [39.20818, 14.440179], [39.233191, 14.440438], [39.254999, 14.474415], [39.268538, 14.48643], [39.293446, 14.490305], [39.347603, 14.481805], [39.36662, 14.482916], [39.448579, 14.505111], [39.489403, 14.524489], [39.50718, 14.547821], [39.515035, 14.56782], [39.532295, 14.567587], [39.552138, 14.556684], [39.567331, 14.544307], [39.59379, 14.514567], [39.650944, 14.496584], [39.677712, 14.494233], [39.735073, 14.503715], [39.766906, 14.504775], [39.796878, 14.495111], [39.824473, 14.478135], [39.87708, 14.433616], [39.892273, 14.426562], [39.911186, 14.42341], [39.93072, 14.428784], [39.961519, 14.454209], [39.979812, 14.458731], [40.023221, 14.45116], [40.037483, 14.451522], [40.086886, 14.465759], [40.104559, 14.465966], [40.194373, 14.444649], [40.237678, 14.427441], [40.277055, 14.404574], [40.421646, 14.273755], [40.585874, 14.19469], [40.614089, 14.185802], [40.704419, 14.173219], [40.772322, 14.148362], [40.833197, 14.105962], [41.043623, 13.872488], [41.192038, 13.615863], [41.222217, 13.586614], [41.530726, 13.393783], [41.7118, 13.247926], [41.750764, 13.208316], [41.784767, 13.164572], [41.8166, 13.112792], [41.894321, 12.94797], [41.946617, 12.876166], [42.024649, 12.82697], [42.0817, 12.803922], [42.137304, 12.77333], [42.184949, 12.733048], [42.250165, 12.623985], [42.33171, 12.515465], [42.379459, 12.465907], [42.37342782987429, 12.457946383939698]]}}, {"type": "Feature", "properties": {"a": "SOM", "b": "KEN"}, "geometry": {"type": "LineString", "coordinates": [[41.545555395968535, -1.6855704509025589], [41.535085, -1.696303], [41.53858, -1.613699], [41.534963, -1.594785], [41.522871, -1.572771], [40.979751, -0.870798], [40.968486, -0.002738], [40.968486, 2.49711], [40.965385, 2.814145], [40.979751, 2.841895], [41.342727, 3.201149], [41.89065195389061, 3.9854804826698635]]}}, {"type": "Feature", "properties": {"a": "SOM", "b": "DJI"}, "geometry": {"type": "LineString", "coordinates": [[42.9186108481803, 10.989971411225765], [43.240733, 11.48786], [43.247352513084635, 11.47968728343559]]}}, {"type": "Feature", "properties": {"a": "CHN", "b": "BTN"}, "geometry": {"type": "LineString", "coordinates": [[91.6387535478213, 27.852116687542576], [91.628339, 27.852694], [91.637124, 27.87724], [91.648907, 27.897213], [91.652834, 27.916747], [91.637951, 27.939743], [91.621725, 27.950724], [91.600641, 27.959276], [91.537492, 27.969353], [91.497495, 27.984081], [91.460908, 27.984365], [91.418843, 27.994726], [91.341432, 28.030564], [91.309599, 28.056402], [91.290169, 28.091413], [91.269705, 28.072861], [91.246141, 28.071466], [91.220612, 28.074877], [91.194671, 28.070587], [91.175861, 28.057487], [91.133796, 28.014105], [91.119637, 27.994881], [91.092558, 27.971679], [91.051941, 27.96279], [91.008842, 27.96677], [90.975149, 27.982092], [90.90952, 28.032657], [90.850919, 28.044026], [90.788701, 28.047488], [90.726896, 28.061699], [90.683901, 28.087072], [90.667468, 28.090328], [90.651035, 28.086995], [90.621889, 28.072965], [90.575277, 28.065833], [90.510061, 28.074101], [90.475232, 28.072344], [90.485669, 28.124657], [90.515299, 28.154287], [90.54822, 28.157579], [90.567973, 28.1905], [90.597602, 28.200376], [90.587726, 28.233298], [90.54822, 28.246466], [90.505422, 28.249758], [90.45604, 28.28268], [90.416535, 28.28268], [90.386905, 28.299141], [90.353984, 28.299141], [90.329504, 28.255796], [90.29147, 28.261351], [90.261804, 28.299141], [90.261804, 28.335354], [90.225591, 28.358399], [90.199254, 28.348523], [90.176209, 28.325478], [90.153164, 28.322185], [90.123535, 28.335354], [90.07086, 28.34523], [89.990455, 28.320624], [89.971593, 28.31804], [89.952524, 28.308247], [89.91613, 28.315601], [89.881314, 28.297525], [89.873615, 28.300599], [89.862918, 28.295793], [89.829741, 28.259155], [89.780855, 28.228769], [89.755844, 28.184379], [89.71781, 28.169083], [89.579421, 28.14464], [89.561489, 28.13464], [89.515032, 28.081905], [89.495343, 28.068004], [89.475344, 28.061337], [89.458808, 28.047798], [89.420981, 27.994726], [89.370131, 27.909357], [89.336025, 27.869075], [89.299489, 27.844245], [89.258717, 27.827553], [89.22492, 27.807813], [89.21659, 27.771142], [89.198203, 27.730582], [89.127359, 27.62729], [89.124655, 27.614852], [89.109565, 27.622258], [89.091531, 27.625865], [89.064029, 27.615946], [89.050954, 27.608282], [89.039682, 27.594305], [89.03337, 27.578976], [89.016238, 27.57582], [89.002712, 27.560491], [89.004966, 27.54967], [88.992793, 27.537497], [88.978366, 27.530283], [88.972955, 27.517659], [88.982966, 27.492632], [88.966202, 27.47803], [88.95106, 27.433144], [88.964011, 27.392924], [88.981175, 27.354635], [88.997019, 27.330869], [88.971933, 27.312385], [88.950808, 27.328229], [88.91516, 27.330869], [88.892331, 27.315543], [88.8837944914917, 27.320735048768526]]}}, {"type": "Feature", "properties": {"a": "CHN", "b": "KAZ"}, "geometry": {"type": "LineString", "coordinates": [[80.2141243357488, 42.18026688538484], [80.210328, 42.189519], [80.249086, 42.204893], [80.260455, 42.216494], [80.268413, 42.237966], [80.249499, 42.309951], [80.225521, 42.339019], [80.2187, 42.354935], [80.196169, 42.434594], [80.194722, 42.446299], [80.212085, 42.478752], [80.210535, 42.490844], [80.200096, 42.508388], [80.162373, 42.552391], [80.153484, 42.591536], [80.140048, 42.622955], [80.143769, 42.644762], [80.152451, 42.660369], [80.188934, 42.701581], [80.205367, 42.731088], [80.227485, 42.790981], [80.248259, 42.816199], [80.264899, 42.823666], [80.316782, 42.815605], [80.333938, 42.817078], [80.381687, 42.831418], [80.400498, 42.843019], [80.476152, 42.863896], [80.526692, 42.868392], [80.548602, 42.878469], [80.554493, 42.898933], [80.542918, 42.916658], [80.521937, 42.925443], [80.476152, 42.930275], [80.407732, 42.954692], [80.373833, 42.975182], [80.355126, 43.000581], [80.368148, 43.02846], [80.410213, 43.048665], [80.497856, 43.076183], [80.575887, 43.119411], [80.618469, 43.134267], [80.660017, 43.132821], [80.710763, 43.104786], [80.731537, 43.101091], [80.753448, 43.104037], [80.773395, 43.112925], [80.787864, 43.12804], [80.793445, 43.14946], [80.788174, 43.168245], [80.76523, 43.199948], [80.759959, 43.218784], [80.755825, 43.257619], [80.748487, 43.275163], [80.735464, 43.288883], [80.695984, 43.303275], [80.658466, 43.310639], [80.64286, 43.32622], [80.694227, 43.394717], [80.710143, 43.425852], [80.712727, 43.458873], [80.476152, 43.910241], [80.439875, 43.948998], [80.423132, 43.972149], [80.412693, 43.993233], [80.410006, 44.031939], [80.403805, 44.04894], [80.392333, 44.065477], [80.345101, 44.103097], [80.338899, 44.121494], [80.346031, 44.158908], [80.373213, 44.230996], [80.373006, 44.270219], [80.332905, 44.417393], [80.330424, 44.45305], [80.337866, 44.494029], [80.364531, 44.569684], [80.37993, 44.591336], [80.383755, 44.602808], [80.377243, 44.615314], [80.359157, 44.632574], [80.354506, 44.641772], [80.355849, 44.652883], [80.376313, 44.67128], [80.411143, 44.682803], [80.476152, 44.693655], [80.491965, 44.701717], [80.497443, 44.714946], [80.492275, 44.727969], [80.476152, 44.73541], [80.314508, 44.780317], [80.263245, 44.809359], [80.244745, 44.815974], [80.218287, 44.818092], [80.039383, 44.790497], [79.991737, 44.793649], [79.868644, 44.849357], [79.843012, 44.873489], [79.858205, 44.90372], [79.878152, 44.914727], [79.924661, 44.931677], [80.061707, 45.018959], [80.103358, 45.032188], [80.147593, 45.034462], [80.21901, 45.026038], [80.29053, 45.046244], [80.365048, 45.043195], [80.390059, 45.045779], [80.406389, 45.056631], [80.425096, 45.092132], [80.445353, 45.104225], [80.467574, 45.106292], [80.53682, 45.101072], [80.69712, 45.143654], [80.745696, 45.144274], [80.827552, 45.125774], [80.853855, 45.126497], [80.976018, 45.161069], [81.021907, 45.161637], [81.062524, 45.172231], [81.144173, 45.204684], [81.54203, 45.293309], [81.622594, 45.33434], [81.665227, 45.347982], [81.704759, 45.339869], [81.739279, 45.338061], [81.765169, 45.307727], [81.781447, 45.266644], [81.788475, 45.209128], [81.793643, 45.19564], [81.807285, 45.188716], [81.875343, 45.181068], [81.891001, 45.17373], [81.910121, 45.15802], [81.950119, 45.144481], [82.000452, 45.153524], [82.191758, 45.222202], [82.245295, 45.231814], [82.294594, 45.228197], [82.341826, 45.20489], [82.427454, 45.137246], [82.475823, 45.115697], [82.539747, 45.123655], [82.585222, 45.17683], [82.614574, 45.248557], [82.63385, 45.339353], [82.636382, 45.378885], [82.631989, 45.415834], [82.615711, 45.435419], [82.51303, 45.465753], [82.362652, 45.481204], [82.32746, 45.493348], [82.291493, 45.533191], [82.304619, 45.582852], [82.336038, 45.635148], [82.372212, 45.73416], [82.447505, 45.825421], [82.475823, 45.87317], [82.488949, 45.901695], [82.515872, 45.993111], [82.541866, 46.131501], [82.568272, 46.19651], [82.607856, 46.255214], [82.674364, 46.331127], [82.689299, 46.362546], [82.701287, 46.416858], [82.70785, 46.434169], [82.747435, 46.493339], [82.838953, 46.732446], [82.985508, 46.94251], [82.991812, 46.958737], [82.993363, 46.975609], [82.985508, 47.012532], [82.990159, 47.032169], [83.005455, 47.06979], [83.006282, 47.080616], [82.99822, 47.110252], [83.01517, 47.154384], [83.013516, 47.194588], [83.021475, 47.205905], [83.046899, 47.214664], [83.071601, 47.218514], [83.126378, 47.217584], [83.150356, 47.211538], [83.201929, 47.180351], [83.221979, 47.171902], [83.31417, 47.15795], [83.353392, 47.144979], [83.524493, 47.067102], [83.905348, 46.973956], [83.999193, 46.974317], [84.069628, 46.964421], [84.093967, 46.967419], [84.158149, 46.993102], [84.265843, 47.00013], [84.421803, 46.993102], [84.475753, 46.975247], [84.521021, 46.969796], [84.616003, 46.98628], [84.663545, 46.983852], [84.699202, 46.970235], [84.731655, 46.947756], [84.751602, 46.91799], [84.749586, 46.882462], [84.715531, 46.835179], [84.719769, 46.821303], [84.739613, 46.814766], [84.767105, 46.818074], [84.840175, 46.839132], [84.916036, 46.850552], [84.93681, 46.861017], [84.959393, 46.890886], [84.975774, 46.901996], [84.990398, 46.907681], [85.035357, 46.914967], [85.048224, 46.920703], [85.077163, 46.943311], [85.145996, 46.97809], [85.16739, 46.992998], [85.191523, 47.023281], [85.205114, 47.033719], [85.225836, 47.041574], [85.246145, 47.044416], [85.303713, 47.039404], [85.432129, 47.053124], [85.498636, 47.051832], [85.505767, 47.063898], [85.508093, 47.082528], [85.516878, 47.100304], [85.538634, 47.127926], [85.547109, 47.162032], [85.556824, 47.178749], [85.577494, 47.189162], [85.601627, 47.194433], [85.647309, 47.197895], [85.65966, 47.206525], [85.678987, 47.274893], [85.678987, 47.290706], [85.670202, 47.309051], [85.667205, 47.326053], [85.678884, 47.363828], [85.670357, 47.384344], [85.600232, 47.463202], [85.584574, 47.492942], [85.579975, 47.523767], [85.595788, 47.590895], [85.595426, 47.624071], [85.515379, 47.92028], [85.517808, 47.944646], [85.528712, 47.966608], [85.547109, 47.992989], [85.561785, 48.030661], [85.586383, 48.141249], [85.718674, 48.358832], [85.747406, 48.390097], [85.783683, 48.407589], [86.005995, 48.429551], [86.19203, 48.418234], [86.246704, 48.437355], [86.286288, 48.469704], [86.307372, 48.483088], [86.333831, 48.4904], [86.430621, 48.485879], [86.546427, 48.517221], [86.565083, 48.527323], [86.605545, 48.59011], [86.669004, 48.634242], [86.744503, 48.70354], [86.751996, 48.715426], [86.751893, 48.729171], [86.739181, 48.783535], [86.746105, 48.792837], [86.764657, 48.807616], [86.789462, 48.839139], [86.7737, 48.858518], [86.741868, 48.878723], [86.718045, 48.912519], [86.709415, 48.954222], [86.713859, 48.969932], [86.743521, 49.007707], [86.798918, 49.042227], [86.816178, 49.058454], [86.838193, 49.093852], [86.859483, 49.105324], [86.887337, 49.106823], [86.946558, 49.094472], [86.975445, 49.092405], [87.116315, 49.129767], [87.161997, 49.122791], [87.200651, 49.108735], [87.33345430385727, 49.08271987673522]]}}, {"type": "Feature", "properties": {"a": "CHN", "b": "TJK"}, "geometry": {"type": "LineString", "coordinates": [[74.87547884045777, 37.227780209573694], [74.912667, 37.238994], [74.932924, 37.272506], [74.951528, 37.281291], [74.975402, 37.284289], [75.06842, 37.312142], [75.077102, 37.324209], [75.079582, 37.361235], [75.091778, 37.378443], [75.115239, 37.387797], [75.164125, 37.400638], [75.132499, 37.418492], [75.103973, 37.44061], [75.053434, 37.493837], [75.035864, 37.506394], [74.945223, 37.548562], [74.915044, 37.570731], [74.891893, 37.599205], [74.882178, 37.634422], [74.886106, 37.653465], [74.923623, 37.695323], [74.931891, 37.721575], [74.954422, 37.747723], [74.965171, 37.767463], [74.96145, 37.785473], [74.949254, 37.795317], [74.898405, 37.817589], [74.886106, 37.83056], [74.883212, 37.843867], [74.894581, 37.852109], [74.911634, 37.873762], [74.913701, 37.880841], [74.89396, 37.892262], [74.890756, 37.897714], [74.888793, 37.930916], [74.892824, 37.994013], [74.880421, 38.02166], [74.809935, 38.053208], [74.790711, 38.081449], [74.771281, 38.196274], [74.771074, 38.29154], [74.774795, 38.309627], [74.784303, 38.325672], [74.826678, 38.363215], [74.838253, 38.379416], [74.844144, 38.397761], [74.844351, 38.417243], [74.832879, 38.463648], [74.801253, 38.48282], [74.776345, 38.510674], [74.760325, 38.519975], [74.696453, 38.52398], [74.64612, 38.56111], [74.476622, 38.612063], [74.334201, 38.666995], [74.313427, 38.669217], [74.243768, 38.6502], [74.221443, 38.649709], [74.202013, 38.652319], [74.140415, 38.669217], [74.123361, 38.669475], [74.109099, 38.662292], [74.095043, 38.645756], [74.091425, 38.620434], [74.084397, 38.614027], [74.044917, 38.603459], [74.037269, 38.598472], [74.038095, 38.579223], [74.058766, 38.547028], [74.045537, 38.530414], [74.028897, 38.527236], [73.932882, 38.529665], [73.917276, 38.53708], [73.887097, 38.559043], [73.816403, 38.586586], [73.797387, 38.602839], [73.788602, 38.618574], [73.779093, 38.660199], [73.772272, 38.674617], [73.736408, 38.721669], [73.732688, 38.737172], [73.738992, 38.781096], [73.735892, 38.800423], [73.683698, 38.854942], [73.680804, 38.872977], [73.688969, 38.89109], [73.717185, 38.918582], [73.739922, 38.926927], [73.787878, 38.927082], [73.809582, 38.932663], [73.823948, 38.944937], [73.829116, 38.960155], [73.826119, 38.976898], [73.81599, 38.993771], [73.801624, 39.001445], [73.768654, 39.029919], [73.70933, 39.065472], [73.698168, 39.078417], [73.682975, 39.12875], [73.673776, 39.142625], [73.631402, 39.175103], [73.607837, 39.207324], [73.602256, 39.235772], [73.610111, 39.26546], [73.641324, 39.335275], [73.643804, 39.351294], [73.631919, 39.428809], [73.632642, 39.448343], [73.6425757074468, 39.449390913136845]]}}, {"type": "Feature", "properties": {"a": "CHN", "b": "MNG"}, "geometry": {"type": "LineString", "coordinates": [[87.80635678750184, 49.1651412837407], [87.816324, 49.165837], [87.818081, 49.154003], [87.832447, 49.123876], [87.835548, 49.100725], [87.821078, 49.071838], [87.815962, 49.050599], [87.821905, 49.02874], [87.837821, 49.02042], [87.856942, 49.015614], [87.872238, 49.00409], [87.8726, 48.96802], [87.835858, 48.945902], [87.756896, 48.920374], [87.743615, 48.905181], [87.735709, 48.886733], [87.737879, 48.86937], [87.754726, 48.857277], [87.77674, 48.85118], [87.796067, 48.839759], [87.800511, 48.830302], [87.802165, 48.80958], [87.805885, 48.800588], [87.821078, 48.788289], [87.907585, 48.758834], [87.95244, 48.761107], [87.975488, 48.755992], [88.033779, 48.72912], [88.05941, 48.708087], [88.063854, 48.682611], [88.055018, 48.673413], [88.010162, 48.653414], [87.989647, 48.624165], [87.942828, 48.599489], [87.95182, 48.575202], [87.983032, 48.552335], [88.016622, 48.539803], [88.062511, 48.542878], [88.088245, 48.526083], [88.165967, 48.493734], [88.235627, 48.493191], [88.304873, 48.469006], [88.332107, 48.453994], [88.383421, 48.408674], [88.416701, 48.394101], [88.439645, 48.393714], [88.479126, 48.400148], [88.50269, 48.392551], [88.565116, 48.342993], [88.57297, 48.32532], [88.558759, 48.288087], [88.56124, 48.268269], [88.580774, 48.211994], [88.596225, 48.197679], [88.635809, 48.175846], [88.655446, 48.171169], [88.680664, 48.17303], [88.709189, 48.166363], [88.775335, 48.120552], [88.805411, 48.105954], [88.831456, 48.105153], [88.889282, 48.110915], [88.916825, 48.105954], [88.932328, 48.096962], [89.045551, 47.992989], [89.074697, 47.984256], [89.167146, 47.983997], [89.218719, 47.976969], [89.243989, 47.980225], [89.334268, 48.032366], [89.354266, 48.038774], [89.369201, 48.038154], [89.409198, 48.023116], [89.425425, 48.021644], [89.475344, 48.022961], [89.503663, 48.029989], [89.5418, 48.031023], [89.571876, 48.020455], [89.575648, 47.976039], [89.583245, 47.962035], [89.596577, 47.952578], [89.627376, 47.943948], [89.643913, 47.912761], [89.655282, 47.899816], [89.672025, 47.89408], [89.707268, 47.889042], [89.723391, 47.878164], [89.731143, 47.864754], [89.740238, 47.836151], [89.751296, 47.824317], [89.783543, 47.818504], [89.889066, 47.824317], [89.921364, 47.832094], [89.934438, 47.844264], [89.939037, 47.870852], [89.946685, 47.883177], [89.96317, 47.888654], [90.002496, 47.880386], [90.044612, 47.879766], [90.059856, 47.868811], [90.064352, 47.85062], [90.052157, 47.8107], [90.058771, 47.789513], [90.082852, 47.756104], [90.119956, 47.730137], [90.163416, 47.710009], [90.209718, 47.695746], [90.302116, 47.678512], [90.3448, 47.658642], [90.349554, 47.64779], [90.327437, 47.623037], [90.338496, 47.60278], [90.352035, 47.588311], [90.381594, 47.538391], [90.394616, 47.524671], [90.427276, 47.506559], [90.441228, 47.493045], [90.443606, 47.462789], [90.441745, 47.430543], [90.448153, 47.404033], [90.475232, 47.391088], [90.487221, 47.378194], [90.490011, 47.361839], [90.485567, 47.344915], [90.468514, 47.323521], [90.466343, 47.316338], [90.46872, 47.308922], [90.712116, 47.014702], [90.742399, 46.991861], [90.78188, 46.986332], [90.805547, 46.986849], [90.828182, 46.982301], [90.869833, 46.960339], [90.885129, 46.944733], [90.91014, 46.892384], [90.932775, 46.874789], [90.936495, 46.864427], [90.919959, 46.833628], [90.925333, 46.813139], [90.939389, 46.79885], [90.975149, 46.774149], [91.004812, 46.74043], [91.01556, 46.703197], [91.011736, 46.662941], [90.998094, 46.620256], [90.995923, 46.594625], [91.011323, 46.585323], [91.03251, 46.579923], [91.047496, 46.566409], [91.045326, 46.551087], [91.035611, 46.529073], [91.001401, 46.475045], [90.986105, 46.435255], [90.935772, 46.343865], [90.906006, 46.317303], [90.896188, 46.302033], [90.899185, 46.281672], [90.948794, 46.168294], [90.995923, 46.113724], [91.005432, 46.068094], [91.002435, 46.021843], [90.986208, 45.993111], [90.919235, 45.950065], [90.710773, 45.752196], [90.696613, 45.730026], [90.651138, 45.493142], [90.672325, 45.475675], [90.737955, 45.441724], [90.753251, 45.42095], [90.762553, 45.391597], [90.790458, 45.337699], [90.790975, 45.304316], [90.796556, 45.292844], [90.837173, 45.280028], [90.854433, 45.270623], [90.866629, 45.25357], [90.857637, 45.215071], [90.873243, 45.186184], [90.90549, 45.185977], [90.975149, 45.214864], [91.011323, 45.218946], [91.056798, 45.217551], [91.101343, 45.210678], [91.135036, 45.197862], [91.169763, 45.163549], [91.184336, 45.153834], [91.249138, 45.129701], [91.346703, 45.113733], [91.366547, 45.11425], [91.41688, 45.145669], [91.43848, 45.146134], [91.45605, 45.137453], [91.521783, 45.077456], [91.533978, 45.0711], [91.563951, 45.077146], [91.662963, 45.059525], [91.746989, 45.072444], [91.919071, 45.065571], [92.009401, 45.076216], [92.042991, 45.074821], [92.075651, 45.068878], [92.108414, 45.058181], [92.19368, 45.014514], [92.218898, 45.010122], [92.267887, 45.019527], [92.285354, 45.019527], [92.331036, 45.007848], [92.396458, 45.013119], [92.413821, 45.011259], [92.458986, 44.997926], [92.475109, 44.997461], [92.572054, 45.013016], [92.63851, 45.0156], [92.752715, 45.037976], [92.798914, 45.03317], [92.847593, 45.039112], [92.861029, 45.037872], [92.91622, 45.014566], [92.945055, 45.005833], [92.974924, 45.004696], [93.013888, 45.009295], [93.052439, 45.003456], [93.139152, 45.009864], [93.165713, 45.007642], [93.244158, 44.981545], [93.268963, 44.980098], [93.317229, 44.985886], [93.341, 44.984852], [93.399911, 44.960564], [93.420582, 44.955087], [93.525278, 44.951263], [93.688265, 44.891059], [93.714, 44.874575], [93.874507, 44.714223], [93.927424, 44.672933], [93.97507, 44.659962], [94.058579, 44.651281], [94.103744, 44.651643], [94.149012, 44.667197], [94.181879, 44.660841], [94.195005, 44.65433], [94.27748, 44.589579], [94.295464, 44.571389], [94.321922, 44.528033], [94.338458, 44.512116], [94.366364, 44.504313], [94.430132, 44.504468], [94.588055, 44.4361], [94.657199, 44.388816], [94.69823, 44.343496], [94.720864, 44.335796], [94.905762, 44.294248], [94.993819, 44.259418], [95.036814, 44.254974], [95.379428, 44.287117], [95.397722, 44.280502], [95.389247, 44.260762], [95.359688, 44.231823], [95.347492, 44.214925], [95.340568, 44.187537], [95.322688, 44.158236], [95.321447, 44.148417], [95.328269, 44.09824], [95.31876, 44.040724], [95.318967, 44.017108], [95.327545, 44.006669], [95.422733, 43.988634], [95.474926, 43.986619], [95.510273, 43.979125], [95.535284, 43.95768], [95.589235, 43.869494], [95.692484, 43.630542], [95.832837, 43.408902], [95.841416, 43.372522], [95.845446, 43.326478], [95.854955, 43.284543], [95.874385, 43.247103], [95.908492, 43.214547], [96.294308, 42.933272], [96.318699, 42.910069], [96.330688, 42.889709], [96.337199, 42.86648], [96.350635, 42.740906], [96.357767, 42.724499], [96.379264, 42.720546], [96.474659, 42.732147], [97.193271, 42.78726], [99.474476, 42.564199], [99.971551, 42.676285], [100.016975, 42.676518], [101.21871, 42.529834], [101.41074, 42.544872], [101.524945, 42.537456], [101.637599, 42.515442], [101.735371, 42.461156], [101.886473, 42.278015], [101.97422, 42.20789], [102.034164, 42.18461], [103.073481, 42.004517], [103.691427, 41.759235], [103.720986, 41.755566], [104.500784, 41.870598], [104.497993, 41.665778], [104.504918, 41.656554], [104.601243, 41.645444], [104.892336, 41.644772], [104.913678, 41.638338], [104.935434, 41.622422], [104.97383, 41.586145], [105.014809, 41.596144], [105.200896, 41.743474], [105.218259, 41.748435], [105.274483, 41.755463], [105.325953, 41.776702], [105.358199, 41.785848], [105.402744, 41.811532], [105.868607, 41.993484], [106.767829, 42.286619], [108.177355, 42.454309], [108.234768, 42.450072], [108.319775, 42.432553], [108.536455, 42.435111], [108.796852, 42.398369], [108.82853, 42.400049], [108.862688, 42.40886], [108.961287, 42.447539], [108.994463, 42.449529], [109.253414, 42.425939], [109.280285, 42.428316], [109.328551, 42.440486], [109.485131, 42.449296], [109.500013, 42.463327], [109.518307, 42.467331], [109.667342, 42.54898], [109.912701, 42.62882], [109.987322, 42.636468], [110.060186, 42.638355], [110.074862, 42.643522], [110.105661, 42.666673], [110.139871, 42.682615], [110.406728, 42.768605], [110.424815, 42.785245], [110.449413, 42.837335], [110.473391, 42.854905], [110.566718, 42.91056], [110.608163, 42.944667], [110.641029, 42.987791], [110.66573, 43.0374], [110.680096, 43.057657], [110.796989, 43.148918], [110.933724, 43.287772], [110.973412, 43.3156], [111.096092, 43.366656], [111.338558, 43.438177], [111.401396, 43.475513], [111.428681, 43.483936], [111.535031, 43.490732], [111.567691, 43.50254], [111.59725, 43.523391], [111.753829, 43.663202], [111.77264, 43.669299], [111.845813, 43.666922], [111.893252, 43.682606], [111.910409, 43.684983], [111.933353, 43.696636], [111.945136, 43.72387], [111.947926, 43.756968], [111.944309, 43.786372], [111.930563, 43.820143], [111.838785, 43.938792], [111.811397, 43.964294], [111.780701, 43.986205], [111.66815, 44.041344], [111.634457, 44.065942], [111.543816, 44.156737], [111.519425, 44.18857], [111.503715, 44.225725], [111.498134, 44.264431], [111.49059, 44.282621], [111.473226, 44.298848], [111.410595, 44.326081], [111.396435, 44.346597], [111.397055, 44.387369], [111.406357, 44.416463], [111.424134, 44.448037], [111.446871, 44.475891], [111.483768, 44.506432], [111.508986, 44.546584], [111.538235, 44.58343], [111.543816, 44.601258], [111.544436, 44.618105], [111.540096, 44.652211], [111.541026, 44.668231], [111.551361, 44.69319], [111.738533, 44.9663], [111.760651, 44.989296], [111.786489, 45.008572], [111.843333, 45.039526], [111.926739, 45.06092], [111.958261, 45.084536], [112.011488, 45.087482], [112.107606, 45.067379], [112.379631, 45.070738], [112.412807, 45.066036], [112.441333, 45.052393], [112.523912, 44.993275], [112.564529, 44.943924], [112.586027, 44.923822], [112.614242, 44.908836], [112.748497, 44.865273], [112.973186, 44.821245], [113.016905, 44.82109], [113.104858, 44.794373], [113.473208, 44.770705], [113.488917, 44.766261], [113.517133, 44.749518], [113.532429, 44.74528], [113.604776, 44.739699], [113.635058, 44.746262], [113.672472, 44.768173], [113.735621, 44.815922], [113.83763, 44.867908], [113.889306, 44.908268], [113.913801, 44.915451], [113.973125, 44.919326], [114.01705, 44.927285], [114.055291, 44.940565], [114.089294, 44.961753], [114.120403, 44.993224], [114.149342, 45.030069], [114.163605, 45.040146], [114.211767, 45.06216], [114.418886, 45.20148], [114.473043, 45.259202], [114.502292, 45.303231], [114.511697, 45.325503], [114.519449, 45.370927], [114.52379, 45.38028], [114.533711, 45.3855], [114.66931, 45.42281], [114.703313, 45.427151], [114.737317, 45.425032], [114.905265, 45.377748], [114.938855, 45.373769], [115.126337, 45.39444], [115.33728, 45.394698], [115.472982, 45.412785], [115.63783, 45.444359], [115.667389, 45.454281], [115.6924, 45.468957], [115.767331, 45.530142], [115.982822, 45.659643], [116.002149, 45.675559], [116.011967, 45.678557], [116.078733, 45.673389], [116.094856, 45.676541], [116.143949, 45.694628], [116.169891, 45.709097], [116.230352, 45.769766], [116.251643, 45.803252], [116.242134, 45.82692], [116.220947, 45.849761], [116.207098, 45.88087], [116.213195, 45.908155], [116.357166, 46.105559], [116.525114, 46.226792], [116.539584, 46.24121], [116.568316, 46.290871], [116.603559, 46.309319], [116.64521, 46.318466], [116.707325, 46.324228], [116.722002, 46.328698], [116.78484, 46.365905], [116.804581, 46.382906], [116.814606, 46.38673], [116.831659, 46.386369], [116.957853, 46.366422], [117.301708, 46.350144], [117.337468, 46.357275], [117.353074, 46.379496], [117.357518, 46.448406], [117.369197, 46.475691], [117.405474, 46.510806], [117.412502, 46.524629], [117.410125, 46.539796], [117.393795, 46.57137], [117.47286, 46.584677], [117.501799, 46.577261], [117.510067, 46.578476], [117.556266, 46.601601], [117.568151, 46.603539], [117.582001, 46.591989], [117.607529, 46.550545], [117.625202, 46.535662], [117.673365, 46.516025], [117.696206, 46.512253], [117.797595, 46.520262], [117.817025, 46.527471], [117.832735, 46.542793], [117.859297, 46.580285], [117.878313, 46.596382], [117.900638, 46.607596], [117.923789, 46.615192], [118.005541, 46.626974], [118.083882, 46.668264], [118.101969, 46.67307], [118.155506, 46.674568], [118.169045, 46.678496], [118.206045, 46.700923], [118.238291, 46.715393], [118.268987, 46.722937], [118.30082, 46.724849], [118.335547, 46.722162], [118.371203, 46.713971], [118.435179, 46.691156], [118.472799, 46.685679], [118.551967, 46.685756], [118.567729, 46.689735], [118.595169, 46.703042], [118.60938, 46.705781], [118.647414, 46.697719], [118.684621, 46.683457], [118.720071, 46.676739], [118.753816, 46.691156], [118.792211, 46.737768], [118.816241, 46.758181], [118.846523, 46.765493], [118.867452, 46.758336], [118.879648, 46.72733], [118.890551, 46.713532], [118.907088, 46.709398], [118.922074, 46.715496], [118.947034, 46.737148], [118.967239, 46.740456], [118.984913, 46.724539], [119.014058, 46.683301], [119.036951, 46.668729], [119.062376, 46.660951], [119.316934, 46.611678], [119.363287, 46.613047], [119.452946, 46.627491], [119.501263, 46.628008], [119.623478, 46.616329], [119.658773, 46.596175], [119.680116, 46.591628], [119.719648, 46.602712], [119.740267, 46.613254], [119.754426, 46.62439], [119.782228, 46.655629], [119.796284, 46.658833], [119.817265, 46.651624], [119.834421, 46.650952], [119.85442, 46.65966], [119.872662, 46.673225], [119.904185, 46.708933], [119.907027, 46.718312], [119.883101, 46.753013], [119.885891, 46.770066], [119.898655, 46.802054], [119.897983, 46.824378], [119.902893, 46.842413], [119.883101, 46.855436], [119.881447, 46.872851], [119.896433, 46.898586], [119.892919, 46.90551], [119.852301, 46.910729], [119.843516, 46.918171], [119.831683, 46.942149], [119.784295, 46.978322], [119.770136, 46.992998], [119.761713, 47.015478], [119.760524, 47.074595], [119.753961, 47.094439], [119.728898, 47.128649], [119.699959, 47.159526], [119.629421, 47.216086], [119.587356, 47.238358], [119.525086, 47.250812], [119.512994, 47.262672], [119.49067, 47.297166], [119.475994, 47.309206], [119.320654, 47.40703], [119.281897, 47.414859], [119.288822, 47.429147], [119.312593, 47.452247], [119.31776, 47.462117], [119.310112, 47.476095], [119.291044, 47.48439], [119.157564, 47.517669], [119.133896, 47.527539], [119.122113, 47.53896], [119.116532, 47.556039], [119.104233, 47.62774], [119.096947, 47.646602], [119.08346, 47.661562], [119.059585, 47.673474], [118.972614, 47.695126], [118.767406, 47.756156], [118.713301, 47.793621], [118.605246, 47.914673], [118.542252, 47.966246], [118.472799, 47.989449], [118.280046, 47.998131], [118.254311, 48.002859], [118.206252, 48.023297], [118.182481, 48.028206], [118.122536, 48.027509], [118.064039, 48.019577], [117.997169, 47.999991], [117.972778, 47.997898], [117.815165, 48.004823], [117.766899, 47.993144], [117.741681, 47.977589], [117.527224, 47.78649], [117.47286, 47.757241], [117.43648, 47.730499], [117.399893, 47.685669], [117.360826, 47.650865], [117.317107, 47.654069], [117.069681, 47.810158], [117.047356, 47.81946], [116.85326, 47.872118], [116.822047, 47.876304], [116.751664, 47.874133], [116.49969, 47.836358], [116.428893, 47.835143], [116.243891, 47.862894], [116.181569, 47.849587], [116.084314, 47.806928], [115.9729, 47.709053], [115.914506, 47.683912], [115.852701, 47.705565], [115.5999, 47.887414], [115.575715, 47.909738], [115.561866, 47.933199], [115.51422, 48.131637], [115.536441, 48.149155], [115.770845, 48.224086], [115.799991, 48.242328], [115.809292, 48.273954], [115.786555, 48.473011], [115.786555, 48.49301], [115.791206, 48.513836], [115.800404, 48.530372], [116.028194, 48.767464], [116.048038, 48.799761], [116.047624, 48.817693], [116.033568, 48.852368], [116.037806, 48.870145], [116.472921, 49.516462], [116.684278, 49.823265], [116.69296979213505, 49.818328590421494]]}}, {"type": "Feature", "properties": {"a": "CHN", "b": "RUS"}, "geometry": {"type": "MultiLineString", "coordinates": [[[87.31107891583227, 49.08769679842185], [87.362295, 49.075093], [87.400432, 49.071011], [87.438363, 49.07468], [87.481771, 49.09163], [87.500064, 49.119173], [87.506059, 49.120879], [87.525282, 49.119794], [87.716382, 49.158861], [87.816324, 49.165837], [87.8179343372919, 49.15499082384045]], [[116.6786083461018, 49.81503500608009], [116.684278, 49.823265], [116.722312, 49.801664], [117.057588, 49.672886], [117.252925, 49.62245], [117.47286, 49.614285], [117.758838, 49.512741], [117.768863, 49.510984], [117.795011, 49.519149], [117.803589, 49.518891], [117.815785, 49.511966], [117.836869, 49.50902], [117.873766, 49.513206], [117.893816, 49.546641], [117.930713, 49.567312], [118.017116, 49.595785], [118.054943, 49.614027], [118.106413, 49.651802], [118.168632, 49.671491], [118.188475, 49.681258], [118.208216, 49.695417], [118.223409, 49.712109], [118.229403, 49.729214], [118.241702, 49.729162], [118.305161, 49.767093], [118.353633, 49.776446], [118.37296, 49.786316], [118.380918, 49.811483], [118.393734, 49.820009], [118.455849, 49.828639], [118.477037, 49.835977], [118.490783, 49.869515], [118.521272, 49.894062], [118.570623, 49.920727], [118.599975, 49.930959], [118.644365, 49.954575], [118.670565, 49.962068], [118.712939, 49.949459], [118.741465, 49.953076], [118.791643, 49.966357], [118.891378, 49.979328], [118.923779, 49.991627], [118.962537, 49.982015], [118.990442, 49.979328], [119.091676, 49.986562], [119.189551, 50.007285], [119.208516, 50.015139], [119.251046, 50.048264], [119.301327, 50.079787], [119.328613, 50.108054], [119.34396, 50.142419], [119.348301, 50.184586], [119.347268, 50.195077], [119.331558, 50.217349], [119.33378, 50.27626], [119.338534, 50.294037], [119.35042, 50.301479], [119.362461, 50.304166], [119.365509, 50.310832], [119.356621, 50.340753], [119.3529, 50.345507], [119.31435, 50.351708], [119.250788, 50.34251], [119.223709, 50.356101], [119.17534, 50.356101], [119.180508, 50.369795], [119.171878, 50.375686], [119.141234, 50.376616], [119.133482, 50.381474], [119.137565, 50.392532], [119.154876, 50.411394], [119.206759, 50.415115], [119.243656, 50.445501], [119.264585, 50.48276], [119.264017, 50.489581], [119.254509, 50.497022], [119.250891, 50.504515], [119.264585, 50.520018], [119.286548, 50.577741], [119.285256, 50.588903], [119.293576, 50.599238], [119.326132, 50.609987], [119.348973, 50.634688], [119.364373, 50.637272], [119.373726, 50.64275], [119.383079, 50.666624], [119.391658, 50.67205], [119.417754, 50.676288], [119.442817, 50.685073], [119.496664, 50.737059], [119.504932, 50.750598], [119.514854, 50.79194], [119.514079, 50.813385], [119.497491, 50.835916], [119.515785, 50.848112], [119.52798, 50.866767], [119.529996, 50.887076], [119.517955, 50.904801], [119.573197, 50.945832], [119.604255, 50.978181], [119.683216, 51.01606], [119.710191, 51.03854], [119.710398, 51.062466], [119.728433, 51.064533], [119.740835, 51.071535], [119.748277, 51.083395], [119.754633, 51.114297], [119.765227, 51.142435], [119.758147, 51.158015], [119.767087, 51.159721], [119.785432, 51.171658], [119.758147, 51.199021], [119.762178, 51.21504], [119.772306, 51.218477], [119.802434, 51.213283], [119.814991, 51.215893], [119.805948, 51.244005], [119.819642, 51.274727], [119.860621, 51.289015], [119.883307, 51.318006], [119.915657, 51.330744], [119.912711, 51.349632], [119.895296, 51.383971], [119.943045, 51.390818], [119.952864, 51.397665], [119.959995, 51.412289], [119.982733, 51.442158], [119.974155, 51.464172], [119.977203, 51.487013], [119.99219, 51.503266], [120.042161, 51.538535], [120.052909, 51.552203], [120.056733, 51.596387], [120.064898, 51.614887], [120.100452, 51.659949], [120.108203, 51.665194], [120.122363, 51.667157], [120.153782, 51.663979], [120.165616, 51.668553], [120.18148, 51.68297], [120.319301, 51.77604], [120.37444, 51.802317], [120.40834, 51.826088], [120.427564, 51.833659], [120.464822, 51.840196], [120.480894, 51.866861], [120.493141, 51.875724], [120.526627, 51.877429], [120.541148, 51.882984], [120.566315, 51.905334], [120.578614, 51.907685], [120.624967, 51.905334], [120.647602, 51.911019], [120.662071, 51.925049], [120.683517, 51.95931], [120.705789, 51.979955], [120.710905, 51.988327], [120.711577, 52.001582], [120.696384, 52.034474], [120.697314, 52.04871], [120.705634, 52.061035], [120.745064, 52.076667], [120.766664, 52.108448], [120.77917, 52.117595], [120.771263, 52.132478], [120.771263, 52.140979], [120.784079, 52.158006], [120.783201, 52.161985], [120.777413, 52.164957], [120.753745, 52.194464], [120.751265, 52.202965], [120.758086, 52.237407], [120.738966, 52.256605], [120.65494, 52.299109], [120.635768, 52.326187], [120.626156, 52.346806], [120.628378, 52.357891], [120.652201, 52.372463], [120.660418, 52.398792], [120.681398, 52.422977], [120.69039, 52.439126], [120.69039, 52.470158], [120.701965, 52.488761], [120.708115, 52.518139], [120.72398, 52.542169], [120.707391, 52.550334], [120.654475, 52.566999], [120.608741, 52.574001], [120.539598, 52.603664], [120.491849, 52.617255], [120.46415, 52.636039], [120.454022, 52.639036], [120.429941, 52.636091], [120.367619, 52.617255], [120.261114, 52.611053], [120.242097, 52.607229], [120.19812, 52.589117], [120.175951, 52.583742], [120.112854, 52.584518], [120.079368, 52.589969], [120.056423, 52.600511], [120.033789, 52.625368], [120.03012, 52.639372], [120.032601, 52.65888], [120.052909, 52.693012], [120.044021, 52.723527], [120.046088, 52.733992], [120.032962, 52.760657], [120.065828, 52.783213], [120.155952, 52.809077], [120.177398, 52.817914], [120.219618, 52.844915], [120.252484, 52.852692], [120.280182, 52.865922], [120.290724, 52.885352], [120.326691, 52.899046], [120.337233, 52.907702], [120.35408, 52.93323], [120.391907, 52.956769], [120.450301, 53.008342], [120.527609, 53.055807], [120.614787, 53.09707], [120.652201, 53.122831], [120.714058, 53.185049], [120.751265, 53.206908], [120.82387, 53.235227], [120.830433, 53.244839], [120.825989, 53.261866], [120.845729, 53.273442], [120.874255, 53.28016], [121.054864, 53.290004], [121.151809, 53.274501], [121.203485, 53.276749], [121.25356, 53.286929], [121.299965, 53.302536], [121.328335, 53.319977], [121.340996, 53.323646], [121.357636, 53.324059], [121.405798, 53.316824], [121.458767, 53.320442], [121.512148, 53.329821], [121.64103, 53.384908], [121.888973, 53.43059], [122.081623, 53.429505], [122.108081, 53.438083], [122.147769, 53.461131], [122.168698, 53.469141], [122.225697, 53.473946], [122.293703, 53.492653], [122.316751, 53.496012], [122.337835, 53.49131], [122.358092, 53.479579], [122.379692, 53.461647], [122.401603, 53.45095], [122.425168, 53.452449], [122.471211, 53.464748], [122.859663, 53.473946], [123.002548, 53.507329], [123.153599, 53.513117], [123.164244, 53.516373], [123.180057, 53.53048], [123.20326, 53.538284], [123.234731, 53.560349], [123.252559, 53.567791], [123.309558, 53.567481], [123.340254, 53.561435], [123.367746, 53.545828], [123.43167, 53.535803], [123.471409, 53.519008], [123.481537, 53.518078], [123.485516, 53.525985], [123.486085, 53.543916], [123.494766, 53.560091], [123.514404, 53.562416], [123.535281, 53.554613], [123.547476, 53.540506], [123.532594, 53.532496], [123.519571, 53.51999], [123.541895, 53.514099], [123.560912, 53.524176], [123.591918, 53.557869], [123.614294, 53.563347], [123.639564, 53.551254], [123.677753, 53.51999], [123.701782, 53.510068], [123.732168, 53.503764], [123.850197, 53.494979], [123.876552, 53.488674], [123.970551, 53.455188], [123.989723, 53.441494], [124.01737, 53.407025], [124.029928, 53.399946], [124.068892, 53.38961], [124.100259, 53.363359], [124.121808, 53.352688], [124.140257, 53.357804], [124.157775, 53.370025], [124.182218, 53.378552], [124.20878, 53.382686], [124.232706, 53.381652], [124.253066, 53.375503], [124.275391, 53.364702], [124.293426, 53.351292], [124.304743, 53.329046], [124.325827, 53.305998], [124.342518, 53.272486], [124.383704, 53.246131], [124.408199, 53.235692], [124.453933, 53.228199], [124.500493, 53.213678], [124.528192, 53.210345], [124.651595, 53.208769], [124.688285, 53.193602], [124.696399, 53.183757], [124.695572, 53.169805], [124.698259, 53.162648], [124.72017, 53.148824], [124.7473, 53.147713], [124.801353, 53.155155], [124.822024, 53.147248], [124.848121, 53.113684], [124.870135, 53.108], [124.896231, 53.117663], [124.891787, 53.134251], [124.879178, 53.153863], [124.880418, 53.172518], [124.897678, 53.185514], [124.919176, 53.193938], [125.019428, 53.210733], [125.073688, 53.212205], [125.127432, 53.206547], [125.428085, 53.094693], [125.456404, 53.090895], [125.476506, 53.083505], [125.499502, 53.050613], [125.521309, 53.042422], [125.584045, 53.058907], [125.621355, 53.062137], [125.637995, 53.046143], [125.65019, 53.02338], [125.678613, 53.00568], [125.733545, 52.981651], [125.71985, 52.946304], [125.711065, 52.941214], [125.678871, 52.93323], [125.660939, 52.919355], [125.64709, 52.900906], [125.64647, 52.884887], [125.668691, 52.877962], [125.691738, 52.881295], [125.73649, 52.895791], [125.837363, 52.90672], [125.856948, 52.899046], [125.863717, 52.888582], [125.857516, 52.874422], [125.856948, 52.86432], [125.867438, 52.849359], [125.976941, 52.764997], [125.98526, 52.764532], [126.017817, 52.782387], [126.066703, 52.783188], [126.088045, 52.77541], [126.104065, 52.754455], [126.066031, 52.744172], [126.049029, 52.737092], [126.035128, 52.727119], [126.061948, 52.69663], [126.068615, 52.679886], [126.052647, 52.672497], [126.027687, 52.671179], [126.002572, 52.665494], [125.98278, 52.65304], [125.973168, 52.631569], [125.977302, 52.610769], [125.990842, 52.58643], [126.009238, 52.568394], [126.028049, 52.566379], [126.059106, 52.5755], [126.068615, 52.595318], [126.082774, 52.593354], [126.170365, 52.547595], [126.212327, 52.533048], [126.210466, 52.511421], [126.200648, 52.486539], [126.200338, 52.467083], [126.275992, 52.463285], [126.312682, 52.417422], [126.343688, 52.391377], [126.350716, 52.376907], [126.344308, 52.35758], [126.315731, 52.316213], [126.344412, 52.302623], [126.421203, 52.287301], [126.43929, 52.275286], [126.392057, 52.264356], [126.312217, 52.22795], [126.309323, 52.213868], [126.316713, 52.199761], [126.332836, 52.193379], [126.350716, 52.191699], [126.453294, 52.165628], [126.493808, 52.161262], [126.53117, 52.152658], [126.555975, 52.130643], [126.551324, 52.11297], [126.519801, 52.061268], [126.514427, 52.042535], [126.467092, 52.031657], [126.447351, 52.01879], [126.43929, 51.997861], [126.446059, 51.982539], [126.647907, 51.741261], [126.662428, 51.733433], [126.713588, 51.723175], [126.725577, 51.708731], [126.727954, 51.703047], [126.724854, 51.697543], [126.707335, 51.685632], [126.715759, 51.663178], [126.724543, 51.649588], [126.723717, 51.635893], [126.703976, 51.613595], [126.675141, 51.588377], [126.676898, 51.576595], [126.700566, 51.562719], [126.7756, 51.54577], [126.807432, 51.53422], [126.830377, 51.508123], [126.801593, 51.477221], [126.792705, 51.459056], [126.789294, 51.435802], [126.800301, 51.418956], [126.825933, 51.412083], [126.890115, 51.407018], [126.901949, 51.400998], [126.909442, 51.391102], [126.908925, 51.37702], [126.897505, 51.361956], [126.843451, 51.349373], [126.827018, 51.338986], [126.81415, 51.32493], [126.807329, 51.30811], [126.808983, 51.289067], [126.823711, 51.265554], [126.84588, 51.251472], [126.869909, 51.251731], [126.890683, 51.271497], [126.892905, 51.282013], [126.884844, 51.29563], [126.885309, 51.30289], [126.899365, 51.316507], [126.934453, 51.328754], [126.954607, 51.329581], [126.972177, 51.324], [126.981169, 51.308859], [126.977758, 51.29656], [126.947114, 51.258139], [126.916315, 51.232765], [126.908925, 51.221629], [126.905153, 51.208116], [126.905411, 51.164268], [126.922981, 51.107915], [126.931766, 51.063783], [126.946442, 51.048332], [126.981169, 51.027687], [127.032328, 50.972445], [127.047108, 50.967226], [127.110773, 50.931518], [127.144259, 50.903509], [127.220741, 50.788167], [127.287352, 50.751012], [127.296447, 50.730083], [127.293243, 50.715355], [127.282287, 50.69484], [127.288953, 50.675151], [127.327091, 50.637272], [127.343989, 50.627764], [127.358717, 50.605026], [127.367088, 50.577792], [127.364814, 50.554745], [127.323628, 50.513765], [127.302648, 50.477592], [127.288953, 50.466016], [127.304663, 50.451444], [127.349157, 50.426174], [127.35851, 50.415115], [127.358717, 50.381319], [127.337529, 50.35269], [127.331845, 50.340184], [127.330656, 50.328195], [127.354634, 50.298636], [127.404812, 50.27595], [127.578393, 50.220553], [127.590641, 50.208719], [127.586713, 50.167172], [127.570177, 50.130223], [127.506615, 50.063457], [127.486668, 50.02563], [127.494419, 49.973178], [127.534003, 49.922484], [127.532246, 49.907652], [127.520877, 49.891788], [127.511627, 49.86905], [127.506718, 49.844297], [127.508113, 49.822335], [127.538654, 49.789934], [127.644281, 49.767144], [127.679989, 49.739187], [127.686294, 49.716811], [127.689963, 49.681465], [127.703605, 49.660639], [127.722002, 49.648599], [127.770009, 49.633871], [127.830884, 49.593873], [127.854655, 49.584881], [127.920698, 49.581109], [127.930155, 49.585192], [127.947931, 49.601211], [127.96793, 49.603227], [127.991598, 49.598731], [128.012475, 49.587414], [128.046892, 49.558268], [128.067149, 49.546693], [128.09247, 49.541577], [128.198304, 49.538993], [128.225072, 49.541835], [128.26786, 49.558785], [128.320363, 49.544781], [128.344755, 49.547985], [128.365012, 49.56974], [128.383512, 49.579352], [128.551254, 49.588447], [128.628665, 49.575321], [128.635176, 49.578164], [128.666182, 49.609479], [128.671866, 49.611443], [128.734188, 49.584416], [128.796923, 49.572479], [128.801678, 49.565141], [128.803435, 49.544264], [128.799507, 49.531861], [128.769328, 49.520699], [128.754135, 49.502458], [128.750208, 49.484526], [128.76013, 49.470883], [128.786588, 49.465457], [128.853561, 49.480547], [128.879192, 49.47972], [128.947095, 49.449541], [128.998151, 49.441273], [129.014585, 49.431092], [129.050551, 49.376677], [129.066881, 49.361639], [129.087862, 49.352079], [129.115354, 49.348772], [129.136024, 49.354146], [129.171164, 49.380346], [129.193902, 49.3897], [129.21788, 49.390785], [129.245578, 49.385927], [129.272347, 49.375282], [129.316065, 49.344121], [129.340973, 49.341175], [129.362057, 49.349805], [129.373219, 49.369856], [129.371462, 49.410577], [129.378697, 49.425046], [129.403398, 49.430679], [129.455075, 49.427268], [129.480603, 49.421274], [129.50241, 49.410784], [129.51967, 49.397089], [129.527732, 49.384842], [129.532072, 49.321538], [129.538997, 49.30371], [129.551813, 49.290481], [129.57176, 49.279836], [129.619199, 49.274254], [129.669222, 49.279164], [129.711183, 49.274151], [129.735057, 49.238908], [129.737538, 49.205473], [129.741775, 49.195706], [129.755625, 49.184286], [129.775985, 49.177568], [129.824664, 49.174157], [129.841511, 49.167181], [129.845438, 49.154055], [129.841511, 49.1092], [129.862491, 49.106513], [129.883162, 49.099795], [129.920679, 49.081863], [129.911687, 49.05928], [129.913444, 49.03954], [129.926467, 49.025691], [129.974216, 49.015149], [129.99685, 49.002385], [130.037468, 48.971999], [130.201799, 48.882599], [130.249341, 48.864512], [130.293576, 48.870145], [130.338121, 48.885338], [130.386801, 48.896293], [130.439717, 48.8965], [130.465349, 48.891332], [130.486639, 48.863685], [130.511651, 48.85552], [130.5409, 48.853453], [130.564878, 48.855882], [130.624926, 48.874331], [130.65066, 48.876398], [130.674328, 48.870817], [130.676499, 48.857432], [130.66668, 48.841464], [130.627819, 48.796041], [130.533252, 48.635792], [130.529738, 48.616258], [130.540796, 48.598353], [130.562397, 48.588146], [130.607666, 48.576726], [130.620171, 48.5605], [130.620791, 48.549312], [130.613453, 48.519468], [130.626373, 48.482261], [130.639292, 48.477249], [130.715876, 48.499056], [130.744298, 48.497325], [130.758974, 48.485724], [130.759594, 48.467921], [130.738304, 48.42981], [130.743265, 48.411594], [130.779645, 48.356378], [130.79029, 48.348213], [130.814475, 48.33997], [130.822123, 48.333769], [130.82512, 48.317775], [130.823983, 48.294159], [130.819436, 48.281886], [130.773857, 48.244188], [130.763625, 48.225275], [130.752773, 48.189618], [130.707298, 48.163366], [130.674742, 48.135926], [130.663373, 48.116444], [130.674742, 48.063941], [130.68239, 48.05035], [130.857366, 47.927773], [130.906976, 47.884262], [130.941702, 47.820596], [130.942322, 47.789823], [130.938291, 47.751092], [130.941805, 47.717967], [130.96568, 47.703937], [130.983457, 47.700035], [131.023351, 47.682284], [131.044125, 47.67722], [131.103863, 47.676548], [131.129184, 47.681225], [131.167218, 47.697141], [131.210109, 47.709208], [131.418366, 47.742617], [131.440896, 47.74117], [131.475003, 47.734478], [131.507766, 47.721533], [131.537945, 47.703213], [131.577426, 47.668564], [131.603264, 47.661536], [131.630652, 47.666859], [131.683569, 47.694609], [131.702999, 47.69616], [131.780411, 47.679106], [131.854618, 47.684067], [131.894305, 47.670011], [131.914046, 47.667634], [131.932959, 47.672233], [131.966549, 47.69001], [132.025357, 47.697865], [132.089229, 47.694764], [132.117031, 47.689442], [132.161679, 47.69001], [132.202194, 47.7005], [132.250769, 47.725357], [132.332418, 47.736519], [132.366525, 47.73533], [132.400631, 47.729801], [132.453238, 47.710526], [132.475769, 47.706753], [132.524655, 47.707528], [132.547186, 47.716778], [132.574161, 47.739594], [132.582325, 47.75613], [132.573644, 47.782227], [132.576434, 47.794241], [132.60744, 47.827624], [132.658807, 47.869818], [132.668005, 47.881316], [132.672346, 47.894442], [132.671416, 47.902504], [132.660874, 47.923019], [132.660357, 47.931339], [132.663147, 47.938677], [132.67462, 47.950614], [132.689089, 47.957694], [132.705729, 47.960381], [132.722472, 47.958934], [132.738182, 47.954128], [132.774872, 47.933768], [132.789651, 47.932734], [132.805878, 47.936197], [132.83337, 47.951596], [132.864789, 47.985651], [132.94034, 48.022574], [132.940753, 48.026708], [133.032841, 48.056758], [133.044003, 48.066214], [133.060953, 48.091846], [133.091958, 48.10678], [133.185183, 48.124816], [133.223733, 48.125978], [133.262801, 48.119441], [133.301455, 48.101277], [133.323676, 48.100114], [133.396229, 48.105928], [133.463719, 48.089521], [133.524387, 48.095438], [133.544024, 48.10151], [133.55994, 48.113292], [133.57782, 48.145021], [133.59384, 48.164193], [133.621435, 48.177267], [133.670218, 48.18998], [133.685514, 48.202072], [133.721274, 48.244757], [133.737914, 48.251087], [133.796618, 48.250596], [133.867622, 48.274315], [133.936971, 48.273282], [133.966427, 48.278656], [133.982447, 48.285168], [134.024821, 48.315062], [134.057171, 48.32718], [134.116082, 48.33519], [134.206206, 48.359659], [134.38635, 48.381337], [134.453116, 48.344182], [134.471306, 48.339893], [134.489806, 48.339169], [134.508203, 48.34258], [134.542619, 48.357308], [134.569491, 48.315527], [134.611349, 48.285426], [134.661165, 48.266977], [134.700852, 48.261526], [134.718733, 48.263412], [134.703023, 48.25256], [134.687417, 48.219849], [134.682972, 48.135513], [134.662715, 48.107969], [134.647936, 48.102181], [134.586441, 48.06115], [134.567217, 48.040376], [134.559362, 48.009525], [134.566907, 47.985496], [134.601324, 47.944129], [134.587681, 47.925913], [134.59905, 47.910694], [134.622718, 47.90023], [134.645765, 47.896302], [134.657754, 47.886691], [134.667573, 47.864676], [134.676461, 47.824317], [134.696512, 47.795068], [134.769789, 47.741015], [134.765138, 47.718174], [134.772579, 47.710732], [134.72545, 47.663242], [134.692894, 47.648901], [134.686693, 47.631151], [134.682662, 47.587846], [134.668193, 47.573996], [134.624268, 47.549631], [134.614966, 47.536634], [134.560603, 47.481806], [134.556882, 47.471186], [134.535281, 47.465579], [134.484638, 47.430181], [134.436579, 47.429819], [134.414978, 47.439224], [134.378185, 47.430181], [134.332606, 47.426357], [134.312866, 47.42013], [134.292815, 47.409717], [134.279483, 47.397806], [134.257469, 47.367239], [134.245066, 47.355095], [134.203002, 47.338429], [134.183571, 47.3275], [134.17551, 47.310421], [134.170136, 47.286805], [134.154116, 47.257892], [134.161867, 47.238436], [134.197214, 47.205337], [134.189773, 47.172936], [134.198764, 47.155547], [134.216231, 47.137667], [134.22729, 47.117745], [134.217161, 47.094439], [134.197111, 47.085163], [134.145744, 47.081184], [134.124247, 47.070513], [134.114222, 47.055811], [134.08735, 46.998812], [134.06916, 46.981242], [134.066989, 46.926801], [134.062752, 46.906854], [134.020481, 46.834042], [134.016657, 46.819469], [134.021411, 46.806136], [134.03588, 46.7896], [134.044665, 46.772004], [134.041771, 46.752703], [134.025855, 46.710819], [134.014796, 46.665034], [134.005288, 46.645836], [133.988028, 46.625166], [133.967357, 46.611187], [133.920332, 46.590336], [133.902452, 46.573644], [133.896354, 46.538194], [133.89191, 46.52897], [133.849328, 46.480291], [133.845814, 46.470653], [133.847778, 46.456985], [133.854393, 46.44466], [133.881884, 46.437115], [133.900281, 46.426573], [133.921469, 46.41014], [133.933871, 46.390761], [133.926016, 46.371305], [133.880851, 46.353658], [133.863384, 46.339291], [133.874443, 46.319784], [133.885192, 46.326579], [133.896354, 46.327199], [133.906999, 46.322471], [133.915991, 46.312988], [133.89377, 46.301878], [133.89408, 46.291336], [133.901935, 46.278055], [133.902452, 46.258986], [133.890049, 46.250821], [133.855323, 46.236559], [133.860904, 46.223588], [133.830105, 46.196871], [133.821216, 46.200127], [133.812948, 46.214183], [133.80623, 46.217387], [133.793518, 46.214286], [133.775121, 46.186691], [133.741014, 46.159044], [133.720034, 46.150207], [133.698743, 46.149019], [133.687374, 46.141836], [133.696366, 46.115016], [133.71931, 46.079307], [133.720034, 46.063753], [133.694816, 46.022773], [133.658125, 45.93451], [133.649857, 45.927844], [133.62774, 45.937766], [133.617611, 45.936267], [133.610066, 45.929807], [133.603038, 45.898647], [133.586502, 45.888415], [133.585882, 45.876322], [133.570069, 45.876426], [133.552292, 45.888415], [133.531622, 45.888156], [133.514362, 45.879268], [133.502683, 45.862008], [133.498342, 45.837203], [133.477258, 45.820098], [133.477258, 45.805836], [133.483769, 45.796586], [133.503406, 45.787646], [133.511364, 45.778551], [133.484906, 45.768474], [133.47085, 45.728889], [133.443048, 45.709666], [133.451626, 45.699176], [133.476638, 45.693594], [133.4878, 45.68667], [133.491521, 45.673389], [133.482839, 45.662899], [133.456691, 45.648791], [133.477258, 45.627707], [133.427649, 45.615253], [133.415143, 45.600422], [133.425168, 45.580423], [133.413489, 45.573343], [133.374835, 45.573085], [133.33029, 45.549262], [133.298871, 45.542079], [133.271689, 45.528437], [133.24089, 45.523269], [133.202133, 45.51128], [133.189214, 45.504149], [133.179808, 45.493813], [133.140224, 45.435419], [133.133196, 45.419606], [133.127202, 45.385086], [133.10188, 45.287211], [133.106738, 45.264628], [133.09754, 45.243544], [133.120691, 45.183445], [133.127202, 45.155384], [133.121517, 45.131252], [133.09878, 45.10779], [133.073355, 45.090634], [133.049687, 45.081746], [133.023849, 45.058336], [132.992636, 45.048466], [132.966178, 45.028881], [132.953362, 45.024385], [132.92122, 45.027899], [132.839777, 45.059163], [131.968823, 45.233984], [131.949909, 45.23972], [131.914563, 45.260133], [131.900403, 45.272897], [131.870741, 45.32633], [131.853068, 45.337596], [131.818031, 45.33279], [131.785268, 45.304729], [131.723153, 45.215329], [131.711268, 45.208663], [131.666929, 45.209593], [131.644502, 45.206441], [131.627758, 45.198483], [131.615149, 45.184943], [131.605227, 45.164635], [131.604917, 45.147426], [131.622384, 45.123655], [131.6198, 45.103656], [131.609052, 45.089704], [131.452162, 44.983715], [131.433765, 44.961288], [131.419502, 44.958962], [131.350359, 44.968006], [131.329482, 44.967644], [131.313152, 44.963665], [131.299923, 44.956482], [131.258995, 44.928163], [131.17652, 44.90341], [131.15802, 44.901705], [131.110064, 44.919533], [131.095801, 44.91912], [131.051566, 44.909043], [131.045365, 44.905426], [131.041128, 44.897777], [131.042058, 44.882481], [131.038854, 44.874575], [131.024798, 44.862431], [131.008261, 44.856281], [130.971571, 44.854059], [130.933434, 44.841708], [130.930127, 44.824965], [130.971571, 44.775614], [131.007538, 44.757321], [131.021387, 44.746882], [131.065829, 44.682028], [131.264473, 44.054211], [131.261476, 44.046098], [131.235328, 44.031112], [131.217758, 44.016074], [131.213107, 44.006876], [131.2129, 43.993233], [131.206699, 43.974785], [131.207939, 43.959488], [131.218378, 43.925873], [131.217344, 43.908484], [131.19285, 43.860244], [131.172799, 43.799111], [131.170319, 43.781101], [131.177863, 43.725498], [131.175073, 43.693768], [131.187992, 43.656665], [131.180241, 43.623023], [131.192023, 43.588633], [131.185718, 43.574447], [131.165668, 43.549023], [131.160707, 43.53277], [131.166908, 43.521066], [131.261683, 43.463834], [131.274292, 43.451199], [131.277806, 43.438487], [131.280906, 43.380221], [131.269641, 43.364744], [131.247937, 43.344203], [131.242459, 43.321414], [131.242046, 43.283767], [131.237705, 43.265836], [131.225509, 43.251935], [131.193056, 43.230799], [131.178587, 43.217389], [131.169078, 43.201705], [131.167218, 43.181551], [131.184891, 43.156333], [131.189852, 43.139151], [131.183961, 43.120806], [131.169388, 43.107809], [131.134352, 43.089335], [131.1266, 43.082384], [131.119882, 43.059001], [131.112441, 43.051869], [131.085466, 43.042103], [131.078335, 43.031819], [131.074304, 42.993398], [131.082779, 42.965234], [131.099315, 42.935442], [131.103036, 42.910431], [131.073994, 42.896582], [131.023868, 42.896272], [131.008778, 42.886892], [131.001957, 42.873301], [130.99958, 42.858755], [130.992448, 42.848729], [130.856229, 42.849763], [130.794321, 42.869064], [130.769516, 42.865808], [130.734893, 42.824493], [130.64911, 42.828937], [130.586478, 42.817258], [130.49098, 42.780827], [130.407161, 42.735377], [130.379669, 42.696671], [130.40375, 42.677551], [130.438064, 42.675303], [130.47434, 42.67905], [130.503899, 42.67781], [130.52674, 42.665769], [130.551132, 42.645615], [130.571906, 42.621818], [130.584308, 42.5989], [130.584515, 42.568901], [130.567565, 42.552753], [130.530771, 42.53048], [130.52782399847624, 42.54038553692608]]]}}, {"type": "Feature", "properties": {"a": "CHN", "b": "VNM"}, "geometry": {"type": "LineString", "coordinates": [[107.98213099585314, 21.47040057217247], [107.991222, 21.480129], [107.991222, 21.485663], [107.944191, 21.53078], [107.930962, 21.534242], [107.896132, 21.569434], [107.855463, 21.600336], [107.832363, 21.639352], [107.811641, 21.647827], [107.777896, 21.655992], [107.744823, 21.657542], [107.729424, 21.651961], [107.690253, 21.624728], [107.671856, 21.617648], [107.613204, 21.605607], [107.550985, 21.610827], [107.533053, 21.608656], [107.526542, 21.603282], [107.518274, 21.587366], [107.509851, 21.581785], [107.501324, 21.581526], [107.461016, 21.596357], [107.457037, 21.631497], [107.445927, 21.646949], [107.426032, 21.652065], [107.40996, 21.645398], [107.382882, 21.618888], [107.348155, 21.599355], [107.329655, 21.616046], [107.303197, 21.688703], [107.272656, 21.718314], [107.243872, 21.715161], [107.212143, 21.70524], [107.172352, 21.715058], [107.094837, 21.778982], [107.065847, 21.795828], [107.002905, 21.810556], [106.989107, 21.82425], [106.987144, 21.844818], [107.011845, 21.875565], [107.021147, 21.892257], [107.020217, 21.912927], [107.009364, 21.927448], [106.991898, 21.935355], [106.971227, 21.93582], [106.937741, 21.920007], [106.920378, 21.916958], [106.898829, 21.927758], [106.876866, 21.957317], [106.864774, 21.968066], [106.840538, 21.973595], [106.781523, 21.975042], [106.761008, 21.985067], [106.742559, 22.003878], [106.728761, 22.008322], [106.722354, 22.006978], [106.689746, 21.972872], [106.674605, 21.962175], [106.658947, 21.962795], [106.653107, 21.968893], [106.648198, 21.995506], [106.667887, 22.042687], [106.673003, 22.066096], [106.672176, 22.092503], [106.658688, 22.111933], [106.661324, 22.143559], [106.642358, 22.176115], [106.639671, 22.190895], [106.660549, 22.213426], [106.662926, 22.223296], [106.63378, 22.30944], [106.617295, 22.322773], [106.577453, 22.324582], [106.555335, 22.331971], [106.541796, 22.345097], [106.536525, 22.360548], [106.53451, 22.397549], [106.526913, 22.43827], [106.530324, 22.449277], [106.545879, 22.472531], [106.568771, 22.574592], [106.577143, 22.595314], [106.587995, 22.607768], [106.607632, 22.609991], [106.630059, 22.580122], [106.646338, 22.568804], [106.667887, 22.569114], [106.680186, 22.57945], [106.697704, 22.630868], [106.735531, 22.695412], [106.739562, 22.726779], [106.746641, 22.744349], [106.758475, 22.754219], [106.791497, 22.772125], [106.798731, 22.784373], [106.789843, 22.797188], [106.730363, 22.797628], [106.714912, 22.826101], [106.685147, 22.848219], [106.667473, 22.86752], [106.656828, 22.869975], [106.647939, 22.866977], [106.639878, 22.853387], [106.632747, 22.849614], [106.610371, 22.85287], [106.599157, 22.864988], [106.58169, 22.89527], [106.566963, 22.903771], [106.487794, 22.925423], [106.477976, 22.91961], [106.473738, 22.897105], [106.457977, 22.888966], [106.31566, 22.8538], [106.276593, 22.851035], [106.255405, 22.854653], [106.234011, 22.863851], [106.227087, 22.875556], [106.223004, 22.912375], [106.202385, 22.946998], [106.170036, 22.966015], [106.132105, 22.975007], [106.077587, 22.981027], [105.999245, 22.975369], [105.989995, 22.970615], [105.973975, 22.939893], [105.961211, 22.9324], [105.913204, 22.92439], [105.886642, 22.929764], [105.875997, 22.928266], [105.870106, 22.923098], [105.862251, 22.90775], [105.853879, 22.90465], [105.835689, 22.917233], [105.754712, 23.005677], [105.719676, 23.019604], [105.690324, 23.043969], [105.66495, 23.043375], [105.636838, 23.051333], [105.56599, 23.054098], [105.551572, 23.059679], [105.539687, 23.075466], [105.535294, 23.094095], [105.534829, 23.136263], [105.528266, 23.155513], [105.517156, 23.167734], [105.473851, 23.194503], [105.464342, 23.206001], [105.425895, 23.273206], [105.414475, 23.278477], [105.389515, 23.275428], [105.359646, 23.291551], [105.34404, 23.304186], [105.332258, 23.317958], [105.320062, 23.354338], [105.312155, 23.36581], [105.293655, 23.366275], [105.280064, 23.358782], [105.245544, 23.330179], [105.235933, 23.319792], [105.217536, 23.265351], [105.200896, 23.254008], [105.189579, 23.252199], [105.155627, 23.26685], [105.150356, 23.264757], [105.142398, 23.25375], [105.06106, 23.232459], [104.981426, 23.190369], [104.935072, 23.154273], [104.921016, 23.155771], [104.894765, 23.170344], [104.880864, 23.171713], [104.870064, 23.163548], [104.861279, 23.119598], [104.835905, 23.099754], [104.811462, 23.096188], [104.797923, 23.085569], [104.827017, 22.954285], [104.827947, 22.934157], [104.823606, 22.924132], [104.774204, 22.896226], [104.728212, 22.839098], [104.700772, 22.818247], [104.683202, 22.812175], [104.662738, 22.810934], [104.629045, 22.820779], [104.609821, 22.823001], [104.588427, 22.806852], [104.579229, 22.808867], [104.564656, 22.819952], [104.561245, 22.824396], [104.562382, 22.834395], [104.553545, 22.836049], [104.53334, 22.814397], [104.468641, 22.764865], [104.449004, 22.745176], [104.35547, 22.688642], [104.340173, 22.686368], [104.249481, 22.72833], [104.236821, 22.742076], [104.229689, 22.761945], [104.228759, 22.783442], [104.2331, 22.804811], [104.241161, 22.824396], [104.213256, 22.825016], [104.128197, 22.796827], [104.086856, 22.791556], [104.073316, 22.782667], [104.054041, 22.753754], [104.02381, 22.719183], [104.01394, 22.691019], [104.007481, 22.630248], [103.98557, 22.570251], [103.985363, 22.527153], [103.973994, 22.515268], [103.959525, 22.507103], [103.940715, 22.524673], [103.917047, 22.533251], [103.894619, 22.569218], [103.866817, 22.575419], [103.844183, 22.599294], [103.836328, 22.602756], [103.794212, 22.659445], [103.726412, 22.716289], [103.65851, 22.793209], [103.646934, 22.799049], [103.590038, 22.768017], [103.568334, 22.724971], [103.547147, 22.700683], [103.544563, 22.691019], [103.550919, 22.64079], [103.514281, 22.587356], [103.503635, 22.581413], [103.485445, 22.584101], [103.473146, 22.591645], [103.447515, 22.618259], [103.404313, 22.688797], [103.401729, 22.737838], [103.387518, 22.745176], [103.36876, 22.767139], [103.357081, 22.776027], [103.321579, 22.790393], [103.309642, 22.787938], [103.269954, 22.723265], [103.252488, 22.678565], [103.244891, 22.668695], [103.228407, 22.655828], [103.168462, 22.626475], [103.141745, 22.607045], [103.130015, 22.577951], [103.132599, 22.569786], [103.144691, 22.555782], [103.145724, 22.54555], [103.142004, 22.537799], [103.091257, 22.505087], [103.058288, 22.495476], [103.04418, 22.486484], [103.049089, 22.456822], [103.045059, 22.440544], [103.029039, 22.430157], [103.008937, 22.430312], [102.989093, 22.437598], [102.956537, 22.459715], [102.919588, 22.469224], [102.902587, 22.477234], [102.893698, 22.487362], [102.859282, 22.550511], [102.845174, 22.585238], [102.831842, 22.599707], [102.813393, 22.608699], [102.771225, 22.617794], [102.751898, 22.625287], [102.692729, 22.670504], [102.672161, 22.678358], [102.632267, 22.684973], [102.612475, 22.691588], [102.586689, 22.716082], [102.576198, 22.713808], [102.56576, 22.699546], [102.55837, 22.694947], [102.535787, 22.695825], [102.528914, 22.707814], [102.526331, 22.725952], [102.515789, 22.745176], [102.494343, 22.760395], [102.467781, 22.768586], [102.442718, 22.765175], [102.425613, 22.745305], [102.415226, 22.709829], [102.407268, 22.693448], [102.394969, 22.680529], [102.362723, 22.677428], [102.35585, 22.669935], [102.356263, 22.658721], [102.372697, 22.645751], [102.384324, 22.628852], [102.376882, 22.615572], [102.252549, 22.495476], [102.242524, 22.477182], [102.23131, 22.426333], [102.218029, 22.410675], [102.20356, 22.412483], [102.186558, 22.421062], [102.164544, 22.425506], [102.147026, 22.421062], [102.128835, 22.410881], [102.118655, 22.397549], [102.10866761377999, 22.397549]]}}, {"type": "Feature", "properties": {"a": "CHN", "b": "LAO"}, "geometry": {"type": "LineString", "coordinates": [[102.12471621266755, 22.40548692605932], [102.118655, 22.397549], [102.107345, 22.397549], [102.10062, 22.405765], [102.095349, 22.423129], [102.085531, 22.429123], [102.014579, 22.446073], [101.994994, 22.447416], [101.97422, 22.445143], [101.952877, 22.436874], [101.909366, 22.435893], [101.891641, 22.429691], [101.881512, 22.412173], [101.877275, 22.391864], [101.867921, 22.378842], [101.8426, 22.383338], [101.817795, 22.406334], [101.784877, 22.472221], [101.75506, 22.495527], [101.71315, 22.491548], [101.689121, 22.478887], [101.668657, 22.462299], [101.654549, 22.446125], [101.645092, 22.424214], [101.643697, 22.364683], [101.623698, 22.346647], [101.619874, 22.326442], [101.601219, 22.276988], [101.58799, 22.271355], [101.55099, 22.276678], [101.540654, 22.271458], [101.515746, 22.245362], [101.518227, 22.228205], [101.561532, 22.176115], [101.566958, 22.149347], [101.55502, 22.112398], [101.555434, 22.090332], [101.564942, 22.069507], [101.592176, 22.028114], [101.600392, 22.007495], [101.6068, 21.967601], [101.616309, 21.953648], [101.638116, 21.940884], [101.673669, 21.931376], [101.680594, 21.922642], [101.685865, 21.898613], [101.708706, 21.869571], [101.721263, 21.844353], [101.751081, 21.816137], [101.751546, 21.80637], [101.73165, 21.750508], [101.72855, 21.717539], [101.754801, 21.689788], [101.752321, 21.659144], [101.755938, 21.648654], [101.770821, 21.638835], [101.789528, 21.634029], [101.803842, 21.625916], [101.806168, 21.605969], [101.793559, 21.588244], [101.750926, 21.579666], [101.736198, 21.570881], [101.734751, 21.554396], [101.748239, 21.514502], [101.744259, 21.495588], [101.729687, 21.474246], [101.725553, 21.375389], [101.715579, 21.338182], [101.715114, 21.321129], [101.722504, 21.30423], [101.736508, 21.292293], [101.788546, 21.274206], [101.801155, 21.267075], [101.820224, 21.247283], [101.823738, 21.234467], [101.819294, 21.215967], [101.805238, 21.204495], [101.796039, 21.202945], [101.77356, 21.207389], [101.760072, 21.195968], [101.770201, 21.17044], [101.766739, 21.150648], [101.75599, 21.143258], [101.73749, 21.137574], [101.704262, 21.135093], [101.688294, 21.145842], [101.670155, 21.177055], [101.655118, 21.189199], [101.635946, 21.189457], [101.596517, 21.173386], [101.581789, 21.175659], [101.577241, 21.185168], [101.586646, 21.204237], [101.588197, 21.213332], [101.583959, 21.22439], [101.539104, 21.23886], [101.517607, 21.242632], [101.495127, 21.242839], [101.381491, 21.222478], [101.362267, 21.215812], [101.313898, 21.184755], [101.292711, 21.176073], [101.275296, 21.174109], [101.259741, 21.179484], [101.244342, 21.192868], [101.220364, 21.233692], [101.208995, 21.245526], [101.220364, 21.296272], [101.207445, 21.314824], [101.222844, 21.335081], [101.234782, 21.363658], [101.233128, 21.37172], [101.226462, 21.370893], [101.171426, 21.403398], [101.168274, 21.424533], [101.187756, 21.505872], [101.186567, 21.535327], [101.174527, 21.551657], [101.159024, 21.552691], [101.15603803188236, 21.56222671341439]]}}, {"type": "Feature", "properties": {"a": "CHN", "b": "KGZ"}, "geometry": {"type": "LineString", "coordinates": [[73.6322725602989, 39.43836148530947], [73.632642, 39.448343], [73.820744, 39.468186], [73.838314, 39.475679], [73.848029, 39.489735], [73.859192, 39.524255], [73.870457, 39.546786], [73.883066, 39.561204], [73.921617, 39.582133], [73.926784, 39.592882], [73.904253, 39.64647], [73.899602, 39.689465], [73.893505, 39.710394], [73.879345, 39.727912], [73.829529, 39.746981], [73.819814, 39.766721], [73.818574, 39.786048], [73.823018, 39.805685], [73.83201, 39.82372], [73.844102, 39.838086], [73.880689, 39.86501], [73.893195, 39.918133], [73.907561, 39.937873], [73.944044, 39.970068], [73.952106, 40.008257], [73.957894, 40.021434], [73.976704, 40.043603], [74.003989, 40.060812], [74.069515, 40.067788], [74.101244, 40.078847], [74.13287, 40.095332], [74.167596, 40.10639], [74.20315, 40.109853], [74.237876, 40.10391], [74.272293, 40.093833], [74.302885, 40.090061], [74.333788, 40.09373], [74.369858, 40.105822], [74.476622, 40.172433], [74.565402, 40.24695], [74.598681, 40.266174], [74.654388, 40.291547], [74.705755, 40.331286], [74.724668, 40.337539], [74.746683, 40.336505], [74.830915, 40.319917], [74.862128, 40.32617], [74.853859, 40.35883], [74.841664, 40.372059], [74.794638, 40.405545], [74.787404, 40.420738], [74.820063, 40.493964], [74.835359, 40.511637], [74.856443, 40.513187], [74.879181, 40.505074], [74.966101, 40.459289], [75.002378, 40.4473], [75.039068, 40.441099], [75.064389, 40.443837], [75.113172, 40.460787], [75.13808, 40.463888], [75.19389, 40.441254], [75.212494, 40.444716], [75.229237, 40.470347], [75.26324, 40.480166], [75.481832, 40.614111], [75.523793, 40.63318], [75.559863, 40.63287], [75.587665, 40.611941], [75.605648, 40.569411], [75.610816, 40.512877], [75.617947, 40.493964], [75.629006, 40.481303], [75.657221, 40.461097], [75.666936, 40.450245], [75.669314, 40.432365], [75.646369, 40.405338], [75.638308, 40.386115], [75.640168, 40.367305], [75.656291, 40.32307], [75.664869, 40.305706], [75.681819, 40.291702], [75.704454, 40.293149], [75.750549, 40.308342], [75.772046, 40.31015], [75.79375, 40.30891], [75.858553, 40.296353], [75.880464, 40.295268], [75.901858, 40.298885], [75.921495, 40.309117], [75.962422, 40.357331], [76.051616, 40.390197], [76.07611, 40.391954], [76.095231, 40.387355], [76.132541, 40.371542], [76.151351, 40.368131], [76.185044, 40.384203], [76.21543, 40.416552], [76.244162, 40.441202], [76.273411, 40.434122], [76.283333, 40.417276], [76.299353, 40.355677], [76.313512, 40.343327], [76.330152, 40.348081], [76.361984, 40.371904], [76.449111, 40.415519], [76.476499, 40.436138], [76.498927, 40.464611], [76.531173, 40.534995], [76.556391, 40.56569], [76.609411, 40.59711], [76.62078, 40.611321], [76.624191, 40.627547], [76.630805, 40.728885], [76.647859, 40.764851], [76.674214, 40.795444], [76.707286, 40.817613], [76.746871, 40.83446], [76.762477, 40.847017], [76.770848, 40.867119], [76.768368, 40.887014], [76.757413, 40.925772], [76.766818, 40.944685], [76.820871, 40.97781], [76.834927, 40.99352], [76.860972, 41.013208], [76.900143, 41.025766], [77.007733, 41.044214], [77.035018, 41.040338], [77.088555, 41.019565], [77.118838, 41.011658], [77.243171, 41.005664], [77.301152, 41.019306], [77.332985, 41.02065], [77.388795, 41.011658], [77.474888, 40.982047], [77.503517, 40.981066], [77.580721, 40.997705], [77.650278, 40.997137], [77.797556, 41.054704], [77.831042, 41.062973], [77.866699, 41.064058], [77.997647, 41.049795], [78.036508, 41.036101], [78.057178, 41.034344], [78.074955, 41.039512], [78.176034, 41.105502], [78.190503, 41.11775], [78.250345, 41.200535], [78.275356, 41.228854], [78.291582, 41.240791], [78.331477, 41.258723], [78.34946, 41.270402], [78.359692, 41.287455], [78.356901, 41.305542], [78.339332, 41.344041], [78.343466, 41.362024], [78.359899, 41.377527], [78.41757, 41.400471], [78.51038, 41.454422], [78.583968, 41.465997], [78.619211, 41.478089], [78.629133, 41.48796], [78.637401, 41.512868], [78.645049, 41.52372], [78.658278, 41.532453], [78.807313, 41.578445], [78.897437, 41.626272], [78.915834, 41.63317], [78.976192, 41.6418], [79.088743, 41.702546], [79.19592, 41.729521], [79.282323, 41.783497], [79.30413, 41.787554], [79.367382, 41.772387], [79.390844, 41.772697], [79.410997, 41.778588], [79.489856, 41.819257], [79.554658, 41.837602], [79.610985, 41.867626], [79.655737, 41.875843], [79.702969, 41.874939], [79.747514, 41.879745], [79.783274, 41.905092], [79.812833, 41.97762], [79.826786, 41.992244], [79.842909, 42.00183], [79.879496, 42.013199], [79.930862, 42.023276], [80.181906, 42.020976], [80.231206, 42.033689], [80.257561, 42.065263], [80.256527, 42.084357], [80.224591, 42.125569], [80.219837, 42.141873], [80.21653, 42.174404], [80.210328, 42.189519], [80.21962405431282, 42.19320643327843]]}}, {"type": "Feature", "properties": {"a": "CHN", "b": "MMR"}, "geometry": {"type": "LineString", "coordinates": [[101.16917293388474, 21.552014098907513], [101.159024, 21.552691], [101.154218, 21.568039], [101.157732, 21.586229], [101.173855, 21.611912], [101.166724, 21.623281], [101.168842, 21.637853], [101.161453, 21.658369], [101.149257, 21.676766], [101.136338, 21.684724], [101.127656, 21.695163], [101.124866, 21.744152], [101.118871, 21.75981], [101.082801, 21.766735], [101.055309, 21.754539], [100.992781, 21.711441], [100.877491, 21.677334], [100.834909, 21.657542], [100.79703, 21.626123], [100.75662, 21.569847], [100.703961, 21.516414], [100.661535, 21.495537], [100.645774, 21.479879], [100.621744, 21.469078], [100.571825, 21.455074], [100.545986, 21.453007], [100.4971, 21.461792], [100.456689, 21.455022], [100.44346, 21.463497], [100.434262, 21.47838], [100.429301, 21.495382], [100.399122, 21.518894], [100.383671, 21.527834], [100.363259, 21.531762], [100.341968, 21.530367], [100.326517, 21.524269], [100.289516, 21.483134], [100.244093, 21.464531], [100.187145, 21.427892], [100.162496, 21.436367], [100.128337, 21.482359], [100.10777, 21.495537], [100.09728, 21.508301], [100.089994, 21.52892], [100.085601, 21.567574], [100.094851, 21.598838], [100.115728, 21.629482], [100.143737, 21.640024], [100.146321, 21.649222], [100.142807, 21.654907], [100.120534, 21.673665], [100.082345, 21.684466], [99.996718, 21.686119], [99.960699, 21.704774], [99.95026, 21.721156], [99.939202, 21.777018], [99.922097, 21.812261], [99.917963, 21.82916], [99.920185, 21.852001], [99.955273, 21.924554], [99.96566, 21.963002], [99.950467, 21.995351], [99.939822, 22.005893], [99.934344, 22.018864], [99.934913, 22.032506], [99.942406, 22.045529], [99.866855, 22.05788], [99.847838, 22.055037], [99.842308, 22.047027], [99.84174, 22.02708], [99.833678, 22.019484], [99.821018, 22.017779], [99.799882, 22.037467], [99.739162, 22.066768], [99.723659, 22.070592], [99.703816, 22.061239], [99.69379, 22.046924], [99.683868, 22.039018], [99.663818, 22.048733], [99.650072, 22.071936], [99.633536, 22.084751], [99.538968, 22.106714], [99.490392, 22.104337], [99.438612, 22.124232], [99.42497, 22.122423], [99.364922, 22.098859], [99.329988, 22.095552], [99.252887, 22.102786], [99.212269, 22.11245], [99.166381, 22.132087], [99.14447, 22.153533], [99.175062, 22.168674], [99.159353, 22.184694], [99.166381, 22.204641], [99.19935, 22.245258], [99.206172, 22.26133], [99.218367, 22.310009], [99.243689, 22.341221], [99.248339, 22.353675], [99.246376, 22.365923], [99.237384, 22.380134], [99.243068, 22.393156], [99.282756, 22.411915], [99.345078, 22.472841], [99.35779, 22.495476], [99.356343, 22.506173], [99.344148, 22.533251], [99.357377, 22.587098], [99.355, 22.608544], [99.307871, 22.719596], [99.307974, 22.745176], [99.327198, 22.760498], [99.350659, 22.768146], [99.35903, 22.77489], [99.378874, 22.813234], [99.414428, 22.856901], [99.416908, 22.874341], [99.411224, 22.919248], [99.413394, 22.930746], [99.42993, 22.936741], [99.484501, 22.910256], [99.5153, 22.90881], [99.538038, 22.926431], [99.534627, 22.949324], [99.498763, 22.995161], [99.490392, 23.012007], [99.495043, 23.043478], [99.493079, 23.057379], [99.478196, 23.065751], [99.403265, 23.068335], [99.381045, 23.081641], [99.350969, 23.119262], [99.333812, 23.129623], [99.314072, 23.126471], [99.302186, 23.112596], [99.294021, 23.096783], [99.284823, 23.088153], [99.257435, 23.079213], [99.224878, 23.056888], [99.21661, 23.057379], [99.202141, 23.067275], [99.19935, 23.092261], [99.194183, 23.095775], [99.164004, 23.097687], [99.13, 23.106239], [99.074913, 23.101666], [99.05507, 23.109598], [99.039257, 23.127142], [99.026441, 23.160448], [98.970734, 23.162205], [98.933423, 23.172153], [98.859009, 23.179387], [98.860146, 23.212279], [98.910686, 23.297597], [98.896526, 23.32328], [98.860456, 23.322376], [98.853428, 23.324882], [98.853221, 23.334985], [98.88185, 23.349687], [98.890118, 23.367903], [98.892289, 23.386894], [98.889602, 23.406789], [98.875546, 23.446425], [98.86397, 23.466605], [98.848881, 23.480403], [98.83007, 23.480015], [98.809813, 23.474098], [98.799995, 23.480738], [98.780874, 23.532854], [98.784388, 23.547039], [98.796274, 23.557917], [98.8433, 23.584014], [98.850224, 23.590628], [98.857356, 23.604348], [98.856012, 23.610007], [98.849604, 23.614735], [98.807953, 23.675791], [98.800305, 23.692715], [98.799065, 23.743229], [98.793173, 23.758473], [98.777877, 23.7693], [98.738396, 23.775552], [98.708321, 23.784699], [98.684963, 23.784803], [98.675661, 23.787386], [98.663672, 23.796947], [98.663569, 23.80307], [98.671424, 23.816739], [98.664809, 23.903374], [98.674524, 23.936886], [98.658815, 23.961123], [98.663259, 23.969546], [98.716796, 23.988408], [98.765578, 24.027062], [98.856219, 24.083802], [98.873479, 24.114498], [98.865727, 24.145685], [98.855289, 24.138967], [98.818082, 24.128968], [98.716176, 24.121345], [98.681759, 24.106876], [98.640418, 24.100752], [98.585227, 24.075715], [98.54306, 24.093957], [98.503269, 24.121268], [98.474537, 24.127831], [98.434952, 24.13026], [98.395575, 24.128063], [98.330669, 24.099486], [98.293256, 24.100132], [98.219152, 24.117366], [98.181531, 24.118658], [98.10505, 24.101527], [97.889973, 24.022617], [97.87664, 24.014401], [97.836333, 23.971768], [97.817832, 23.958151], [97.76781, 23.946472], [97.748173, 23.93407], [97.696806, 23.887122], [97.637068, 23.863557], [97.624666, 23.846711], [97.619705, 23.865986], [97.609887, 23.883143], [97.572679, 23.90756], [97.532992, 23.923709], [97.516456, 23.942829], [97.707658, 24.125299], [97.720061, 24.147442], [97.723058, 24.171265], [97.718717, 24.181548], [97.704558, 24.199248], [97.701561, 24.210926], [97.704661, 24.221727], [97.724091, 24.241519], [97.718407, 24.277667], [97.64451, 24.302394], [97.638205, 24.328103], [97.653605, 24.338722], [97.674275, 24.340841], [97.689572, 24.346474], [97.688331, 24.367713], [97.680993, 24.377764], [97.662596, 24.390063], [97.6473, 24.432334], [97.639859, 24.439285], [97.624356, 24.442282], [97.600688, 24.44192], [97.519556, 24.430784], [97.513252, 24.438587], [97.513872, 24.461686], [97.538573, 24.597259], [97.532785, 24.723324], [97.536093, 24.745028], [97.603995, 24.786447], [97.66394, 24.829778], [97.685954, 24.833524], [97.726572, 24.826289], [97.748483, 24.82647], [97.765226, 24.834661], [97.772977, 24.854686], [97.760988, 24.870292], [97.724091, 24.897215], [97.708278, 24.927291], [97.703318, 24.960416], [97.705178, 25.028835], [97.699597, 25.065009], [97.703628, 25.073923], [97.721611, 25.079271], [97.737527, 25.090511], [97.754064, 25.113559], [97.777008, 25.158621], [97.800986, 25.237634], [97.82362, 25.261612], [97.860311, 25.244093], [97.878811, 25.213553], [97.888939, 25.205646], [97.90992, 25.207558], [97.930797, 25.218513], [97.976272, 25.272257], [98.03353, 25.301299], [98.044899, 25.311944], [98.062572, 25.354319], [98.075698, 25.376075], [98.089961, 25.385945], [98.108357, 25.388891], [98.112078, 25.396229], [98.111975, 25.448474], [98.10474, 25.466974], [98.099779, 25.500047], [98.134196, 25.534618], [98.139363, 25.550225], [98.140087, 25.611461], [98.150215, 25.613063], [98.232381, 25.586553], [98.24716, 25.579163], [98.276616, 25.552447], [98.289432, 25.55038], [98.312066, 25.557459], [98.332633, 25.566968], [98.347102, 25.57782], [98.357231, 25.592754], [98.375214, 25.649288], [98.413248, 25.692076], [98.418726, 25.724219], [98.439293, 25.743598], [98.461307, 25.794654], [98.498101, 25.830724], [98.50947, 25.838062], [98.526833, 25.838786], [98.539546, 25.833721], [98.562387, 25.816358], [98.610032, 25.800597], [98.626052, 25.806488], [98.677832, 25.843282], [98.68486, 25.8531], [98.692404, 25.87899], [98.689821, 25.891599], [98.684653, 25.897593], [98.66729, 25.905758], [98.658091, 25.925034], [98.616233, 25.979397], [98.604244, 25.982498], [98.582437, 25.982291], [98.575409, 25.995107], [98.577166, 26.017328], [98.572618, 26.03557], [98.553808, 26.071071], [98.547297, 26.08828], [98.54554, 26.105643], [98.550191, 26.120784], [98.563007, 26.131223], [98.619334, 26.145744], [98.625742, 26.144348], [98.624295, 26.108485], [98.630806, 26.096909], [98.644449, 26.097891], [98.680829, 26.12497], [98.68672, 26.133238], [98.686513, 26.154115], [98.700259, 26.165329], [98.70553, 26.174941], [98.701499, 26.191167], [98.677005, 26.23933], [98.66822, 26.248218], [98.648169, 26.244807], [98.642175, 26.254523], [98.649513, 26.290593], [98.657781, 26.311625], [98.697675, 26.354051], [98.713488, 26.38945], [98.717209, 26.408725], [98.721137, 26.538898], [98.727958, 26.572591], [98.748525, 26.605974], [98.755553, 26.625043], [98.747078, 26.655738], [98.746458, 26.68106], [98.731989, 26.713513], [98.734366, 26.734287], [98.749248, 26.771442], [98.750385, 26.792009], [98.742427, 26.810406], [98.718139, 26.842497], [98.714522, 26.862031], [98.718656, 26.872676], [98.733125, 26.887921], [98.736329, 26.898256], [98.712662, 26.995149], [98.737776, 27.048686], [98.731368, 27.068788], [98.716486, 27.082482], [98.691371, 27.092404], [98.682689, 27.110078], [98.672561, 27.175603], [98.673594, 27.207901], [98.680209, 27.237047], [98.704187, 27.304174], [98.707701, 27.337247], [98.697365, 27.368925], [98.677315, 27.376108], [98.674421, 27.386598], [98.668323, 27.475249], [98.671114, 27.516151], [98.681759, 27.556484], [98.679279, 27.577336], [98.665739, 27.597076], [98.647239, 27.611727], [98.635044, 27.611055], [98.604554, 27.592735], [98.578406, 27.591728], [98.56435, 27.603536], [98.54337, 27.642526], [98.522182, 27.656298], [98.492313, 27.64343], [98.474537, 27.657176], [98.410251, 27.684254], [98.400019, 27.675728], [98.398159, 27.619814], [98.392888, 27.587154], [98.383276, 27.555787], [98.363949, 27.532171], [98.328602, 27.522869], [98.294703, 27.536615], [98.275686, 27.570101], [98.254395, 27.648133], [98.238065, 27.680224], [98.204372, 27.727301], [98.201788, 27.736551], [98.211504, 27.760322], [98.197861, 27.780631], [98.200651, 27.813601], [98.196621, 27.823187], [98.162411, 27.842849], [98.145771, 27.860729], [98.140087, 27.878558], [98.176674, 27.898117], [98.177294, 27.912923], [98.165822, 27.929692], [98.148975, 27.944549], [98.113525, 27.961705], [98.107117, 27.973074], [98.118486, 27.994726], [98.122517, 28.015449], [98.126961, 28.124279], [98.118693, 28.14079], [98.048619, 28.199624], [98.031359, 28.208331], [97.991052, 28.214015], [97.984851, 28.224221], [97.993842, 28.25254], [97.992912, 28.268922], [97.978753, 28.2806], [97.94475, 28.298842], [97.897518, 28.355325], [97.85907, 28.37013], [97.797265, 28.34393], [97.765329, 28.352431], [97.740008, 28.38261], [97.699597, 28.48803], [97.670451, 28.511284], [97.613607, 28.481984], [97.589939, 28.494696], [97.567512, 28.525495], [97.546221, 28.538466], [97.527721, 28.529526], [97.488137, 28.441934], [97.474598, 28.426199], [97.465709, 28.406691], [97.450103, 28.391912], [97.445349, 28.382971], [97.452377, 28.35548], [97.452377, 28.317678], [97.447829, 28.297602], [97.436667, 28.286414], [97.39822, 28.288895], [97.384371, 28.284838], [97.377859, 28.263599], [97.369591, 28.25347], [97.333831, 28.235254], [97.323496, 28.217478], [97.31447271235952, 28.221770084469043]]}}, {"type": "Feature", "properties": {"a": "CHN", "b": "AFG"}, "geometry": {"type": "LineString", "coordinates": [[74.5520634172042, 37.02567169849746], [74.542354, 37.021669], [74.519203, 37.030247], [74.494088, 37.066472], [74.476622, 37.083138], [74.414403, 37.107839], [74.38257, 37.126572], [74.366137, 37.14776], [74.368308, 37.167061], [74.38226, 37.172047], [74.420294, 37.168068], [74.441585, 37.170549], [74.456674, 37.177318], [74.46763, 37.189927], [74.487267, 37.225946], [74.500083, 37.23163], [74.532225, 37.232199], [74.59, 37.243361], [74.609017, 37.230183], [74.615011, 37.228375], [74.623279, 37.230804], [74.64302, 37.248374], [74.650978, 37.259639], [74.676299, 37.263721], [74.721464, 37.297776], [74.737381, 37.296123], [74.783269, 37.219667], [74.794018, 37.213931], [74.813138, 37.21543], [74.9016327086258, 37.23472336070586]]}}, {"type": "Feature", "properties": {"a": "CHN", "b": "NPL"}, "geometry": {"type": "LineString", "coordinates": [[88.10982852523854, 27.87273710729819], [88.118218, 27.860885], [88.095739, 27.865329], [88.052795, 27.886516], [88.029954, 27.893337], [87.978433, 27.880522], [87.93456, 27.895301], [87.856115, 27.898608], [87.836685, 27.908323], [87.825884, 27.906566], [87.779841, 27.839439], [87.756379, 27.82037], [87.726821, 27.807761], [87.700466, 27.805642], [87.659951, 27.819879], [87.636077, 27.823652], [87.589981, 27.804609], [87.573342, 27.805022], [87.565073, 27.810862], [87.551327, 27.831894], [87.531587, 27.836803], [87.47557, 27.826701], [87.38679, 27.804402], [87.369116, 27.803937], [87.369116, 27.819078], [87.380692, 27.835821], [87.385343, 27.849412], [87.363845, 27.855252], [87.335837, 27.846363], [87.313926, 27.828587], [87.290516, 27.816081], [87.232897, 27.829724], [87.181996, 27.824504], [87.155796, 27.825796], [87.116522, 27.844581], [87.062003, 27.908427], [87.030532, 27.938089], [87.005676, 27.951499], [86.988726, 27.952481], [86.940357, 27.943102], [86.914725, 27.945117], [86.893073, 27.954186], [86.876898, 27.970645], [86.868165, 27.994881], [86.840466, 28.014777], [86.76998, 28.01209], [86.739801, 28.021495], [86.732204, 28.034957], [86.735977, 28.064851], [86.731739, 28.076918], [86.699648, 28.098751], [86.680063, 28.105727], [86.661976, 28.106838], [86.64947, 28.10118], [86.627146, 28.083481], [86.612315, 28.080277], [86.596864, 28.086504], [86.569527, 28.106606], [86.553559, 28.104151], [86.544154, 28.093015], [86.538366, 28.047178], [86.516197, 28.012245], [86.516764, 27.971432], [86.510461, 27.952429], [86.496921, 27.937882], [86.438837, 27.910856], [86.425298, 27.909925], [86.405713, 27.917005], [86.362976, 27.946099], [86.337551, 27.938037], [86.327733, 27.939691], [86.318224, 27.945789], [86.29466, 27.972376], [86.278072, 27.983694], [86.238539, 27.989559], [86.218385, 27.994726], [86.203038, 28.002581], [86.19601, 28.01457], [86.189137, 28.043612], [86.17446, 28.062448], [86.172238, 28.071828], [86.187173, 28.108699], [86.186036, 28.133529], [86.176011, 28.153011], [86.15596, 28.156525], [86.068731, 28.076763], [86.070177, 28.066712], [86.084699, 28.043871], [86.077619, 28.006948], [86.079169, 28.001134], [86.098134, 27.985631], [86.095602, 27.957855], [86.112242, 27.937262], [86.112862, 27.926798], [86.075655, 27.894784], [86.061703, 27.889048], [86.026459, 27.889927], [85.98026, 27.885172], [85.96269, 27.891374], [85.951218, 27.91623], [85.956593, 27.976226], [85.943984, 27.994726], [85.908947, 28.022425], [85.898302, 28.036016], [85.890447, 28.059193], [85.889103, 28.090276], [85.87174, 28.110921], [85.863368, 28.143348], [85.848279, 28.158928], [85.782753, 28.1881], [85.756605, 28.203241], [85.734487, 28.221534], [85.715574, 28.243368], [85.699761, 28.269102], [85.698004, 28.313441], [85.692939, 28.335222], [85.679142, 28.332897], [85.675059, 28.306387], [85.668135, 28.300548], [85.646947, 28.2937], [85.639093, 28.287887], [85.611807, 28.251145], [85.59894, 28.250835], [85.585504, 28.263186], [85.565299, 28.275381], [85.52065, 28.282926], [85.475692, 28.279102], [85.43156, 28.297059], [85.41523, 28.296439], [85.401381, 28.288791], [85.377817, 28.265976], [85.362572, 28.259672], [85.345364, 28.261248], [85.325727, 28.277397], [85.312601, 28.282771], [85.27312, 28.269826], [85.259581, 28.266932], [85.243406, 28.267914], [85.205734, 28.278275], [85.173591, 28.30432], [85.154574, 28.300858], [85.134162, 28.291969], [85.109409, 28.292254], [85.087395, 28.304113], [85.080212, 28.318789], [85.08569, 28.381008], [85.077577, 28.435681], [85.083674, 28.445526], [85.109461, 28.459298], [85.115559, 28.472733], [85.117212, 28.497331], [85.123155, 28.504592], [85.140363, 28.510922], [85.153748, 28.524901], [85.16801, 28.583192], [85.160982, 28.595], [85.11189, 28.608823], [85.075044, 28.631664], [85.054942, 28.638692], [85.032101, 28.634067], [85.02528, 28.628409], [85.002491, 28.594431], [84.954948, 28.574303], [84.936448, 28.54477], [84.92849, 28.538466], [84.918723, 28.535675], [84.879294, 28.543634], [84.81196, 28.54198], [84.799144, 28.546631], [84.781781, 28.558904], [84.755632, 28.585414], [84.736615, 28.594173], [84.69083, 28.596137], [84.677756, 28.604405], [84.682975, 28.650759], [84.671141, 28.658949], [84.632642, 28.668794], [84.616209, 28.69365], [84.607218, 28.698198], [84.551821, 28.706388], [84.498594, 28.72786], [84.475753, 28.727292], [84.450845, 28.73388], [84.437822, 28.753336], [84.422733, 28.799173], [84.393071, 28.82434], [84.376586, 28.848835], [84.354003, 28.861289], [84.285997, 28.873743], [84.235147, 28.90002], [84.206725, 28.940664], [84.231427, 29.025981], [84.220575, 29.0389], [84.198199, 29.045308], [84.175461, 29.057401], [84.166211, 29.098458], [84.137996, 29.124657], [84.13226, 29.143804], [84.155204, 29.175946], [84.161663, 29.192534], [84.155462, 29.206642], [84.126007, 29.206255], [84.112364, 29.209097], [84.105336, 29.219923], [84.099135, 29.247001], [84.08973, 29.256613], [84.072057, 29.256975], [84.035211, 29.247622], [84.012525, 29.270204], [84.000898, 29.27253], [83.975835, 29.263745], [83.973251, 29.277025], [83.967257, 29.284699], [83.957955, 29.28904], [83.945553, 29.291831], [83.914392, 29.289402], [83.883438, 29.282012], [83.868865, 29.263435], [83.837859, 29.254004], [83.79321, 29.234754], [83.770628, 29.232248], [83.719727, 29.233591], [83.69549, 29.226176], [83.675078, 29.208761], [83.65601, 29.160779], [83.639266, 29.154759], [83.583818, 29.162149], [83.56139, 29.176231], [83.523718, 29.183594], [83.517052, 29.191708], [83.502996, 29.261032], [83.493384, 29.276147], [83.475814, 29.286921], [83.448219, 29.296766], [83.437212, 29.305241], [83.428168, 29.333456], [83.393132, 29.356245], [83.388274, 29.370224], [83.38724, 29.393504], [83.35701, 29.415363], [83.355201, 29.460735], [83.327968, 29.485023], [83.26394, 29.473008], [83.247197, 29.494738], [83.248748, 29.506572], [83.25991, 29.518768], [83.26332, 29.527088], [83.26084, 29.542048], [83.252572, 29.5552], [83.229317, 29.575948], [83.197175, 29.589099], [83.187253, 29.612095], [83.173558, 29.621268], [83.150046, 29.625635], [83.126688, 29.623413], [83.093357, 29.615144], [83.079559, 29.579643], [83.064935, 29.57879], [83.054496, 29.586051], [83.032895, 29.620467], [82.975896, 29.66403], [82.931919, 29.664185], [82.90913, 29.684623], [82.899725, 29.688422], [82.880088, 29.681109], [82.857454, 29.666201], [82.836576, 29.659793], [82.815544, 29.690127], [82.781076, 29.705113], [82.77012, 29.714156], [82.751517, 29.739323], [82.690952, 29.780741], [82.681754, 29.797717], [82.689195, 29.819576], [82.688988, 29.827741], [82.67731, 29.834407], [82.666974, 29.835028], [82.635865, 29.829033], [82.618502, 29.839833], [82.541814, 29.923239], [82.524244, 29.932386], [82.475823, 29.945512], [82.457065, 29.95409], [82.438926, 29.965769], [82.409781, 29.994604], [82.394433, 30.003131], [82.363737, 30.001167], [82.347304, 30.003441], [82.318882, 30.031811], [82.296506, 30.036824], [82.255733, 30.039666], [82.210671, 30.064419], [82.17424, 30.055479], [82.153827, 30.058166], [82.144526, 30.069432], [82.135224, 30.089741], [82.127576, 30.124364], [82.150985, 30.162243], [82.155688, 30.181363], [82.140391, 30.194024], [82.114243, 30.202189], [82.095898, 30.213454], [82.084994, 30.230817], [82.0821, 30.257327], [82.093211, 30.31474], [82.088767, 30.330088], [82.073212, 30.337219], [82.049854, 30.339235], [82.007635, 30.336806], [81.978851, 30.326832], [81.969032, 30.328279], [81.941231, 30.353962], [81.92149, 30.357373], [81.887177, 30.354996], [81.844389, 30.371171], [81.779018, 30.358045], [81.757366, 30.362902], [81.635719, 30.410961], [81.614015, 30.416904], [81.591588, 30.414269], [81.585077, 30.408119], [81.576705, 30.390963], [81.536811, 30.37856], [81.520688, 30.331948], [81.509371, 30.328382], [81.483067, 30.331896], [81.46281, 30.341353], [81.42612, 30.372514], [81.407413, 30.37918], [81.387518, 30.373909], [81.384882, 30.360939], [81.387259, 30.345126], [81.382143, 30.331276], [81.37155, 30.31691], [81.368036, 30.301046], [81.369017, 30.266061], [81.377854, 30.232626], [81.361834, 30.204772], [81.357287, 30.17356], [81.350052, 30.15723], [81.33827, 30.143536], [81.322405, 30.133769], [81.277705, 30.131857], [81.266956, 30.125087], [81.266336, 30.117749], [81.275948, 30.095373], [81.266801, 30.069949], [81.225719, 30.050467], [81.227269, 30.022458], [81.21683, 30.008195], [81.194506, 30.004475], [81.148101, 30.023233], [81.124588, 30.022768], [81.097768, 30.016929], [81.084849, 30.026179], [81.074203, 30.071912], [81.043663, 30.12023], [81.030898, 30.152734], [81.019426, 30.172268], [81.006507, 30.188908], [80.996017, 30.196969], [81.00020950946293, 30.206038768618555]]}}, {"type": "Feature", "properties": {"a": "CHN", "b": "HKG"}, "geometry": {"type": "LineString", "coordinates": [[114.24182394443586, 22.56320259625972], [114.229828, 22.555813], [114.220714, 22.555121], [114.183035, 22.556195], [114.173217, 22.563946], [114.161951, 22.560536], [114.15389, 22.551855], [114.148722, 22.538109], [114.128878, 22.538109], [114.117096, 22.527567], [114.108414, 22.534388], [114.091464, 22.534388], [114.079112, 22.527574], [114.079682, 22.523749], [114.067231, 22.521918], [114.058442, 22.516995], [114.055268, 22.506944], [114.042003, 22.506781], [114.03887593715177, 22.510416270604516]]}}, {"type": "Feature", "properties": {"a": "CHN", "b": "MAC"}, "geometry": {"type": "MultiLineString", "coordinates": [[[113.55504181301082, 22.222863679190713], [113.552857, 22.219006], [113.538585, 22.221747], [113.52296, 22.213039], [113.529877, 22.202257], [113.51002932544533, 22.18201655044342]], [[113.5320269813943, 22.117434984898868], [113.53112311752388, 22.113716014281174]]]}}, {"type": "Feature", "properties": {"a": "SYR", "b": "TUR"}, "geometry": {"type": "LineString", "coordinates": [[35.90497156100361, 35.91002096680388], [35.911305, 35.91775], [35.920835, 35.915122], [35.980263, 35.926852], [35.992769, 35.915277], [35.990082, 35.889283], [35.992356, 35.877346], [36.003931, 35.869181], [36.05075, 35.865409], [36.080309, 35.854195], [36.138497, 35.819779], [36.157617, 35.822569], [36.168779, 35.852076], [36.174877, 35.922666], [36.196891, 35.951708], [36.229034, 35.961165], [36.253115, 35.955636], [36.269031, 35.958736], [36.277506, 35.994187], [36.29735, 36.000749], [36.336727, 35.988244], [36.358018, 35.99398], [36.355538, 36.022402], [36.358638, 36.166992], [36.360498, 36.181669], [36.374451, 36.19588], [36.375795, 36.20451], [36.361429, 36.218152], [36.373004, 36.227609], [36.398119, 36.20823], [36.450726, 36.19991], [36.4592, 36.203114], [36.463955, 36.208799], [36.468916, 36.22239], [36.480181, 36.225542], [36.498578, 36.227867], [36.593456, 36.2181], [36.664253, 36.229004], [36.67004, 36.237324], [36.66911, 36.259855], [36.658465, 36.290499], [36.648646, 36.305899], [36.637071, 36.316802], [36.620741, 36.322022], [36.587771, 36.324812], [36.577643, 36.332874], [36.58219, 36.333081], [36.594283, 36.35711], [36.593352, 36.373492], [36.585704, 36.387031], [36.565034, 36.395609], [36.552735, 36.408166], [36.533821, 36.462478], [36.531237, 36.479015], [36.535475, 36.494001], [36.565344, 36.5325], [36.569995, 36.575701], [36.569271, 36.620143], [36.582811, 36.662414], [36.594696, 36.685824], [36.603274, 36.746957], [36.643272, 36.803646], [36.639861, 36.828089], [36.658568, 36.827521], [36.843673, 36.775844], [36.906822, 36.772589], [36.925942, 36.768971], [36.964699, 36.75383], [37.010588, 36.719517], [37.018443, 36.706649], [37.019476, 36.685824], [37.010795, 36.653733], [37.014515, 36.642261], [37.033326, 36.628721], [37.053066, 36.619936], [37.062368, 36.622107], [37.085622, 36.644173], [37.104432, 36.650994], [37.156109, 36.643914], [37.219671, 36.657143], [37.241892, 36.65859], [37.404466, 36.634458], [37.446117, 36.634199], [37.593395, 36.710525], [37.654063, 36.732126], [37.819738, 36.760548], [37.980038, 36.819666], [38.007943, 36.825764], [38.122975, 36.884623], [38.190051, 36.905526], [38.224261, 36.908394], [38.28989, 36.901702], [38.479956, 36.855736], [38.529358, 36.833722], [38.66413, 36.719517], [38.725005, 36.693937], [38.795389, 36.686651], [38.957963, 36.692904], [38.979977, 36.698175], [39.03217, 36.701172], [39.185856, 36.659521], [39.239599, 36.661278], [39.765252, 36.742151], [39.979812, 36.806953], [40.079238, 36.854857], [40.115205, 36.864728], [40.152722, 36.87036], [40.190136, 36.884416], [40.413894, 37.004022], [40.435185, 37.01061], [40.479834, 37.015158], [40.525722, 37.025881], [40.659461, 37.085257], [40.708967, 37.100476], [40.896449, 37.122696], [41.135091, 37.084249], [41.20134, 37.064974], [41.479773, 37.075568], [42.009249, 37.175613], [42.052968, 37.196645], [42.128312, 37.253283], [42.178541, 37.306303], [42.211201, 37.324906], [42.22257, 37.313951], [42.22319, 37.288139], [42.236832, 37.286304], [42.267218, 37.274522], [42.285822, 37.286562], [42.292023, 37.285064], [42.305769, 37.264548], [42.346696, 37.239769], [42.353208, 37.227031], [42.335328, 37.171169], [42.354551, 37.15241], [42.357238, 37.109984], [42.3624151637182, 37.10042305189746]]}}, {"type": "Feature", "properties": {"a": "SYR", "b": "IRQ"}, "geometry": {"type": "LineString", "coordinates": [[42.35698196260052, 37.12000345524684], [42.357238, 37.109984], [42.376875, 37.076756], [42.377186, 37.062235], [42.34587, 37.042908], [42.281584, 36.99397], [41.843781, 36.617869], [41.817323, 36.599731], [41.789935, 36.589292], [41.414867, 36.527384], [41.385411, 36.516377], [41.365361, 36.494156], [41.276994, 36.354785], [41.268829, 36.327965], [41.236583, 36.077024], [41.236687, 36.060332], [41.240614, 36.043021], [41.266246, 35.99429], [41.343657, 35.857657], [41.354509, 35.825566], [41.359263, 35.792752], [41.363501, 35.655241], [41.358023, 35.623925], [41.34221, 35.593694], [41.261078, 35.494165], [41.25188, 35.46409], [41.243095, 35.366525], [41.20134, 35.243018], [41.191521, 35.182143], [41.206508, 34.819323], [41.204234, 34.793123], [41.195656, 34.768473], [41.023986, 34.49433], [40.98802, 34.42852], [40.965282, 34.401855], [40.936033, 34.386068], [40.690467, 34.331497], [38.765518270541186, 33.36700650153154]]}}, {"type": "Feature", "properties": {"a": "UKR", "b": "RUS"}, "geometry": {"type": "LineString", "coordinates": [[31.754354460129015, 52.10024307954708], [31.82584, 52.104056], [31.858706, 52.09987], [31.882064, 52.086408], [31.88749, 52.070027], [31.887748, 52.051553], [31.892037, 52.036179], [31.910383, 52.029073], [31.927229, 52.031089], [31.980559, 52.047625], [32.016939, 52.049796], [32.077142, 52.039951], [32.095591, 52.040726], [32.233309, 52.080853], [32.277699, 52.102661], [32.306741, 52.141185], [32.318833, 52.201414], [32.328238, 52.219165], [32.361311, 52.235908], [32.366995, 52.2472], [32.339504, 52.287249], [32.35356, 52.321588], [32.394281, 52.326807], [32.48058, 52.307144], [32.528433, 52.316213], [32.725423, 52.252083], [32.755602, 52.252393], [32.814823, 52.262005], [32.844176, 52.262341], [32.890788, 52.242316], [32.908978, 52.241102], [32.926858, 52.246915], [33.030107, 52.303604], [33.048246, 52.309082], [33.070415, 52.304173], [33.079613, 52.305594], [33.099044, 52.324766], [33.127983, 52.332724], [33.166637, 52.360061], [33.182863, 52.367296], [33.196506, 52.368949], [33.294329, 52.357296], [33.358976, 52.357555], [33.376185, 52.355255], [33.419334, 52.338331], [33.437318, 52.339158], [33.480519, 52.357761], [33.499433, 52.340992], [33.493025, 52.303139], [33.510078, 52.287533], [33.531679, 52.288825], [33.600202, 52.330786], [33.687948, 52.355823], [33.733579, 52.360991], [33.778951, 52.360061], [33.804065, 52.354609], [33.815227, 52.345075], [33.839102, 52.313914], [33.858739, 52.302157], [33.9007, 52.285854], [33.919511, 52.269756], [33.944419, 52.235779], [33.957751, 52.224695], [34.021933, 52.1979], [34.038883, 52.18648], [34.065341, 52.158626], [34.071026, 52.148963], [34.07392, 52.128318], [34.05666, 52.105813], [34.062551, 52.050209], [34.068235, 52.031011], [34.080328, 52.013622], [34.101102, 51.992512], [34.104409, 51.975304], [34.096657, 51.960576], [34.096244, 51.951817], [34.146163, 51.95161], [34.166421, 51.942257], [34.203421, 51.91231], [34.228432, 51.899262], [34.23422, 51.878282], [34.246002, 51.875465], [34.264916, 51.881201], [34.276698, 51.881227], [34.294578, 51.873889], [34.327754, 51.850505], [34.385735, 51.817665], [34.41271, 51.777693], [34.414157, 51.736456], [34.37633, 51.708602], [34.3569, 51.705553], [34.298195, 51.706147], [34.127973, 51.680748], [34.089113, 51.666615], [34.079501, 51.643102], [34.090663, 51.633206], [34.12601, 51.627005], [34.140066, 51.621191], [34.152985, 51.583984], [34.202387, 51.546157], [34.21541, 51.531998], [34.223678, 51.514764], [34.225952, 51.492879], [34.212102, 51.455026], [34.219647, 51.427275], [34.217063, 51.417069], [34.208795, 51.411463], [34.186988, 51.40831], [34.181923, 51.402342], [34.185851, 51.394151], [34.21572, 51.373765], [34.247346, 51.363429], [34.280315, 51.361259], [34.300159, 51.36839], [34.308737, 51.33462], [34.283623, 51.301237], [34.243935, 51.274081], [34.185954, 51.248914], [34.257888, 51.229561], [34.281762, 51.226435], [34.299539, 51.231629], [34.336953, 51.251136], [34.371783, 51.256847], [34.40899, 51.253126], [34.513479, 51.229561], [34.578178, 51.236693], [34.608357, 51.234006], [34.622413, 51.224756], [34.633162, 51.19561], [34.642774, 51.180624], [34.65745, 51.171658], [34.674917, 51.167679], [34.74809, 51.164733], [34.817544, 51.174733], [34.899606, 51.196463], [34.946115, 51.214291], [34.961824, 51.215325], [34.999445, 51.202095], [35.059389, 51.212327], [35.078716, 51.207625], [35.091325, 51.197677], [35.09918, 51.183182], [35.123778, 51.091327], [35.143622, 51.058487], [35.172561, 51.040632], [35.20646, 51.038927], [35.27426, 51.048797], [35.308676, 51.047325], [35.3464, 51.036602], [35.355082, 51.025595], [35.34671, 51.008257], [35.332551, 50.999937], [35.278084, 50.992651], [35.282218, 50.98154], [35.284802, 50.944333], [35.293587, 50.937615], [35.317151, 50.934205], [35.32914, 50.929089], [35.341749, 50.91586], [35.341439, 50.876482], [35.348571, 50.86377], [35.369034, 50.846045], [35.377716, 50.833746], [35.37906, 50.797211], [35.393116, 50.788374], [35.41823, 50.778917], [35.438488, 50.762381], [35.447066, 50.73432], [35.443759, 50.709464], [35.445412, 50.687502], [35.468873, 50.668536], [35.391565, 50.646367], [35.376166, 50.634585], [35.377716, 50.621821], [35.425258, 50.500485], [35.446446, 50.476042], [35.52272, 50.459505], [35.540807, 50.450048], [35.554656, 50.433253], [35.562304, 50.409637], [35.563855, 50.391809], [35.570159, 50.376461], [35.592173, 50.360493], [35.611397, 50.351708], [35.652118, 50.341114], [35.673202, 50.340184], [35.69687, 50.345145], [35.737694, 50.381577], [35.774384, 50.3869], [35.80539, 50.412169], [35.83743, 50.423228], [35.931894, 50.430153], [36.105837, 50.42111], [36.133226, 50.411601], [36.14077, 50.392946], [36.169296, 50.383696], [36.269031, 50.281376], [36.291976, 50.274038], [36.31585, 50.274865], [36.339518, 50.28148], [36.38799, 50.30644], [36.410005, 50.304579], [36.430572, 50.296879], [36.452689, 50.293572], [36.480181, 50.28086], [36.512117, 50.276416], [36.536405, 50.267527], [36.538886, 50.265047], [36.531651, 50.228822], [36.534648, 50.219933], [36.549531, 50.212182], [36.594386, 50.20443], [36.616917, 50.206394], [36.635831, 50.214042], [36.660429, 50.243859], [36.682649, 50.260654], [36.848634, 50.323699], [36.914056, 50.339099], [36.980099, 50.342148], [37.051722, 50.335327], [37.197037, 50.362405], [37.226699, 50.377081], [37.285197, 50.41527], [37.314755, 50.42297], [37.415214, 50.431858], [37.435265, 50.424934], [37.480017, 50.340029], [37.568177, 50.312537], [37.599183, 50.290885], [37.60156, 50.249027], [37.588641, 50.21461], [37.590294, 50.20381], [37.597116, 50.196937], [37.631842, 50.174096], [37.72765, 50.078701], [37.76341, 50.062578], [37.842785, 50.039117], [37.881749, 50.023046], [37.915856, 50.003306], [37.946552, 49.978191], [37.979004, 49.941449], [37.995334, 49.921347], [37.995851, 49.905895], [38.000398, 49.899798], [38.066544, 49.927238], [38.079153, 49.929925], [38.090315, 49.928426], [38.119047, 49.919176], [38.166176, 49.94057], [38.171344, 49.984082], [38.164109, 50.030384], [38.173928, 50.06015], [38.189844, 50.062785], [38.25382, 50.059064], [38.281208, 50.062423], [38.299915, 50.060511], [38.314074, 50.049504], [38.34415, 49.992092], [38.356036, 49.980568], [38.376293, 49.974935], [38.420114, 49.971783], [38.461145, 49.9569], [38.497526, 49.948167], [38.570183, 49.956642], [38.619482, 49.950751], [38.664647, 49.965168], [38.675603, 49.927031], [38.687282, 49.913802], [38.747846, 49.885432], [38.852233, 49.865795], [38.886339, 49.845176], [38.910524, 49.820578], [38.937395, 49.803473], [39.032273, 49.807349], [39.04912, 49.810552], [39.068344, 49.821094], [39.117126, 49.864399], [39.15578, 49.873598], [39.182755, 49.858508], [39.238049, 49.765129], [39.26089, 49.74451], [39.289932, 49.732056], [39.327656, 49.72632], [39.36724, 49.731849], [39.405997, 49.744252], [39.443618, 49.749523], [39.499118, 49.728129], [39.557513, 49.723994], [39.570432, 49.713297], [39.597407, 49.647978], [39.622935, 49.613459], [39.653321, 49.599816], [39.688667, 49.59346], [39.729182, 49.580799], [39.781065, 49.548398], [39.801529, 49.542197], [39.828711, 49.541473], [39.889379, 49.553256], [39.9147, 49.562971], [39.974025, 49.602555], [39.998106, 49.608239], [40.017743, 49.607878], [40.115515, 49.590566], [40.130708, 49.579817], [40.126057, 49.559095], [40.110657, 49.545349], [40.072003, 49.530673], [40.05433, 49.519769], [40.0349, 49.487058], [40.040894, 49.455484], [40.061978, 49.425821], [40.101355, 49.385462], [40.148071, 49.349599], [40.159543, 49.333579], [40.157166, 49.315854], [40.142697, 49.281903], [40.141663, 49.245781], [40.134015, 49.236272], [40.090917, 49.217255], [40.057741, 49.182787], [40.038414, 49.168524], [39.979606, 49.141859], [39.952114, 49.124548], [39.930927, 49.10057], [39.926069, 49.086514], [39.923382, 49.057989], [39.918731, 49.047808], [39.907259, 49.042589], [39.891342, 49.041762], [39.831501, 49.045276], [39.748922, 49.026208], [39.698279, 49.028378], [39.681123, 49.020316], [39.673991, 48.970139], [39.687531, 48.957581], [39.725978, 48.937014], [39.747372, 48.905336], [39.758741, 48.895415], [39.782305, 48.888438], [39.861887, 48.876449], [39.908189, 48.878413], [39.937644, 48.856244], [39.950357, 48.852781], [39.972268, 48.860326], [40.008855, 48.887818], [40.034279, 48.885596], [40.053813, 48.869215], [40.05278, 48.849733], [40.038724, 48.829992], [40.019603, 48.813146], [39.975265, 48.789685], [39.934957, 48.786687], [39.824163, 48.815626], [39.801219, 48.814903], [39.779411, 48.80772], [39.759361, 48.792837], [39.736313, 48.761521], [39.711405, 48.754803], [39.70293, 48.746586], [39.63172, 48.586906], [39.670271, 48.588405], [39.690114, 48.593676], [39.809177, 48.583754], [39.835325, 48.57347], [39.855066, 48.556107], [39.869535, 48.509908], [39.865401, 48.501485], [39.842146, 48.499056], [39.84473, 48.483502], [39.864781, 48.469833], [39.8962, 48.423919], [39.914493, 48.384696], [39.924105, 48.376118], [39.884108, 48.346352], [39.815895, 48.308164], [39.884831, 48.278992], [39.905192, 48.280646], [39.957385, 48.293384], [39.978882, 48.290077], [39.993248, 48.27323], [39.990665, 48.253748], [39.977642, 48.235455], [39.960485, 48.222071], [39.912633, 48.197679], [39.89372, 48.182977], [39.843077, 48.119751], [39.831191, 48.099985], [39.829021, 48.076782], [39.844317, 48.045673], [39.842973, 48.036397], [39.778791, 48.029214], [39.768146, 48.024331], [39.759878, 48.014951], [39.761945, 48.009784], [39.780238, 47.993144], [39.794397, 47.971311], [39.796154, 47.961363], [39.793984, 47.945705], [39.777034, 47.913743], [39.782925, 47.886561], [39.775587, 47.85801], [39.759051, 47.832947], [39.733833, 47.815997], [39.70076, 47.811527], [39.600611, 47.829485], [39.570018, 47.830932], [39.50935, 47.822767], [39.457054, 47.831293], [39.413956, 47.82318], [39.391631, 47.822612], [39.340058, 47.843567], [39.319698, 47.846021], [39.173557, 47.837055], [39.113509, 47.828555], [39.092942, 47.832094], [39.039095, 47.856925], [38.877244, 47.86124], [38.830942, 47.848243], [38.796215, 47.819925], [38.770997, 47.780831], [38.753324, 47.735149], [38.745159, 47.693111], [38.734514, 47.677143], [38.713016, 47.675722], [38.677876, 47.685178], [38.662167, 47.683292], [38.643357, 47.673525], [38.587649, 47.634303], [38.562225, 47.626629], [38.352935, 47.607095], [38.319035, 47.591308], [38.293404, 47.562783], [38.274387, 47.527849], [38.260331, 47.492942], [38.263638, 47.421706], [38.257954, 47.393232], [38.233356, 47.362407], [38.203383, 47.334631], [38.190568, 47.316906], [38.188707, 47.30099], [38.201006, 47.290629], [38.220333, 47.288794], [38.257644, 47.292747], [38.27573, 47.291817], [38.291853, 47.287037], [38.300949, 47.27603], [38.298158, 47.256031], [38.284722, 47.241149], [38.222504, 47.215233], [38.203487, 47.192314], [38.196976, 47.162394], [38.20142, 47.130742], [38.216645, 47.103258], [38.208377666637084, 47.09763736474406]]}}, {"type": "Feature", "properties": {"a": "OMN", "b": "ARE"}, "geometry": {"type": "MultiLineString", "coordinates": [[[55.192541897409406, 22.694783078227417], [55.186843, 22.703577], [55.197592, 22.849459], [55.191287, 22.995368], [55.194801, 23.025081], [55.22591, 23.121251], [55.321098, 23.275092], [55.343216, 23.336277], [55.364093, 23.436012], [55.375255, 23.469344], [55.393962, 23.495182], [55.431479, 23.532932], [55.445328, 23.552259], [55.478298, 23.67636], [55.487393, 23.693258], [55.534109, 23.756768], [55.538346, 23.770049], [55.535142, 23.845884], [55.530595, 23.874668], [55.514575, 23.896605], [55.478298, 23.916577], [55.461555, 23.930556], [55.45277, 23.948565], [55.456801, 23.963164], [55.499795, 23.970605], [55.542273, 23.985436], [55.591056, 24.010008], [55.618341, 24.020137], [55.646866, 24.02502], [55.727998, 24.019594], [55.762415, 24.028147], [55.78846, 24.009569], [55.807063, 24.007476], [55.923542, 24.051143], [55.986794, 24.06538], [55.997853, 24.08127], [55.960749, 24.142429], [55.948967, 24.18483], [55.933154, 24.220719], [55.903182, 24.232243], [55.847164, 24.211417], [55.830318, 24.21227], [55.767686, 24.224879], [55.755697, 24.230331], [55.754147, 24.245472], [55.762105, 24.262965], [55.807373, 24.340789], [55.810887, 24.389236], [55.808614, 24.397633], [55.801069, 24.40647], [55.774611, 24.4259], [55.771407, 24.441093], [55.77368, 24.49525], [55.761175, 24.537444], [55.759831, 24.558528], [55.784016, 24.58633], [55.790217, 24.619868], [55.818226, 24.643381], [55.814918, 24.662733], [55.794764, 24.70392], [55.792697, 24.722291], [55.797038, 24.778359], [55.788667, 24.855202], [55.799105, 24.886105], [55.829388, 24.921167], [55.862151, 24.948452], [55.89698, 24.968606], [55.935428, 24.977727], [55.978422, 24.971759], [56.005604, 24.956178], [56.016973, 24.926619], [56.029272, 24.861171], [56.005294, 24.876984], [55.978422, 24.886105], [55.960852, 24.881247], [55.957649, 24.868664], [55.96478, 24.853859], [56.00209, 24.823008], [56.031546, 24.754149], [56.062138, 24.731773], [56.099139, 24.730507], [56.118259, 24.735416], [56.127251, 24.7457], [56.133348, 24.762831], [56.154846, 24.786705], [56.171176, 24.82399], [56.186265, 24.830243], [56.223679, 24.83448], [56.241662, 24.842438], [56.280316, 24.876984], [56.308325, 24.895174], [56.313596, 24.90507], [56.31928, 24.962534], [56.328995, 24.972689], [56.383311, 24.978217], [56.38594673670868, 24.968580296031643]], [[56.27493359454337, 25.636704139165317], [56.279055, 25.627446], [56.221508, 25.613838], [56.205799, 25.617766], [56.198771, 25.625259], [56.188849, 25.645412], [56.179857, 25.652079], [56.150815, 25.658848], [56.145131, 25.670837], [56.141203, 25.732694], [56.164871, 25.752176], [56.172002, 25.76525], [56.167352, 25.777704], [56.144097, 25.805919], [56.139653, 25.822973], [56.144511, 25.837907], [56.163838, 25.862454], [56.170555, 25.87682], [56.17469, 25.96653], [56.183475, 26.014537], [56.17841, 26.035001], [56.162701, 26.073552], [56.151332, 26.074792], [56.100586, 26.062855], [56.077397, 26.061048], [56.0822399052672, 26.071455698284733]], [[56.260625, 25.331075], [56.290688, 25.327543], [56.309369, 25.301328], [56.349123, 25.294025], [56.344375, 25.266528], [56.29315, 25.245846], [56.252204, 25.217635], [56.235771, 25.211175], [56.219958, 25.215258], [56.207625, 25.220835], [56.208375, 25.255374], [56.235126, 25.267476], [56.244887, 25.277988], [56.23888, 25.286247], [56.233625, 25.312526], [56.260625, 25.331075]], [[56.263026, 25.249223], [56.282979, 25.255476], [56.288328, 25.271926], [56.273812, 25.281289], [56.265075, 25.281175], [56.259578, 25.275982], [56.263026, 25.249223]]]}}, {"type": "Feature", "properties": {"a": "OMN", "b": "SAU"}, "geometry": {"type": "LineString", "coordinates": [[51.982698037634144, 18.986457225811602], [51.978615, 18.995638], [54.97838, 19.995421], [55.637565, 21.97897], [55.637048, 22.001914], [55.626713, 22.023773], [55.186843, 22.703577], [55.187577024345146, 22.71353894432211]]}}, {"type": "Feature", "properties": {"a": "OMN", "b": "YEM"}, "geometry": {"type": "LineString", "coordinates": [[53.099305955216614, 16.646843919209378], [53.090343, 16.642401], [52.801562, 17.267423], [52.79102, 17.28122], [52.773864, 17.287111], [52.736243, 17.289178], [52.721464, 17.29817], [52.730145, 17.299875], [51.978615, 18.995638], [51.98814981835463, 18.99880739277449]]}}, {"type": "Feature", "properties": {"a": "UZB", "b": "KAZ"}, "geometry": {"type": "LineString", "coordinates": [[55.988402405889325, 41.32131332818215], [55.978422, 41.321717], [55.976149, 44.995084], [57.478279, 45.336924], [57.9783, 45.444927], [58.531445, 45.558719], [58.554906, 45.557169], [58.582191, 45.548694], [61.036305, 44.382822], [61.062143, 44.361996], [61.08023, 44.335486], [61.086638, 44.311198], [61.093149, 44.259418], [61.102864, 44.236061], [61.161672, 44.168106], [61.386051, 43.99344], [61.985704, 43.493341], [62.026115, 43.480629], [62.477716, 43.541116], [63.208007, 43.627467], [64.426744, 43.547033], [64.461574, 43.554319], [64.855038, 43.712914], [64.891005, 43.722785], [64.922941, 43.719115], [64.956531, 43.69736], [65.171918, 43.493677], [65.271447, 43.417015], [65.477378, 43.322809], [65.51691, 43.297229], [65.795239, 42.877203], [65.812603, 42.875756], [66.101267, 42.990323], [66.053208, 42.440873], [66.043183, 42.423665], [66.019618, 42.416844], [66.013727, 42.40302], [66.006493, 42.013431], [66.008663, 42.002657], [66.017241, 41.997619], [66.48481, 41.997024], [66.504137, 41.993484], [66.538863, 41.740761], [66.602632, 41.493799], [66.688208, 41.199192], [66.73296, 41.158057], [66.81528, 41.141883], [67.748143, 41.184102], [67.770933, 41.179296], [67.834908, 41.156869], [67.854132, 41.158988], [67.937434, 41.20038], [67.949475, 41.171907], [67.958932, 41.159453], [68.003063, 41.115631], [68.013192, 41.097854], [68.02115, 41.059149], [68.034379, 41.042716], [68.05908, 41.054756], [68.071379, 41.053309], [68.082128, 41.042716], [68.095977, 41.065143], [68.117371, 41.066745], [68.121454, 41.043284], [68.118922, 41.034034], [68.131324, 41.029641], [68.099698, 41.013622], [68.107863, 41.010263], [68.120885, 40.99383], [68.120575, 40.965304], [68.110757, 40.931663], [68.080578, 40.872958], [68.05474, 40.847224], [68.038203, 40.837198], [68.003063, 40.825158], [67.994071, 40.818957], [67.990919, 40.811102], [67.997482, 40.807536], [68.037066, 40.801077], [68.067504, 40.788002], [68.158919, 40.719118], [68.226099, 40.678862], [68.461743, 40.584656], [68.477349, 40.599228], [68.492439, 40.598608], [68.505461, 40.614318], [68.514815, 40.619124], [68.526339, 40.617574], [68.566233, 40.602484], [68.593001, 40.599487], [68.61424, 40.609099], [68.62039, 40.622224], [68.601115, 40.630028], [68.625454, 40.660413], [68.627418, 40.667131], [68.612122, 40.690541], [68.608504, 40.703356], [68.609434, 40.71581], [68.574605, 40.724492], [68.566336, 40.732502], [68.559773, 40.751312], [68.549696, 40.835028], [68.553417, 40.850428], [68.565406, 40.859161], [68.571866, 40.870478], [68.570884, 40.913524], [68.589177, 40.9066], [68.600133, 40.930061], [68.627935, 40.94453], [68.689378, 40.964943], [68.709532, 40.983753], [68.746274, 41.0638], [68.773766, 41.087261], [68.842443, 41.110102], [68.880219, 41.155525], [68.900838, 41.160641], [68.943781, 41.164879], [68.979748, 41.178211], [69.014061, 41.19604], [69.031217, 41.208752], [69.039176, 41.220276], [69.054782, 41.315412], [69.051165, 41.343627], [69.034266, 41.358717], [69.031579, 41.366985], [69.036178, 41.374013], [69.090645, 41.396286], [69.109456, 41.400678], [69.128059, 41.395149], [69.138188, 41.415923], [69.162682, 41.434061], [69.217149, 41.460054], [69.233324, 41.462638], [69.262935, 41.454577], [69.277559, 41.456179], [69.316161, 41.474834], [69.331148, 41.477934], [69.390679, 41.469718], [69.402358, 41.474834], [69.401117, 41.485169], [69.384478, 41.508217], [69.380809, 41.518811], [69.393779, 41.544959], [69.420341, 41.559532], [69.477288, 41.573122], [69.578988, 41.633377], [69.607565, 41.658285], [69.624566, 41.66831], [69.759442, 41.696448], [69.870856, 41.699575], [69.912404, 41.712856], [69.956536, 41.755179], [69.972039, 41.764584], [70.027953, 41.779983], [70.1111, 41.825975], [70.13637, 41.848093], [70.204169, 41.935813], [70.218587, 41.946924], [70.270315, 41.965553], [70.282976, 41.97625], [70.290262, 41.993769], [70.315067, 42.034593], [70.357907, 42.06224], [70.45542, 42.093737], [70.470199, 42.091618], [70.488493, 42.081877], [70.504461, 42.068467], [70.518879, 42.036686], [70.534227, 42.024981], [70.555259, 42.018702], [70.57903, 42.016248], [70.610243, 42.02741], [70.631482, 42.056866], [70.649827, 42.093401], [70.673184, 42.125983], [70.701141, 42.150942], [70.711838, 42.164327], [70.7199, 42.182904], [70.734266, 42.197296], [70.758141, 42.19802], [70.804546, 42.188434], [70.842373, 42.192542], [70.879994, 42.206934], [70.95597260269484, 42.25389313956483]]}}, {"type": "Feature", "properties": {"a": "UZB", "b": "TJK"}, "geometry": {"type": "MultiLineString", "coordinates": [[[70.96684648035705, 40.244527197608065], [70.958955, 40.238372], [70.938336, 40.239922], [70.849711, 40.233773], [70.707188, 40.200183], [70.664296, 40.197496], [70.622128, 40.199563], [70.581821, 40.221732], [70.56394, 40.26421], [70.550608, 40.310461], [70.524046, 40.34374], [70.501929, 40.35082], [70.442191, 40.343327], [70.371394, 40.364927], [70.384933, 40.399706], [70.357028, 40.430402], [70.353824, 40.456136], [70.369637, 40.475515], [70.399351, 40.490191], [70.477796, 40.505487], [70.511954, 40.546777], [70.525493, 40.557112], [70.569315, 40.570445], [70.582079, 40.578765], [70.617167, 40.611941], [70.707239, 40.668992], [70.732096, 40.674986], [70.740674, 40.687698], [70.756177, 40.69514], [70.767132, 40.737618], [70.728892, 40.754464], [70.637424, 40.770587], [70.621766, 40.785987], [70.619338, 40.803195], [70.628743, 40.815856], [70.64869, 40.81751], [70.683468, 40.794514], [70.703157, 40.788933], [70.70512, 40.807433], [70.514434, 40.972591], [70.482912, 40.99352], [70.445705, 41.025921], [70.40116, 41.039977], [70.363539, 41.032432], [70.335892, 40.92696], [70.280392, 40.877713], [70.207993, 40.844588], [70.104227, 40.813324], [70.009659, 40.75803], [69.825329, 40.714002], [69.803315, 40.70563], [69.783523, 40.692969], [69.741562, 40.652455], [69.717687, 40.63628], [69.690919, 40.630028], [69.66012, 40.638709], [69.647511, 40.647443], [69.607823, 40.691781], [69.570823, 40.712451], [69.531859, 40.758599], [69.509224, 40.77467], [69.477288, 40.777047], [69.461682, 40.784333], [69.435844, 40.802679], [69.417757, 40.804229], [69.385253, 40.796116], [69.355074, 40.780354], [69.329597, 40.755343], [69.314198, 40.729298], [69.30717, 40.699326], [69.306601, 40.662532], [69.313474, 40.609357], [69.30934, 40.595818], [69.294974, 40.589152], [69.234254, 40.585276], [69.198442, 40.566517], [69.198029, 40.545847], [69.238337, 40.493964], [69.259731, 40.437636], [69.306343, 40.364979], [69.312699, 40.34281], [69.305309, 40.293821], [69.273115, 40.289583], [69.234616, 40.300849], [69.208364, 40.298317], [69.212498, 40.268758], [69.285259, 40.218631], [69.285259, 40.194964], [69.24769, 40.181735], [69.197926, 40.182975], [69.108009, 40.203645], [69.042018, 40.229173], [69.019229, 40.232067], [68.856551, 40.21274], [68.801877, 40.19114], [68.778468, 40.188763], [68.720539, 40.196514], [68.698318, 40.194964], [68.601993, 40.17543], [68.581116, 40.164216], [68.606954, 40.142305], [68.651706, 40.120756], [68.687052, 40.110318], [68.930655, 40.146801], [68.977267, 40.121015], [68.986982, 40.091714], [68.985432, 40.077141], [68.977267, 40.064894], [68.95453, 40.062052], [68.881769, 40.070837], [68.861512, 40.065824], [68.826062, 40.042053], [68.813143, 40.038901], [68.790405, 40.070165], [68.774696, 40.07988], [68.761725, 40.061483], [68.763844, 40.052492], [68.78162, 40.041536], [68.785031, 40.03394], [68.782912, 40.013424], [68.789372, 39.993994], [68.877428, 39.900563], [68.880787, 39.878342], [68.838258, 39.864648], [68.815365, 39.891881], [68.80012, 39.935135], [68.77976, 39.969448], [68.758883, 39.980558], [68.75201, 39.972755], [68.755575, 39.954048], [68.787615, 39.895757], [68.787356, 39.881701], [68.775212, 39.862529], [68.757539, 39.857517], [68.750408, 39.842479], [68.748341, 39.826149], [68.741623, 39.819638], [68.728187, 39.82496], [68.701522, 39.858447], [68.685089, 39.868007], [68.651086, 39.844701], [68.626178, 39.84961], [68.615842, 39.828113], [68.605817, 39.666882], [68.600339, 39.642853], [68.587007, 39.623164], [68.562926, 39.603579], [68.520241, 39.582546], [68.506702, 39.56756], [68.51745, 39.54844], [68.49771, 39.541412], [68.436267, 39.528803], [68.386606, 39.525185], [68.337565, 39.527924], [68.255864, 39.550559], [68.106209, 39.554124], [67.764525, 39.622596], [67.717603, 39.623371], [67.680447, 39.614121], [67.587378, 39.562651], [67.507435, 39.552936], [67.487642, 39.538001], [67.494567, 39.493714], [67.491156, 39.490097], [67.477411, 39.484413], [67.436483, 39.485705], [67.427284, 39.47661], [67.414779, 39.438111], [67.408164, 39.397906], [67.407079, 39.361009], [67.394418, 39.327368], [67.386873, 39.294192], [67.360622, 39.291763], [67.346462, 39.280808], [67.34269, 39.259569], [67.35008, 39.219829], [67.378192, 39.199495], [67.499011, 39.165983], [67.58035, 39.163605], [67.619831, 39.151255], [67.637711, 39.13154], [67.66758, 39.131773], [67.676727, 39.119629], [67.678587, 39.105935], [67.667218, 39.028368], [67.672231, 39.00377], [67.690524, 38.989611], [67.818372, 38.97341], [67.845243, 38.973772], [67.93485, 38.999068], [67.963272, 39.00191], [67.987974, 38.993771], [68.003373, 38.982118], [68.019806, 38.979689], [68.036446, 38.984392], [68.053086, 38.993952], [68.069106, 38.996096], [68.085642, 38.993771], [68.100938, 38.979276], [68.134683, 38.920985], [68.163725, 38.887472], [68.173699, 38.867319], [68.172562, 38.845279], [68.163674, 38.828639], [68.151271, 38.815125], [68.135975, 38.804506], [68.119025, 38.796703], [68.077891, 38.793395], [68.066729, 38.787969], [68.063318, 38.766317], [68.07665, 38.738102], [68.075927, 38.726862], [68.070759, 38.720738], [68.04549, 38.706708], [68.037635, 38.691645], [68.040322, 38.673351], [68.053706, 38.635937], [68.055877, 38.615732], [68.052518, 38.558268], [68.055153, 38.536305], [68.086882, 38.494034], [68.092567, 38.478789], [68.098044, 38.432436], [68.107553, 38.418276], [68.146724, 38.388743], [68.183724, 38.335491], [68.200829, 38.321693], [68.25266, 38.298749], [68.332035, 38.24299], [68.35622, 38.212604], [68.360664, 38.174053], [68.344334, 38.115452], [68.31953, 38.06021], [68.280566, 38.013236], [68.268267, 37.993832], [68.248733, 37.948951], [68.233023, 37.939804], [68.217727, 37.936083], [68.171115, 37.931071], [68.139954, 37.922699], [68.122229, 37.908333], [68.079648, 37.806272], [68.050192, 37.760409], [67.977328, 37.679743], [67.923378, 37.638789], [67.871857, 37.586802], [67.829224, 37.527943], [67.801215, 37.466448], [67.797339, 37.424435], [67.817183, 37.345422], [67.820645, 37.303306], [67.815426, 37.267339], [67.803954, 37.233439], [67.785092, 37.20357], [67.780544, 37.188868], [67.77595009726707, 37.20760230782867]], [[70.565904, 41.018376], [70.549781, 41.015224], [70.56146, 40.994605], [70.625229, 40.938691], [70.645072, 40.935177], [70.643419, 40.952282], [70.6305, 40.976415], [70.61665, 40.99352], [70.593448, 41.009384], [70.565904, 41.018376]]]}}, {"type": "Feature", "properties": {"a": "UZB", "b": "KGZ"}, "geometry": {"type": "MultiLineString", "coordinates": [[[70.93487674379382, 42.24029985061788], [70.9696, 42.263468], [71.014042, 42.287704], [71.045772, 42.29096], [71.077604, 42.281167], [71.217854, 42.206365], [71.253201, 42.197555], [71.238215, 42.160244], [71.201008, 42.140788], [71.118429, 42.122908], [70.977145, 42.044231], [70.935907, 42.036867], [70.886711, 42.038495], [70.845474, 42.030356], [70.828059, 41.993743], [70.825113, 41.93633], [70.814003, 41.919535], [70.779328, 41.909665], [70.679696, 41.901113], [70.648948, 41.887393], [70.550091, 41.824063], [70.506476, 41.78559], [70.477227, 41.738435], [70.453663, 41.71208], [70.423484, 41.696913], [70.390824, 41.685054], [70.33119, 41.649629], [70.169288, 41.578342], [70.148255, 41.552452], [70.166549, 41.520206], [70.203446, 41.505633], [70.344419, 41.493799], [70.382246, 41.476436], [70.398989, 41.464964], [70.413614, 41.450701], [70.438057, 41.416078], [70.453198, 41.405484], [70.477227, 41.404657], [70.511334, 41.414476], [70.633807, 41.467496], [70.66781, 41.471372], [70.686724, 41.462483], [70.70357, 41.445482], [70.759691, 41.372515], [70.769199, 41.352102], [70.77106, 41.331018], [70.75628, 41.269627], [70.758037, 41.25216], [70.770439, 41.238518], [70.786563, 41.24043], [70.805993, 41.247458], [70.828524, 41.249111], [70.847747, 41.243065], [70.865731, 41.233195], [70.914203, 41.193042], [70.93415, 41.19144], [70.977145, 41.19635], [71.024688, 41.189787], [71.047012, 41.182035], [71.085769, 41.162036], [71.123079, 41.158212], [71.139099, 41.148394], [71.164421, 41.116199], [71.18013, 41.108138], [71.189949, 41.127465], [71.183024, 41.166377], [71.185711, 41.180227], [71.206382, 41.188753], [71.230153, 41.187255], [71.241522, 41.175162], [71.253821, 41.13749], [71.263381, 41.123486], [71.276145, 41.113151], [71.289478, 41.113874], [71.300226, 41.133046], [71.325238, 41.157334], [71.393657, 41.112737], [71.416085, 41.127362], [71.421459, 41.162088], [71.412571, 41.334687], [71.418772, 41.3474], [71.432466, 41.344816], [71.480629, 41.310761], [71.52383, 41.296654], [71.557937, 41.301718], [71.585532, 41.323525], [71.618811, 41.377786], [71.633074, 41.411324], [71.637415, 41.431271], [71.633694, 41.449616], [71.605582, 41.476849], [71.595454, 41.493747], [71.615297, 41.532143], [71.62739, 41.543202], [71.649507, 41.54992], [71.671418, 41.547388], [71.68413, 41.534055], [71.689401, 41.514625], [71.689505, 41.493799], [71.671108, 41.437627], [71.671935, 41.425483], [71.681443, 41.422847], [71.696119, 41.447445], [71.706868, 41.444086], [71.712242, 41.428015], [71.721648, 41.424759], [71.729709, 41.430082], [71.730433, 41.451166], [71.73684, 41.455404], [71.745212, 41.45282], [71.75317, 41.44729], [71.847015, 41.341819], [71.863034, 41.312208], [71.868822, 41.279239], [71.866342, 41.236606], [71.871613, 41.194489], [71.897658, 41.184929], [71.977033, 41.195213], [72.001217, 41.18002], [72.016513, 41.163535], [72.033773, 41.15661], [72.063642, 41.170201], [72.108497, 41.196401], [72.132889, 41.199295], [72.158417, 41.187875], [72.169889, 41.168651], [72.185599, 41.060647], [72.185599, 41.041062], [72.165135, 40.999359], [72.252985, 41.019616], [72.289778, 41.023544], [72.297323, 41.028143], [72.314066, 41.061681], [72.33236, 41.072843], [72.345692, 41.06597], [72.374321, 41.031967], [72.395198, 41.022045], [72.423517, 41.01574], [72.476744, 41.011813], [72.481911, 41.008816], [72.485219, 40.999566], [72.483358, 40.970575], [72.501445, 40.963496], [72.52625, 40.962204], [72.545577, 40.956519], [72.588468, 40.905825], [72.619474, 40.88009], [72.658231, 40.867171], [72.701226, 40.863243], [72.830107, 40.87208], [72.868658, 40.864122], [72.872998, 40.834821], [72.870311, 40.818181], [72.883127, 40.819628], [72.929429, 40.844175], [73.00343, 40.870168], [73.01945, 40.8619], [73.033299, 40.847224], [73.053556, 40.83632], [73.112467, 40.839162], [73.14337, 40.833839], [73.148641, 40.813686], [73.118048, 40.782938], [73.070609, 40.762474], [72.976765, 40.736068], [72.890982, 40.695088], [72.818945, 40.681084], [72.783908, 40.669663], [72.760034, 40.641758], [72.748355, 40.575096], [72.719209, 40.564864], [72.682416, 40.577679], [72.664226, 40.577783], [72.656474, 40.561143], [72.65048, 40.532152], [72.640868, 40.519853], [72.625468, 40.5105], [72.585781, 40.508743], [72.515294, 40.54564], [72.476744, 40.549567], [72.447908, 40.560471], [72.414835, 40.589875], [72.381556, 40.612148], [72.351893, 40.601967], [72.348483, 40.585379], [72.370083, 40.557732], [72.36998, 40.539852], [72.363262, 40.523574], [72.363469, 40.512309], [72.372254, 40.503265], [72.415662, 40.479287], [72.426204, 40.45934], [72.425171, 40.435983], [72.414422, 40.410713], [72.394061, 40.389422], [72.370497, 40.38565], [72.343418, 40.393401], [72.269624, 40.424045], [72.224356, 40.422443], [72.211644, 40.425596], [72.216501, 40.434949], [72.259599, 40.44239], [72.26363, 40.452519], [72.254225, 40.458307], [72.182705, 40.45779], [72.165858, 40.454431], [72.099299, 40.426371], [72.090101, 40.416035], [72.084106, 40.39738], [72.069637, 40.369423], [72.043178, 40.349321], [71.956672, 40.31568], [71.951091, 40.30152], [71.958222, 40.286534], [72.019821, 40.258732], [72.025402, 40.250878], [72.01889, 40.240026], [72.004834, 40.237287], [71.969178, 40.244418], [71.951814, 40.240904], [71.912334, 40.243436], [71.872956, 40.250774], [71.836473, 40.249172], [71.805467, 40.225298], [71.775908, 40.179926], [71.759785, 40.168092], [71.707178, 40.144269], [71.693329, 40.141117], [71.673072, 40.147886], [71.666871, 40.163131], [71.667181, 40.204162], [71.660153, 40.224471], [71.645993, 40.247105], [71.62832, 40.258887], [71.61013, 40.246382], [71.601655, 40.20995], [71.592973, 40.198426], [71.568272, 40.196566], [71.521246, 40.203749], [71.477115, 40.220802], [71.458925, 40.234134], [71.441355, 40.260903], [71.396551, 40.271548], [71.365132, 40.294131], [71.313559, 40.292684], [71.283225, 40.29842], [71.263949, 40.318212], [71.253821, 40.324413], [71.239558, 40.321106], [71.223952, 40.302864], [71.215115, 40.280747], [71.201008, 40.263848], [71.169382, 40.26142], [71.053213, 40.274235], [70.995129, 40.266587], [70.958955, 40.238372], [70.94899324867377, 40.23912085855549]], [[71.176926, 40.042001], [71.198217, 40.052595], [71.223745, 40.057866], [71.236354, 40.056057], [71.244002, 40.046756], [71.237284, 40.031098], [71.190982, 40.006241], [71.174704, 39.993994], [71.17703, 39.968156], [71.221058, 39.931724], [71.219094, 39.900925], [71.208449, 39.888781], [71.1946, 39.884802], [71.16101, 39.884233], [71.113674, 39.874466], [71.098895, 39.8755], [71.087216, 39.88382], [71.079981, 39.903405], [71.060964, 39.904129], [71.021897, 39.880823], [71.009288, 39.885732], [71.007634, 39.911157], [71.050371, 39.962885], [71.045823, 39.99203], [71.034299, 39.99911], [71.007634, 40.003503], [70.994509, 40.008877], [70.98314, 40.021383], [70.958438, 40.063085], [70.952961, 40.079208], [70.954046, 40.095797], [70.959885, 40.113418], [70.977145, 40.144579], [71.008564, 40.157757], [71.031199, 40.146905], [71.047942, 40.122513], [71.06174, 40.095176], [71.078844, 40.07864], [71.105975, 40.064946], [71.176926, 40.042001]], [[71.78552, 39.989705], [71.789757, 39.979318], [71.767123, 39.915446], [71.757304, 39.903095], [71.741801, 39.90077], [71.696843, 39.913844], [71.675346, 39.925781], [71.665527, 39.940199], [71.681753, 39.955082], [71.706868, 39.956115], [71.724128, 39.962678], [71.760612, 39.98371], [71.78552, 39.989705]]]}}, {"type": "Feature", "properties": {"a": "UZB", "b": "AFG"}, "geometry": {"type": "LineString", "coordinates": [[67.78665501121361, 37.20604511302825], [67.780544, 37.188868], [67.775997, 37.207549], [67.764266, 37.220882], [67.746593, 37.229408], [67.725871, 37.233542], [67.677502, 37.233542], [67.644635, 37.251216], [67.633163, 37.254058], [67.592287, 37.247185], [67.572185, 37.223155], [67.561385, 37.2199], [67.545003, 37.231527], [67.526141, 37.272894], [67.503145, 37.281963], [67.482371, 37.277364], [67.431108, 37.239769], [67.391163, 37.21959], [67.319591, 37.208428], [67.281453, 37.188661], [67.259129, 37.185147], [67.236753, 37.192408], [67.225281, 37.207704], [67.20797, 37.243464], [67.187816, 37.258244], [67.143477, 37.27186], [67.123324, 37.281963], [67.113918, 37.297182], [67.097382, 37.34059], [67.085083, 37.349633], [67.064102, 37.354569], [67.024105, 37.377487], [67.005915, 37.384386], [66.957649, 37.385213], [66.865768, 37.367927], [66.734975, 37.363302], [66.694099, 37.343406], [66.65467, 37.346145], [66.588576, 37.36847], [66.564598, 37.370692], [66.539018, 37.36909], [66.519588, 37.36418], [66.50962146647518, 37.37031823793422]]}}, {"type": "Feature", "properties": {"a": "UZB", "b": "TKM"}, "geometry": {"type": "LineString", "coordinates": [[66.52928262308689, 37.36662985071315], [66.519588, 37.36418], [66.494835, 37.379425], [66.497005, 37.397744], [66.530802, 37.430145], [66.546615, 37.45079], [66.542687, 37.466758], [66.507134, 37.493837], [66.493491, 37.522207], [66.497212, 37.55789], [66.519123, 37.62525], [66.522947, 37.665041], [66.514989, 37.743485], [66.518813, 37.782708], [66.553643, 37.832007], [66.60904, 37.889187], [66.645782, 37.945902], [66.624336, 37.993832], [66.590385, 38.012978], [66.554159, 38.026853], [66.515919, 38.035096], [66.439438, 38.035457], [66.408328, 38.042847], [66.306939, 38.08039], [66.260431, 38.126744], [66.231078, 38.148784], [66.198419, 38.160721], [66.133565, 38.175294], [66.071605, 38.214542], [66.043493, 38.226195], [65.97745, 38.234567], [65.876681, 38.272962], [65.842885, 38.275339], [65.81436, 38.266193], [65.76599, 38.235548], [65.740204, 38.224076], [65.671629, 38.219684], [65.60414, 38.237409], [65.205301, 38.449644], [64.977718, 38.61227], [64.910539, 38.645343], [64.763364, 38.686012], [64.634897, 38.744148], [64.424315, 38.882951], [64.337344, 38.970956], [64.313573, 38.98248], [64.283394, 38.979689], [64.205982, 38.949458], [64.180144, 38.945117], [64.150585, 38.949458], [64.120613, 38.96168], [63.709268, 39.190891], [63.648497, 39.239518], [63.54101, 39.3561], [63.477551, 39.402919], [62.593161, 39.890228], [62.535387, 39.93498], [62.524586, 39.939734], [62.452808, 40.009239], [62.424386, 40.092128], [62.421595, 40.115072], [62.425781, 40.136673], [62.439682, 40.172898], [62.435754, 40.194189], [62.405059, 40.245245], [62.396532, 40.312011], [62.388315, 40.330149], [62.362581, 40.369682], [62.356379, 40.388182], [62.353279, 40.430402], [62.343615, 40.439393], [62.260933, 40.475722], [62.213442, 40.486574], [62.191842, 40.499028], [62.171378, 40.539956], [62.134171, 40.577834], [62.120683, 40.59897], [62.100064, 40.660413], [62.088696, 40.674366], [62.055726, 40.701754], [62.044771, 40.714984], [62.036812, 40.736326], [62.02534, 40.781956], [61.993869, 40.865879], [61.982707, 40.885671], [61.990252, 40.893164], [61.985394, 40.907892], [61.982707, 40.97843], [61.979297, 40.998842], [61.970822, 41.01543], [61.897441, 41.10881], [61.877907, 41.124984], [61.654355, 41.249421], [61.567332, 41.277792], [61.470077, 41.29717], [61.43318, 41.300323], [61.410752, 41.292003], [61.397213, 41.27097], [61.387498, 41.235779], [61.363003, 41.225185], [61.343986, 41.193817], [61.315874, 41.17046], [61.281355, 41.157282], [61.243217, 41.1563], [61.2026, 41.168806], [61.09966, 41.2241], [61.081884, 41.224513], [61.022766, 41.216865], [61.014084, 41.2349], [61.01026, 41.237226], [60.99114, 41.212473], [60.978014, 41.202809], [60.930265, 41.240223], [60.860295, 41.252987], [60.65886, 41.243789], [60.538144, 41.213248], [60.478096, 41.212111], [60.443266, 41.219656], [60.414534, 41.235262], [60.360274, 41.276345], [60.299916, 41.309831], [60.094244, 41.389516], [60.066132, 41.410497], [60.059207, 41.434165], [60.071713, 41.514366], [60.079568, 41.531471], [60.09259, 41.545476], [60.109643, 41.556793], [60.150984, 41.572347], [60.16473, 41.584956], [60.155635, 41.603327], [60.089076, 41.674124], [60.058277, 41.718592], [60.049182, 41.753499], [60.074917, 41.781043], [60.102408, 41.795279], [60.133724, 41.797295], [60.171345, 41.788406], [60.225398, 41.765462], [60.241108, 41.767064], [60.252684, 41.780061], [60.250823, 41.794272], [60.228912, 41.819619], [60.167521, 41.849591], [60.152535, 41.861193], [60.118221, 41.900441], [60.088766, 41.919355], [59.983656, 41.949043], [59.931773, 41.947647], [59.91751, 41.952427], [59.906451, 41.966613], [59.908002, 41.979816], [59.919267, 41.98966], [59.997195, 42.010615], [59.994095, 42.050096], [59.974458, 42.09924], [59.983656, 42.145594], [60.036986, 42.169701], [60.040397, 42.18647], [60.028201, 42.199518], [60.00505, 42.209776], [59.960712, 42.222721], [59.925675, 42.246286], [59.897873, 42.278532], [59.866351, 42.304215], [59.820979, 42.307987], [59.77633, 42.303956], [59.689514, 42.309796], [59.478157, 42.285637], [59.426481, 42.286774], [59.401469, 42.293905], [59.361575, 42.32579], [59.338114, 42.33181], [59.287161, 42.335944], [59.258429, 42.347545], [59.2452, 42.365348], [59.233314, 42.441726], [59.223806, 42.460872], [59.209646, 42.477718], [59.146084, 42.526759], [59.122003, 42.537999], [59.096475, 42.535984], [59.067433, 42.525571], [59.038597, 42.519731], [59.009245, 42.518465], [58.9647, 42.524382], [58.89442, 42.547843], [58.827448, 42.593758], [58.612267, 42.780852], [58.587876, 42.791188], [58.569375, 42.768502], [58.555733, 42.683597], [58.534546, 42.654503], [58.493204, 42.64546], [58.441838, 42.647837], [58.390575, 42.656674], [58.282675, 42.68892], [58.258283, 42.689514], [58.239576, 42.685148], [58.186556, 42.661196], [58.148833, 42.649], [58.130643, 42.638846], [58.121341, 42.624247], [58.127025, 42.604997], [58.145732, 42.592569], [58.270996, 42.549032], [58.306239, 42.528671], [58.337038, 42.493712], [58.363703, 42.447074], [58.437911, 42.3577], [58.489587, 42.314524], [58.494135, 42.305713], [58.490621, 42.297574], [58.478218, 42.291993], [58.413933, 42.284759], [58.397603, 42.287859], [58.385821, 42.301321], [58.386131, 42.31685], [58.394916, 42.352248], [58.384684, 42.387827], [58.358949, 42.413407], [58.325049, 42.431856], [58.225727, 42.466582], [58.203816, 42.469502], [58.18573, 42.467254], [58.149453, 42.455678], [58.133226, 42.454567], [58.117207, 42.461518], [58.094366, 42.48671], [58.079896, 42.497304], [58.060879, 42.502265], [58.016024, 42.499707], [57.997731, 42.493428], [57.9783, 42.471776], [57.952772, 42.450072], [57.92559, 42.441106], [57.908641, 42.430434], [57.914325, 42.40395], [57.935719, 42.369818], [57.937476, 42.354238], [57.928794, 42.330931], [57.888073, 42.261582], [57.873707, 42.249644], [57.835467, 42.240446], [57.827302, 42.227372], [57.834537, 42.211636], [57.847352, 42.200914], [57.850453, 42.191431], [57.828439, 42.179545], [57.809215, 42.176393], [57.740899, 42.178744], [57.721572, 42.175334], [57.666278, 42.155102], [57.619769, 42.148178], [57.478279, 42.166523], [57.382264, 42.163629], [57.288213, 42.129419], [57.207805, 42.07056], [57.152924, 41.993484], [57.115511, 41.952092], [57.074376, 41.928786], [56.978361, 41.895118], [56.950146, 41.86605], [56.949836, 41.8275], [56.971954, 41.748538], [56.969473, 41.710892], [56.961618, 41.678723], [56.960481, 41.647201], [56.978361, 41.611466], [57.000582, 41.584026], [57.012054, 41.557826], [57.015775, 41.528991], [57.015052, 41.493644], [57.019599, 41.465946], [57.033035, 41.438247], [57.052259, 41.413597], [57.07417, 41.394994], [57.103625, 41.38161], [57.153751, 41.37236], [57.161399, 41.367967], [57.159229, 41.361146], [57.147964, 41.351069], [57.126673, 41.339597], [57.080061, 41.322027], [57.06032, 41.304922], [57.029521, 41.262599], [57.010194, 41.254124], [56.793463, 41.288334], [55.978422, 41.321717], [55.97841300204441, 41.331743430650455]]}}, {"type": "Feature", "properties": {"a": "KAZ", "b": "RUS"}, "geometry": {"type": "LineString", "coordinates": [[49.22466782821806, 46.33961643011418], [49.227131, 46.327879], [49.033162, 46.404895], [48.959884, 46.445254], [48.917975, 46.474322], [48.897046, 46.482177], [48.819635, 46.479257], [48.758553, 46.513131], [48.732922, 46.534034], [48.705016, 46.550441], [48.665225, 46.557185], [48.573241, 46.55827], [48.539393, 46.56796], [48.563009, 46.591317], [48.546886, 46.599276], [48.539238, 46.627956], [48.53004, 46.638188], [48.493453, 46.653484], [48.455109, 46.660796], [48.479087, 46.683457], [48.505752, 46.732601], [48.556705, 46.761746], [48.6182, 46.770428], [48.676594, 46.758026], [48.697265, 46.745081], [48.712664, 46.728777], [48.739536, 46.690562], [48.764031, 46.682836], [48.91689, 46.702577], [48.948102, 46.71994], [49.00629, 46.76911], [48.697265, 47.100976], [48.525079, 47.410234], [48.5103, 47.417443], [48.473196, 47.420414], [48.437539, 47.429199], [48.411081, 47.445761], [48.360593, 47.493097], [48.174351, 47.712851], [48.112494, 47.748508], [48.044488, 47.769695], [47.649732, 47.765587], [47.435326, 47.834394], [47.412175, 47.835867], [47.394192, 47.826798], [47.388818, 47.811915], [47.389438, 47.751557], [47.382926, 47.705358], [47.374245, 47.685824], [47.359672, 47.683344], [47.174464, 47.770522], [47.140564, 47.792665], [47.123821, 47.808039], [47.11948, 47.81977], [47.125164, 47.832094], [47.13829, 47.849587], [47.156739, 47.863178], [47.158651, 47.871549], [47.12165, 47.915449], [47.051164, 47.974644], [47.044239, 47.986219], [47.13705, 48.02725], [47.178184, 48.051797], [47.192034, 48.071796], [47.173947, 48.084198], [47.11948, 48.08828], [47.103564, 48.101199], [47.10408, 48.119235], [47.116483, 48.153858], [47.108835, 48.173986], [47.080309, 48.195974], [47.075245, 48.205121], [47.098603, 48.222587], [47.112142, 48.241553], [47.111832, 48.250984], [47.098913, 48.265375], [47.078294, 48.275349], [46.97923, 48.293953], [46.478279, 48.41056], [46.753818, 48.91407], [46.778002, 48.936032], [46.812935, 48.953757], [46.888073, 48.980526], [46.930034, 49.004038], [46.97923, 49.047292], [47.020881, 49.096849], [47.040002, 49.150334], [47.028633, 49.201494], [46.97923, 49.244282], [46.830712, 49.318334], [46.775108, 49.332545], [46.899907, 49.820319], [46.922593, 49.86135], [46.95856, 49.88414], [47.177358, 49.947185], [47.245571, 49.99235], [47.308719, 50.044802], [47.328563, 50.072965], [47.327633, 50.109294], [47.273062, 50.158438], [47.265104, 50.186343], [47.276266, 50.199883], [47.312647, 50.222414], [47.32231, 50.2374], [47.316987, 50.252903], [47.30319, 50.263496], [47.294766, 50.275434], [47.30567, 50.294864], [47.322878, 50.304476], [47.392228, 50.323234], [47.406284, 50.334241], [47.438892, 50.383179], [47.469795, 50.411756], [47.511497, 50.436923], [47.556921, 50.45258], [47.599296, 50.452684], [47.624669, 50.440798], [47.689988, 50.386331], [47.734946, 50.370053], [47.749106, 50.360235], [47.766934, 50.337187], [47.776494, 50.329797], [47.808224, 50.319927], [47.854526, 50.285045], [47.874059, 50.266442], [47.913437, 50.243859], [47.953641, 50.204895], [47.993225, 50.181796], [48.012242, 50.142108], [48.024748, 50.131256], [48.074564, 50.105263], [48.096371, 50.078546], [48.112494, 50.021961], [48.142363, 49.963773], [48.160863, 49.946461], [48.200448, 49.925016], [48.219878, 49.901503], [48.227113, 49.879489], [48.239308, 49.864761], [48.274035, 49.863056], [48.30287, 49.866725], [48.359508, 49.833962], [48.417592, 49.811689], [48.429891, 49.809674], [48.44281, 49.814997], [48.465858, 49.835822], [48.479087, 49.84316], [48.683519, 49.895457], [48.784598, 49.933387], [48.862009, 49.992919], [48.885677, 50.019894], [48.885884, 50.030436], [48.874102, 50.069813], [48.865523, 50.086195], [48.851829, 50.097253], [48.782841, 50.111464], [48.780981, 50.137561], [48.789042, 50.173011], [48.770955, 50.211045], [48.728891, 50.265408], [48.701296, 50.334603], [48.674424, 50.47847], [48.678661, 50.548544], [48.67339, 50.579549], [48.648482, 50.601564], [48.597426, 50.608023], [48.572931, 50.61686], [48.56828, 50.636549], [48.58399, 50.649623], [48.608795, 50.647917], [48.739588, 50.597533], [48.786252, 50.590608], [48.830435, 50.596034], [49.012698, 50.683419], [49.102408, 50.757988], [49.144059, 50.781708], [49.283689, 50.803722], [49.36942, 50.82677], [49.408436, 50.848267], [49.423732, 50.882063], [49.40549, 50.913534], [49.371539, 50.939424], [49.347354, 50.96428], [49.359137, 50.992651], [49.392726, 51.034199], [49.401046, 51.067091], [49.410606, 51.085539], [49.423112, 51.101998], [49.436548, 51.112333], [49.460112, 51.116158], [49.539746, 51.100784], [49.779059, 51.102179], [49.795906, 51.109569], [49.842828, 51.150677], [49.98685, 51.22982], [50.02876, 51.242997], [50.207457, 51.265942], [50.325383, 51.303459], [50.342281, 51.312735], [50.348947, 51.322605], [50.337578, 51.372033], [50.346725, 51.381206], [50.376232, 51.397019], [50.359592, 51.413323], [50.367447, 51.418956], [50.379643, 51.421152], [50.439226, 51.423012], [50.457467, 51.426888], [50.471058, 51.436112], [50.478965, 51.453734], [50.518342, 51.459754], [50.527231, 51.470089], [50.531365, 51.492698], [50.522166, 51.550756], [50.52537, 51.565587], [50.542837, 51.57737], [50.561854, 51.580651], [50.575703, 51.588428], [50.581698, 51.635299], [50.599836, 51.634731], [50.639265, 51.616179], [50.685774, 51.615636], [50.694197, 51.611166], [50.658696, 51.576181], [50.670891, 51.567525], [50.719984, 51.567422], [50.764322, 51.578662], [50.790677, 51.597291], [50.794501, 51.625971], [50.747372, 51.709041], [50.744168, 51.742373], [50.767009, 51.7594], [50.820856, 51.752553], [50.839253, 51.745525], [50.857753, 51.735293], [50.873669, 51.721883], [50.900748, 51.68713], [50.925449, 51.679689], [51.169775, 51.669483], [51.233854, 51.685477], [51.251838, 51.678526], [51.276229, 51.651603], [51.288425, 51.64287], [51.308475, 51.637056], [51.352503, 51.636229], [51.371934, 51.629589], [51.381959, 51.609797], [51.381132, 51.587059], [51.373174, 51.571608], [51.358963, 51.561479], [51.339171, 51.55502], [51.241657, 51.543702], [51.236541, 51.535899], [51.273025, 51.492595], [51.304238, 51.47164], [51.379478, 51.467092], [51.461851, 51.475283], [51.514974, 51.492698], [51.54474, 51.524117], [51.559829, 51.534582], [51.584324, 51.534918], [51.609955, 51.527734], [51.620497, 51.518691], [51.624425, 51.481019], [51.647369, 51.451228], [51.693309, 51.454096], [51.744314, 51.473448], [51.782296, 51.492853], [51.782968, 51.529827], [51.767775, 51.562978], [51.764726, 51.593312], [51.820175, 51.632974], [51.850871, 51.661654], [51.869164, 51.673074], [51.896759, 51.679741], [51.924768, 51.678268], [51.978615, 51.660362], [52.035252, 51.652404], [52.065948, 51.653437], [52.091786, 51.658708], [52.11101, 51.67031], [52.133334, 51.702039], [52.14801, 51.716069], [52.174107, 51.725242], [52.230176, 51.722451], [52.258184, 51.724208], [52.279578, 51.735345], [52.292239, 51.765627], [52.307794, 51.774541], [52.334872, 51.763715], [52.352132, 51.730203], [52.37766, 51.660104], [52.44453, 51.580186], [52.478843, 51.504868], [52.505818, 51.478874], [52.545815, 51.459522], [52.55367, 51.457971], [52.575064, 51.467144], [52.663689, 51.463449], [52.668547, 51.455129], [52.679812, 51.459005], [52.709475, 51.482078], [52.745545, 51.487013], [52.752573, 51.490476], [52.764665, 51.505255], [52.779755, 51.508123], [52.820682, 51.487013], [52.876286, 51.490088], [52.896543, 51.485282], [52.882797, 51.467144], [52.903365, 51.464999], [52.944292, 51.452881], [52.959795, 51.455853], [52.998863, 51.480192], [53.037103, 51.489726], [53.157199, 51.487013], [53.148621, 51.504764], [53.153272, 51.512671], [53.165778, 51.514557], [53.190479, 51.51249], [53.204948, 51.49722], [53.214147, 51.494765], [53.232234, 51.500682], [53.307371, 51.493835], [53.346335, 51.503033], [53.366902, 51.493602], [53.407313, 51.484171], [53.439663, 51.45115], [53.453409, 51.4419], [53.555418, 51.415519], [53.597483, 51.397174], [53.610298, 51.388415], [53.617946, 51.372137], [53.609368, 51.364101], [53.574435, 51.353223], [53.593245, 51.339115], [53.593142, 51.322605], [53.588594, 51.305345], [53.594072, 51.289429], [53.642544, 51.255426], [53.649366, 51.237339], [53.67386, 51.219872], [53.857725, 51.184603], [53.908988, 51.190442], [53.93586, 51.185611], [53.974721, 51.16649], [53.994047, 51.15339], [54.017612, 51.119077], [54.039833, 51.11037], [54.091923, 51.105228], [54.11156, 51.096004], [54.120138, 51.081173], [54.129957, 51.042338], [54.145666, 51.019652], [54.149077, 51.009652], [54.145356, 50.992651], [54.176569, 50.967898], [54.233516, 50.943093], [54.275787, 50.904284], [54.300075, 50.894724], [54.381001, 50.885422], [54.419655, 50.864493], [54.478566, 50.853486], [54.485904, 50.845115], [54.487867, 50.835555], [54.485284, 50.825426], [54.478566, 50.815711], [54.421928, 50.768685], [54.414384, 50.74848], [54.41242, 50.704038], [54.407149, 50.684814], [54.385341, 50.639442], [54.37976, 50.619444], [54.383584, 50.59991], [54.399501, 50.578671], [54.435778, 50.54751], [54.478566, 50.525961], [54.499443, 50.523274], [54.550706, 50.531335], [54.591427, 50.542342], [54.647548, 50.573245], [54.67628, 50.602545], [54.673593, 50.634326], [54.639073, 50.706984], [54.638659, 50.728016], [54.650958, 50.765636], [54.650235, 50.786307], [54.630184, 50.80367], [54.626877, 50.811577], [54.629874, 50.82031], [54.651785, 50.846252], [54.638246, 50.885732], [54.583676, 50.905679], [54.526005, 50.916428], [54.502957, 50.928262], [54.515876, 50.937254], [54.534686, 50.94361], [54.545952, 50.953273], [54.525281, 50.991101], [54.533756, 51.003245], [54.55267, 51.010169], [54.638246, 51.027687], [54.662224, 51.027894], [54.685788, 51.023553], [54.706872, 51.016293], [54.74625, 50.992961], [54.811672, 50.972394], [54.894251, 50.912397], [55.04773, 50.884234], [55.063233, 50.862168], [55.061373, 50.822687], [55.084007, 50.796901], [55.305389, 50.664971], [55.329366, 50.655152], [55.347763, 50.65138], [55.415976, 50.661405], [55.442331, 50.661663], [55.467756, 50.656961], [55.491114, 50.64585], [55.505686, 50.630244], [55.52429, 50.600685], [55.570385, 50.588334], [55.586198, 50.578413], [55.616791, 50.549939], [55.659992, 50.530043], [55.694305, 50.538777], [55.764895, 50.586836], [55.932327, 50.646522], [56.078881, 50.72476], [56.100069, 50.74786], [56.137379, 50.868782], [56.147508, 50.892295], [56.15836, 50.905524], [56.174896, 50.908677], [56.258199, 50.884492], [56.288584, 50.880306], [56.315456, 50.88382], [56.335713, 50.895861], [56.343878, 50.911416], [56.350493, 50.948002], [56.364962, 50.957873], [56.415812, 50.962679], [56.432038, 50.976218], [56.431935, 50.989809], [56.420359, 51.018644], [56.421186, 51.033527], [56.430695, 51.045438], [56.446508, 51.056575], [56.47834, 51.073034], [56.508003, 51.066264], [56.596576, 50.984021], [56.616626, 50.978336], [56.688353, 50.969138], [56.707474, 50.97043], [56.709644, 50.981592], [56.702719, 50.99818], [56.682462, 51.03053], [56.680292, 51.049779], [56.694554, 51.063499], [56.716052, 51.072465], [56.76008, 51.080242], [56.776307, 51.075979], [56.813617, 51.05704], [56.838628, 51.051407], [56.865087, 51.051769], [56.941051, 51.068331], [57.02518, 51.062672], [57.072413, 51.069726], [57.154475, 51.099957], [57.168221, 51.093782], [57.181243, 51.073499], [57.189925, 51.034845], [57.19747, 51.017352], [57.213593, 51.010117], [57.256277, 51.006035], [57.272917, 50.997457], [57.288523, 50.98123], [57.297618, 50.964952], [57.318909, 50.913224], [57.334309, 50.897411], [57.352706, 50.885991], [57.418128, 50.862375], [57.443036, 50.857775], [57.467634, 50.858499], [57.491405, 50.86687], [57.508872, 50.881288], [57.53285, 50.909969], [57.555897, 50.918754], [57.596205, 50.915705], [57.689222, 50.896739], [57.722399, 50.908728], [57.737282, 50.938236], [57.737902, 50.970895], [57.728186, 51.037093], [57.734388, 51.073886], [57.768804, 51.119672], [57.796193, 51.123263], [57.841771, 51.105796], [57.912258, 51.103393], [57.934065, 51.093963], [57.950085, 51.079209], [57.960214, 51.077478], [58.001658, 51.089777], [58.077312, 51.097942], [58.084134, 51.096624], [58.088785, 51.091921], [58.090955, 51.076108], [58.113693, 51.065179], [58.140564, 51.056652], [58.167643, 51.055179], [58.190587, 51.06554], [58.223763, 51.123134], [58.268102, 51.134554], [58.308409, 51.150031], [58.353575, 51.121997], [58.365977, 51.108923], [58.370835, 51.081922], [58.377966, 51.070656], [58.398016, 51.063706], [58.52049, 51.061949], [58.563484, 51.049262], [58.595007, 51.023372], [58.602655, 50.98123], [58.596351, 50.962472], [58.585292, 50.947796], [58.554389, 50.92542], [58.546534, 50.911932], [58.550152, 50.893277], [58.55997, 50.87519], [58.571443, 50.863511], [58.590459, 50.861083], [58.640999, 50.863408], [58.651231, 50.85328], [58.643893, 50.814677], [58.646683, 50.801293], [58.664357, 50.789924], [58.689782, 50.788374], [58.747762, 50.795092], [58.768433, 50.78269], [58.793961, 50.737679], [58.811531, 50.725484], [58.886772, 50.688948], [58.925943, 50.678148], [59.197451, 50.662749], [59.219362, 50.658356], [59.235691, 50.64461], [59.246957, 50.629624], [59.259049, 50.620374], [59.273312, 50.615981], [59.290778, 50.615465], [59.386483, 50.630347], [59.437643, 50.631123], [59.478157, 50.614379], [59.498104, 50.599703], [59.551021, 50.586009], [59.563423, 50.57986], [59.560426, 50.553815], [59.535311, 50.54658], [59.478157, 50.552419], [59.451699, 50.537278], [59.450769, 50.522292], [59.466272, 50.507357], [59.522806, 50.474646], [59.555052, 50.484361], [59.587711, 50.506169], [59.622231, 50.524101], [59.673081, 50.529527], [59.725481, 50.527666], [59.774677, 50.533712], [59.815708, 50.56291], [59.859219, 50.622544], [59.872035, 50.63598], [59.903971, 50.660268], [59.915133, 50.673807], [59.919577, 50.690912], [59.913893, 50.726], [59.914616, 50.745896], [59.920197, 50.763052], [59.962159, 50.829508], [59.978075, 50.843771], [60.021276, 50.854055], [60.083288, 50.857155], [60.136205, 50.844495], [60.152121, 50.807701], [60.154808, 50.770907], [60.176719, 50.742175], [60.209482, 50.719748], [60.245449, 50.701971], [60.300433, 50.684659], [60.718495, 50.652672], [60.818334, 50.662904], [61.372098, 50.782483], [61.404034, 50.802585], [61.426875, 50.833074], [61.441758, 50.874984], [61.456744, 50.965004], [61.513175, 51.159514], [61.534156, 51.206075], [61.567332, 51.233876], [61.61105, 51.24925], [61.663657, 51.258397], [61.59317, 51.277827], [61.562991, 51.295526], [61.538703, 51.323173], [61.498396, 51.400533], [61.473798, 51.425803], [61.437624, 51.432236], [61.393699, 51.449832], [61.356182, 51.459651], [61.304919, 51.452881], [61.25717, 51.467144], [61.232985, 51.470555], [61.164049, 51.467144], [61.101831, 51.478151], [61.048501, 51.4789], [61.02938, 51.482673], [61.003956, 51.500682], [60.970986, 51.515616], [60.958997, 51.524866], [60.944631, 51.544374], [60.934399, 51.56582], [60.933469, 51.598428], [60.937396, 51.611166], [60.515096, 51.61791], [60.505795, 51.61977], [60.499904, 51.627108], [60.495356, 51.646254], [60.484711, 51.651034], [60.37588, 51.662532], [60.355106, 51.671421], [60.356036, 51.692272], [60.371539, 51.705166], [60.418358, 51.719351], [60.437375, 51.728394], [60.441199, 51.736223], [60.440166, 51.753948], [60.44585, 51.760046], [60.475512, 51.776195], [60.47975, 51.784256], [60.452051, 51.805469], [60.274491, 51.832832], [60.171965, 51.880374], [60.138065, 51.888875], [60.12649, 51.879108], [60.117808, 51.863554], [60.09228, 51.854769], [60.060757, 51.85867], [60.040087, 51.871202], [59.985723, 51.952282], [59.987273, 51.968845], [60.00319, 51.992512], [60.202764, 51.992745], [60.347665, 52.089612], [60.4258, 52.129584], [60.506518, 52.15165], [60.562432, 52.150332], [60.618139, 52.142942], [60.672193, 52.144338], [60.722836, 52.169582], [60.762937, 52.210199], [60.78123, 52.220612], [60.876728, 52.245908], [60.896675, 52.254693], [60.947422, 52.289729], [60.965818, 52.299574], [61.008503, 52.314999], [61.039922, 52.334998], [60.961374, 52.401971], [60.955896, 52.419825], [60.951452, 52.461088], [60.944631, 52.479072], [60.936466, 52.48858], [60.92396, 52.493748], [60.831356, 52.513152], [60.814923, 52.521912], [60.809962, 52.538422], [60.813476, 52.605498], [60.808412, 52.621182], [60.803141, 52.627745], [60.724489, 52.62622], [60.711674, 52.632241], [60.699685, 52.652756], [60.676844, 52.663582], [60.672606, 52.672161], [60.673536, 52.693865], [60.696171, 52.734922], [60.738649, 52.750941], [60.787431, 52.757918], [60.829082, 52.771638], [60.86691, 52.812256], [60.884893, 52.825252], [61.058422, 52.922171], [60.974603, 52.971238], [61.052428, 52.971858], [61.088602, 52.978059], [61.155781, 53.009685], [61.190301, 53.013148], [61.224924, 53.006404], [61.25872, 52.992658], [61.287349, 52.985165], [61.318458, 52.982504], [61.349361, 52.984907], [61.376646, 52.992658], [61.424292, 53.017359], [61.448269, 53.021416], [61.478035, 53.012347], [61.574257, 52.955839], [61.605573, 52.94832], [61.655905, 52.970876], [61.675336, 52.973615], [61.717814, 52.969946], [61.819823, 52.97824], [61.856513, 52.970153], [61.922556, 52.938165], [61.959246, 52.934935], [62.034849, 52.952712], [62.072676, 52.969584], [62.094173, 52.992477], [62.113655, 53.04188], [62.116032, 53.064592], [62.108023, 53.088569], [62.083218, 53.113297], [62.050662, 53.124769], [61.835119, 53.151124], [61.764219, 53.169469], [61.705101, 53.203498], [61.664277, 53.238896], [61.64309, 53.24334], [61.547282, 53.211456], [61.514312, 53.208665], [61.478035, 53.215125], [61.37985, 53.261866], [61.344813, 53.270109], [61.249522, 53.269695], [61.20291, 53.276439], [61.162706, 53.299151], [61.142758, 53.323025], [61.133663, 53.34814], [61.137177, 53.373126], [61.155988, 53.39669], [61.200946, 53.436223], [61.214279, 53.461854], [61.218206, 53.492653], [61.235259, 53.50304], [61.261097, 53.506658], [61.287659, 53.503195], [61.307089, 53.492653], [61.353495, 53.449814], [61.381607, 53.436119], [61.412303, 53.435758], [61.437314, 53.446506], [61.488474, 53.479321], [61.514725, 53.492498], [61.555343, 53.505727], [61.528368, 53.571667], [61.516792, 53.585723], [61.503047, 53.588978], [61.390289, 53.588513], [61.361246, 53.58257], [61.316081, 53.545208], [61.280734, 53.542418], [61.140381, 53.562727], [61.121468, 53.569806], [61.096353, 53.59921], [61.04664, 53.60846], [60.907321, 53.613628], [60.880242, 53.6328], [60.904737, 53.657088], [61.007573, 53.635745], [61.042713, 53.654246], [61.04478, 53.691401], [61.052221, 53.703286], [61.067931, 53.708919], [61.106895, 53.712433], [61.127462, 53.74716], [61.199086, 53.797131], [61.20198, 53.81961], [61.177175, 53.832839], [61.114957, 53.852321], [61.095216, 53.87015], [61.084984, 53.875317], [60.978014, 53.882604], [60.971399, 53.892991], [60.969436, 53.904256], [60.971813, 53.915832], [60.978014, 53.926684], [60.996101, 53.941411], [61.017391, 53.948956], [61.063797, 53.955312], [61.096353, 53.956243], [61.145239, 53.950145], [61.176245, 53.916503], [61.192885, 53.907098], [61.210765, 53.907667], [61.227301, 53.925909], [61.230505, 53.943065], [61.225131, 53.960222], [61.201256, 53.998359], [61.193505, 54.018254], [61.249832, 54.020735], [61.274843, 54.028538], [61.311534, 54.059854], [61.337682, 54.063161], [61.417677, 54.055978], [61.43318, 54.047451], [61.461912, 54.011123], [61.478552, 54.002906], [61.552759, 53.992519], [61.55617, 53.960945], [61.563921, 53.951747], [61.581801, 53.947664], [61.600508, 53.950248], [61.61105, 53.95955], [61.619939, 53.992571], [61.715333, 53.992571], [61.742102, 53.981564], [61.755021, 53.983269], [61.777035, 53.999909], [61.791298, 54.000788], [61.820547, 53.992571], [61.829952, 53.960377], [61.836153, 53.951127], [61.85641, 53.942703], [61.891653, 53.936244], [62.003636, 53.932006], [62.002603, 54.017376], [62.412707, 54.026626], [62.433481, 54.024662], [62.446141, 54.014534], [62.444023, 53.992313], [62.399581, 53.974484], [62.38661, 53.961307], [62.389969, 53.941566], [62.408159, 53.92472], [62.456683, 53.909217], [62.498903, 53.877798], [62.511615, 53.87263], [62.525258, 53.871855], [62.541226, 53.876661], [62.545102, 53.883689], [62.536627, 53.914953], [62.531769, 53.922498], [62.531769, 53.930353], [62.543655, 53.943013], [62.586546, 53.969833], [62.563189, 53.992519], [62.550579, 54.026833], [62.580965, 54.053601], [62.629128, 54.071171], [62.670262, 54.077734], [62.757182, 54.081093], [62.812062, 54.094994], [62.831338, 54.09272], [62.875211, 54.079543], [62.902393, 54.078457], [62.985488, 54.092875], [63.084655, 54.08564], [63.112199, 54.093702], [63.127443, 54.110445], [63.125325, 54.124863], [63.116023, 54.139694], [63.110029, 54.157987], [63.123774, 54.17411], [63.156744, 54.180053], [63.216275, 54.17871], [63.331617, 54.16269], [63.368307, 54.162845], [63.396781, 54.170596], [63.449698, 54.196125], [63.477551, 54.203979], [63.544937, 54.20646], [63.708648, 54.250437], [63.743995, 54.248731], [63.773502, 54.239688], [63.85603, 54.201861], [63.897474, 54.194161], [63.908016, 54.207493], [63.940365, 54.215297], [63.976642, 54.218862], [64.007855, 54.228681], [64.025425, 54.255242], [63.993696, 54.280409], [63.978968, 54.29648], [63.980363, 54.303715], [64.004496, 54.319735], [64.023254, 54.307591], [64.03514, 54.303973], [64.059531, 54.303715], [64.093741, 54.324179], [64.108107, 54.324747], [64.152032, 54.317357], [64.17663, 54.32051], [64.225309, 54.334617], [64.25585, 54.338648], [64.294039, 54.353376], [64.33383, 54.344643], [64.432532, 54.351516], [64.444572, 54.354668], [64.467052, 54.371979], [64.51139, 54.365107], [64.536505, 54.368621], [64.578518, 54.38557], [64.652673, 54.347123], [64.684299, 54.336116], [64.720163, 54.333842], [64.784552, 54.353221], [64.847235, 54.383917], [64.910642, 54.402727], [64.977718, 54.386604], [65.057093, 54.323869], [65.085412, 54.308572], [65.100191, 54.305472], [65.117451, 54.306402], [65.143703, 54.317616], [65.173779, 54.310174], [65.184217, 54.310433], [65.212949, 54.343041], [65.181323, 54.449132], [65.202252, 54.472542], [65.198066, 54.492282], [65.19817, 54.516157], [65.214293, 54.527887], [65.341572, 54.561477], [65.370356, 54.562459], [65.42751, 54.552795], [65.449007, 54.556619], [65.45619, 54.577858], [65.444873, 54.614187], [65.449782, 54.627468], [65.477378, 54.632687], [65.574581, 54.625452], [65.71297, 54.597185], [65.743976, 54.600854], [65.770331, 54.617391], [65.79834, 54.648138], [65.826969, 54.672685], [65.859421, 54.685759], [65.932802, 54.702554], [65.951871, 54.693665], [65.960656, 54.627985], [65.97745, 54.611706], [66.446517, 54.710925], [66.509924, 54.716713], [66.637668, 54.713664], [66.7003, 54.719245], [66.722418, 54.727203], [66.760452, 54.750923], [66.781794, 54.758209], [66.977338, 54.763687], [67.008189, 54.767924], [67.066996, 54.78751], [67.098519, 54.792006], [67.173967, 54.791385], [67.213344, 54.797173], [67.239544, 54.812934], [67.260059, 54.836912], [67.283934, 54.853294], [67.311322, 54.859908], [67.377933, 54.849056], [67.442994, 54.857014], [67.622725, 54.853862], [67.698482, 54.867918], [67.75791, 54.897839], [67.797546, 54.937165], [67.817338, 54.952151], [67.846794, 54.963933], [67.882244, 54.970444], [67.913146, 54.969152], [68.009678, 54.943004], [68.166051, 54.95613], [68.183621, 54.967137], [68.190907, 54.992562], [68.213076, 54.998453], [68.22181, 55.007755], [68.23478, 55.038502], [68.253746, 55.045892], [68.281599, 55.047132], [68.304233, 55.05261], [68.308161, 55.072815], [68.228114, 55.101599], [68.190545, 55.12537], [68.206978, 55.154154], [68.177109, 55.170535], [68.240878, 55.191154], [68.262376, 55.194048], [68.305784, 55.181387], [68.325731, 55.181956], [68.376787, 55.195082], [68.401178, 55.19472], [68.477349, 55.182834], [68.544115, 55.19689], [68.567163, 55.197562], [68.593621, 55.193583], [68.6053, 55.195598], [68.615842, 55.205469], [68.618219, 55.215442], [68.612845, 55.234718], [68.613672, 55.243089], [68.629898, 55.254871], [68.676407, 55.273216], [68.683693, 55.288616], [68.680851, 55.309803], [68.68235, 55.327167], [68.700592, 55.360498], [68.722502, 55.352798], [68.8226, 55.343548], [68.846009, 55.336778], [68.866783, 55.325668], [68.903163, 55.290838], [68.9228, 55.276369], [68.945641, 55.270374], [68.970601, 55.278642], [68.980885, 55.291458], [68.983262, 55.308563], [68.977267, 55.3467], [68.932309, 55.360808], [68.917839, 55.370937], [68.90244, 55.412484], [68.90244, 55.419512], [68.911121, 55.427367], [68.927296, 55.433723], [68.943161, 55.43455], [69.122581, 55.39786], [69.1478, 55.378223], [69.164543, 55.347424], [69.186143, 55.325771], [69.226244, 55.333575], [69.31027, 55.381479], [69.334558, 55.385148], [69.477288, 55.349439], [69.673866, 55.33404], [69.802282, 55.292078], [69.830445, 55.276575], [69.911681, 55.211618], [69.940309, 55.200249], [70.019994, 55.19534], [70.058648, 55.18702], [70.197038, 55.133483], [70.213678, 55.131985], [70.231351, 55.141493], [70.26401, 55.173429], [70.284629, 55.183196], [70.372634, 55.200559], [70.382453, 55.206244], [70.388086, 55.230273], [70.400023, 55.245931], [70.441157, 55.283345], [70.460071, 55.287427], [70.538877, 55.269237], [70.561253, 55.269599], [70.606522, 55.280503], [70.625435, 55.292492], [70.665743, 55.309183], [70.721244, 55.313111], [70.777571, 55.307013], [70.820359, 55.294145], [70.78894, 55.265465], [70.782118, 55.248463], [70.793177, 55.233167], [70.960092, 55.105578], [70.977145, 55.077983], [70.977455, 55.047907], [70.973321, 55.018452], [70.956991, 54.973493], [70.974458, 54.946931], [70.955131, 54.923264], [70.947483, 54.906055], [70.945933, 54.887917], [70.953271, 54.873499], [70.989961, 54.848643], [70.997196, 54.834845], [70.994095, 54.807508], [71.005981, 54.774229], [71.047012, 54.749062], [71.097241, 54.733043], [71.136929, 54.727048], [71.180337, 54.727358], [71.200697, 54.723999], [71.218784, 54.714181], [71.252787, 54.6824], [71.264673, 54.661729], [71.26488, 54.639198], [71.252322, 54.625349], [71.230153, 54.617546], [71.179045, 54.608709], [71.147574, 54.591449], [71.141218, 54.563751], [71.148246, 54.492489], [71.145197, 54.480603], [71.146851, 54.476159], [71.166901, 54.462723], [71.171035, 54.450993], [71.165919, 54.417041], [71.168658, 54.410944], [71.193463, 54.404019], [71.19801, 54.399523], [71.190621, 54.318184], [71.116258, 54.311725], [71.039467, 54.332085], [71.003397, 54.333119], [70.980039, 54.325057], [70.970841, 54.305007], [70.977145, 54.270125], [71.038795, 54.267593], [71.052076, 54.263201], [71.057244, 54.247129], [71.056365, 54.22341], [71.051559, 54.20031], [71.043963, 54.185944], [71.082358, 54.174265], [71.097448, 54.165067], [71.143698, 54.113701], [71.161268, 54.10197], [71.182301, 54.101557], [71.218061, 54.116284], [71.245759, 54.135767], [71.296299, 54.188993], [71.320587, 54.201034], [71.349732, 54.197675], [71.381565, 54.188838], [71.412984, 54.184446], [71.443525, 54.185117], [71.453137, 54.181345], [71.462439, 54.171527], [71.46833, 54.158401], [71.477115, 54.10967], [71.499129, 54.111582], [71.549358, 54.126982], [71.573543, 54.129204], [71.614987, 54.109515], [71.647234, 54.108585], [71.680616, 54.119075], [71.708728, 54.132201], [71.717307, 54.146464], [71.712242, 54.190699], [71.715446, 54.210749], [71.725368, 54.229094], [71.741388, 54.242427], [71.762472, 54.247646], [71.958016, 54.235967], [71.983647, 54.231575], [72.002457, 54.225632], [72.018684, 54.214986], [72.076975, 54.148324], [72.099506, 54.131891], [72.128858, 54.126051], [72.155109, 54.128377], [72.17764, 54.135973], [72.190456, 54.151993], [72.187356, 54.179433], [72.169992, 54.196848], [72.142294, 54.203308], [72.111495, 54.206201], [72.08514, 54.213126], [72.066743, 54.222376], [72.065709, 54.24098], [72.072117, 54.262735], [72.098679, 54.300511], [72.10302, 54.31157], [72.094751, 54.320768], [72.038424, 54.346038], [72.027055, 54.35534], [72.024678, 54.370946], [72.043178, 54.378026], [72.151802, 54.368259], [72.184772, 54.356838], [72.221875, 54.333222], [72.252778, 54.303457], [72.267454, 54.273484], [72.27872, 54.262735], [72.324401, 54.253485], [72.337114, 54.236536], [72.33298, 54.223771], [72.298563, 54.1784], [72.482945, 54.135611], [72.482015, 54.128325], [72.466718, 54.109928], [72.454213, 54.107138], [72.423207, 54.108688], [72.407911, 54.089568], [72.368223, 54.096337], [72.358405, 54.092978], [72.356854, 54.081765], [72.363572, 54.059544], [72.381866, 54.043007], [72.40512, 54.030657], [72.418659, 54.016032], [72.407807, 53.992313], [72.372771, 53.936244], [72.372977, 53.920069], [72.392201, 53.908235], [72.423414, 53.903481], [72.455556, 53.905341], [72.476744, 53.913403], [72.518085, 53.94322], [72.543923, 53.970764], [72.556842, 53.977223], [72.572138, 53.976448], [72.673734, 53.950506], [72.700193, 53.957638], [72.694818, 53.992571], [72.675595, 54.021665], [72.656164, 54.042542], [72.631773, 54.053911], [72.59715, 54.054583], [72.509403, 54.043576], [72.503099, 54.050862], [72.508783, 54.068742], [72.527387, 54.100058], [72.573068, 54.128687], [72.624228, 54.134991], [72.885504, 54.117318], [72.942038, 54.121762], [72.956818, 54.117525], [72.968393, 54.104141], [72.973561, 54.086519], [72.976765, 54.04771], [73.023687, 54.033964], [73.035262, 54.02058], [73.044358, 53.992313], [73.062754, 53.979084], [73.360307, 53.938414], [73.37395, 53.940946], [73.379324, 53.948698], [73.384285, 53.970299], [73.39276, 53.974019], [73.433481, 53.97066], [73.469034, 53.947303], [73.481644, 53.945391], [73.505931, 53.949731], [73.518024, 53.956036], [73.521538, 53.968748], [73.519884, 53.992416], [73.528256, 54.01071], [73.586857, 54.019443], [73.604427, 54.034687], [73.600913, 54.046935], [73.58851, 54.066158], [73.601533, 54.071223], [73.654346, 54.078509], [73.670469, 54.075925], [73.674913, 54.051586], [73.684939, 54.048433], [73.740646, 54.057942], [73.697134, 53.900845], [73.682872, 53.874129], [73.661684, 53.860848], [73.634296, 53.857437], [73.485261, 53.874852], [73.455909, 53.873664], [73.431827, 53.865447], [73.41095, 53.850254], [73.39121, 53.82824], [73.437822, 53.8085], [73.347388, 53.787622], [73.331162, 53.775168], [73.306564, 53.685665], [73.263776, 53.681014], [73.244759, 53.674813], [73.229669, 53.66241], [73.220367, 53.643083], [73.224915, 53.629854], [73.258815, 53.60629], [73.230599, 53.572338], [73.39121, 53.520249], [73.347181, 53.459374], [73.41095, 53.430021], [73.424076, 53.432554], [73.546549, 53.506916], [73.563499, 53.525468], [73.576005, 53.553166], [73.582516, 53.558644], [73.600396, 53.562882], [73.631919, 53.560866], [73.640704, 53.563243], [73.652899, 53.609184], [73.659824, 53.611561], [73.736512, 53.609752], [73.787775, 53.595076], [73.803278, 53.598383], [73.872731, 53.632128], [73.90415, 53.639156], [73.936706, 53.639518], [74.043573, 53.629958], [74.058042, 53.624583], [74.063003, 53.608719], [74.062797, 53.573217], [74.076853, 53.566189], [74.107652, 53.565104], [74.118711, 53.569548], [74.137211, 53.593939], [74.147959, 53.598022], [74.213899, 53.59704], [74.223304, 53.594611], [74.235293, 53.581898], [74.250485, 53.556784], [74.270329, 53.553218], [74.263095, 53.530222], [74.269606, 53.515236], [74.306089, 53.492395], [74.358903, 53.466143], [74.388358, 53.462216], [74.409132, 53.477564], [74.456881, 53.569755], [74.455434, 53.577403], [74.420811, 53.603086], [74.429699, 53.653574], [74.438484, 53.673417], [74.453471, 53.684993], [74.616458, 53.680704], [74.626793, 53.687318], [74.644467, 53.734602], [74.654492, 53.7484], [74.662967, 53.754963], [74.725289, 53.759149], [74.7349, 53.765195], [74.762186, 53.822556], [74.772004, 53.830876], [74.806214, 53.837697], [74.888483, 53.836353], [74.923933, 53.830979], [75.000827, 53.806484], [75.027906, 53.807931], [75.433979, 53.986525], [75.360702, 54.059544], [75.429225, 54.090085], [75.464365, 54.100575], [75.499815, 54.102332], [75.603168, 54.094529], [75.640375, 54.09887], [76.183804, 54.251573], [76.171919, 54.274673], [76.169748, 54.291364], [76.177086, 54.306764], [76.193933, 54.325626], [76.21481, 54.342214], [76.23424, 54.347433], [76.433091, 54.316582], [76.476499, 54.323145], [76.540061, 54.351102], [76.561869, 54.35627], [76.623054, 54.355908], [76.640934, 54.366502], [76.645275, 54.383813], [76.645688, 54.403709], [76.651786, 54.422312], [76.672767, 54.436472], [76.701292, 54.440244], [76.757206, 54.437092], [76.782114, 54.439469], [76.852394, 54.461173], [76.872341, 54.464687], [76.895905, 54.46386], [76.910478, 54.45461], [76.903554, 54.432596], [76.885673, 54.422777], [76.804748, 54.410117], [76.764647, 54.390531], [76.752968, 54.376682], [76.766094, 54.36459], [76.815807, 54.355598], [76.834204, 54.345676], [76.843195, 54.322318], [76.837718, 54.296894], [76.782321, 54.242375], [76.770228, 54.213126], [76.762477, 54.202636], [76.7262, 54.180208], [76.664602, 54.134061], [76.60383, 54.135353], [76.476499, 54.164034], [76.412627, 54.165687], [76.39361, 54.16176], [76.376661, 54.154267], [76.374387, 54.147755], [76.476499, 54.042025], [76.495206, 53.992313], [76.525695, 53.961307], [77.612761, 53.442786], [77.866802, 53.272331], [77.976356, 53.168513], [78.476481, 52.637925], [79.042958, 51.992512], [79.469805, 51.492595], [79.926935, 50.878498], [79.966519, 50.810181], [79.990083, 50.788116], [80.021296, 50.766877], [80.054989, 50.752872], [80.085995, 50.752149], [80.031115, 50.808786], [80.015405, 50.839482], [80.049305, 50.852349], [80.066978, 50.846613], [80.101601, 50.82155], [80.119171, 50.814936], [80.142736, 50.817106], [80.154518, 50.827235], [80.16816, 50.859842], [80.181286, 50.875655], [80.234823, 50.893225], [80.267276, 50.915653], [80.320399, 50.914103], [80.36019, 50.919219], [80.402875, 50.93374], [80.439048, 50.958131], [80.459409, 50.992651], [80.46499, 51.025775], [80.464473, 51.043707], [80.461062, 51.058952], [80.451657, 51.073499], [80.410523, 51.10484], [80.407112, 51.117217], [80.407629, 51.135743], [80.413417, 51.168428], [80.421995, 51.187574], [80.434397, 51.200623], [80.452071, 51.207935], [80.476152, 51.20964], [80.561315, 51.202095], [80.599245, 51.208555], [80.612474, 51.233876], [80.614128, 51.249664], [80.632422, 51.277956], [80.645031, 51.289248], [80.664564, 51.300151], [80.682754, 51.302012], [80.816596, 51.261007], [80.842538, 51.257518], [80.854527, 51.264624], [80.864087, 51.275838], [80.882484, 51.284855], [80.905738, 51.283563], [80.914213, 51.270179], [80.91628, 51.235375], [80.924238, 51.216074], [80.936072, 51.205687], [81.022113, 51.177394], [81.070121, 51.171994], [81.098336, 51.190907], [81.112857, 51.195946], [81.132753, 51.194473], [81.152028, 51.186541], [81.158643, 51.174268], [81.155955, 51.157421], [81.14717, 51.13595], [81.080508, 51.030866], [81.05405, 50.969862], [81.051517, 50.955702], [81.058287, 50.947072], [81.104382, 50.936685], [81.158849, 50.938236], [81.277447, 50.962679], [81.400798, 50.959113], [81.401212, 50.922991], [81.416095, 50.88966], [81.439504, 50.859687], [81.466117, 50.833746], [81.444723, 50.813385], [81.42612, 50.788167], [81.418782, 50.762484], [81.431081, 50.740728], [81.460226, 50.730341], [81.674115, 50.736026], [81.697214, 50.745017], [81.72574, 50.774628], [81.744137, 50.784912], [81.763464, 50.784343], [81.800877, 50.767858], [81.822426, 50.76574], [81.895032, 50.774215], [81.945365, 50.769202], [81.990323, 50.759642], [82.012544, 50.750133], [82.073109, 50.715665], [82.095536, 50.70812], [82.147316, 50.701609], [82.173671, 50.703056], [82.198786, 50.708792], [82.255733, 50.745224], [82.288393, 50.737421], [82.32839, 50.752097], [82.362497, 50.742124], [82.408282, 50.748376], [82.430296, 50.741142], [82.475823, 50.714012], [82.604239, 50.769047], [82.672762, 50.789769], [82.698032, 50.810957], [82.699996, 50.880978], [82.726454, 50.900718], [82.764539, 50.906661], [82.844121, 50.891727], [82.975896, 50.881908], [83.021475, 50.891778], [83.057855, 50.917152], [83.08607, 50.95255], [83.107568, 50.992651], [83.13754, 50.994666], [83.179605, 50.987277], [83.323782, 51.002418], [83.433956, 50.992651], [83.462016, 50.964332], [83.477002, 50.953377], [83.498345, 50.945419], [83.609759, 50.932034], [83.632652, 50.9248], [83.712802, 50.882218], [83.778173, 50.879428], [83.800445, 50.875655], [83.820496, 50.868007], [83.838272, 50.856277], [83.869692, 50.821395], [83.882817, 50.81199], [83.921988, 50.800725], [83.950565, 50.780416], [83.949738, 50.717887], [83.975835, 50.686365], [84.101719, 50.62859], [84.133035, 50.600788], [84.151225, 50.552574], [84.185951, 50.527976], [84.195615, 50.51144], [84.19794, 50.493146], [84.176753, 50.439145], [84.191842, 50.407725], [84.218404, 50.377701], [84.239385, 50.344628], [84.241865, 50.321891], [84.239643, 50.278224], [84.249978, 50.259931], [84.261812, 50.253626], [84.304394, 50.243239], [84.331369, 50.213474], [84.368783, 50.21182], [84.405266, 50.230837], [84.440768, 50.244635], [84.475753, 50.227065], [84.504588, 50.204585], [84.535697, 50.190943], [84.569287, 50.185517], [84.605977, 50.187429], [84.641996, 50.184897], [84.666697, 50.170014], [84.689383, 50.151048], [84.720286, 50.136631], [84.773202, 50.138336], [84.790669, 50.132755], [84.801521, 50.123763], [84.826119, 50.086711], [84.838676, 50.08082], [84.887976, 50.096737], [84.910248, 50.095083], [84.975774, 50.075187], [84.986729, 50.066971], [85.020112, 50.033071], [85.028329, 50.020514], [85.025435, 50.004081], [85.009364, 49.997828], [84.954793, 49.99049], [84.950659, 49.933284], [84.954587, 49.906929], [84.975774, 49.89401], [85.032618, 49.884967], [85.056286, 49.873339], [85.070755, 49.85024], [85.075923, 49.813911], [85.081711, 49.80001], [85.098144, 49.782182], [85.163256, 49.733968], [85.185115, 49.705029], [85.195037, 49.625654], [85.223614, 49.595734], [85.263095, 49.581523], [85.302782, 49.590101], [85.342057, 49.608188], [85.384018, 49.615681], [85.407272, 49.609635], [85.45099, 49.588447], [85.475692, 49.583073], [85.531296, 49.589119], [85.597183, 49.619298], [85.614856, 49.617128], [85.628447, 49.606482], [85.642297, 49.577492], [85.656198, 49.564934], [85.673302, 49.560439], [85.725754, 49.573048], [85.747406, 49.572996], [85.764718, 49.566846], [85.794432, 49.541835], [85.809211, 49.536512], [85.827505, 49.541008], [85.860785, 49.557493], [85.880732, 49.563281], [85.940573, 49.559612], [85.942123, 49.551085], [85.931891, 49.510054], [85.931426, 49.492846], [85.946257, 49.481374], [85.963001, 49.478583], [85.980054, 49.482872], [86.027544, 49.515635], [86.070488, 49.52628], [86.111519, 49.520183], [86.136685, 49.493001], [86.177251, 49.463339], [86.214251, 49.496153], [86.246394, 49.550052], [86.272129, 49.583641], [86.32949, 49.610255], [86.391812, 49.624982], [86.458267, 49.665652], [86.475476, 49.670819], [86.48178, 49.676917], [86.482969, 49.686271], [86.472737, 49.708336], [86.519711, 49.726837], [86.545601, 49.74265], [86.565134, 49.742701], [86.584926, 49.760065], [86.595365, 49.78089], [86.610196, 49.795515], [86.642442, 49.793861], [86.68492, 49.778203], [86.748379, 49.782957], [86.758921, 49.778616], [86.759593, 49.767713], [86.73763, 49.735002], [86.740524, 49.722754], [86.775871, 49.695004], [86.736493, 49.671905], [86.716133, 49.666789], [86.667712, 49.664256], [86.647093, 49.653663], [86.611126, 49.620228], [86.595985, 49.601883], [86.591799, 49.587207], [86.599344, 49.573513], [86.618568, 49.557958], [86.642546, 49.547468], [86.664146, 49.547416], [86.709518, 49.554496], [86.732566, 49.550672], [86.802432, 49.52225], [86.824343, 49.509227], [86.822896, 49.492794], [86.814266, 49.47295], [86.814008, 49.450006], [86.828994, 49.433315], [86.854419, 49.421274], [86.905475, 49.404686], [86.933071, 49.390113], [86.930797, 49.380553], [86.915656, 49.369959], [86.905062, 49.351924], [86.91302, 49.338695], [86.933329, 49.324277], [87.012549, 49.280714], [87.01689, 49.272756], [87.017148, 49.258648], [87.024538, 49.248933], [87.050376, 49.238908], [87.076008, 49.236892], [87.160447, 49.242008], [87.190316, 49.237823], [87.217963, 49.229813], [87.271758, 49.205111], [87.287674, 49.184337], [87.30819, 49.113851], [87.323796, 49.085274], [87.31107891583227, 49.08769679842185]]}}, {"type": "Feature", "properties": {"a": "KAZ", "b": "KGZ"}, "geometry": {"type": "LineString", "coordinates": [[80.21962405431282, 42.19320643327843], [80.210328, 42.189519], [80.16661, 42.208717], [80.136534, 42.23887], [80.110076, 42.273338], [80.077003, 42.305765], [80.012098, 42.349509], [79.960111, 42.403511], [79.917943, 42.42444], [79.696458, 42.459838], [79.652533, 42.461053], [79.571918, 42.449529], [79.47642, 42.453973], [79.425673, 42.469605], [79.398388, 42.496942], [79.353016, 42.577299], [79.321287, 42.602181], [79.242119, 42.629776], [79.206359, 42.656467], [79.181864, 42.693597], [79.176076, 42.713931], [79.175146, 42.737031], [79.180831, 42.77553], [79.173389, 42.785632], [79.148274, 42.790981], [79.108794, 42.785348], [79.030866, 42.756151], [78.992935, 42.757133], [78.954281, 42.768424], [78.888135, 42.771215], [78.807933, 42.79558], [78.687114, 42.804598], [78.669957, 42.811161], [78.635437, 42.832477], [78.594303, 42.850228], [78.496118, 42.875601], [78.429559, 42.880665], [78.38553, 42.878237], [78.31122, 42.850512], [78.290136, 42.851442], [78.229777, 42.865007], [78.183579, 42.86015], [78.137897, 42.861984], [78.030616, 42.854672], [77.986175, 42.860202], [77.929331, 42.885006], [77.907006, 42.891285], [77.883855, 42.893223], [77.861221, 42.89082], [77.809958, 42.871286], [77.798176, 42.877513], [77.781226, 42.895626], [77.71384, 42.907589], [77.647797, 42.909501], [77.62692, 42.906555], [77.574417, 42.887848], [77.557777, 42.888133], [77.501553, 42.914539], [77.461762, 42.914384], [77.418561, 42.922239], [77.328127, 42.897564], [77.178679, 42.913196], [77.163693, 42.921981], [77.135064, 42.951746], [77.124005, 42.958904], [77.089899, 42.968154], [76.976417, 42.98221], [76.956884, 42.988514], [76.93735, 42.986034], [76.897662, 42.974536], [76.83348, 42.971745], [76.814153, 42.961487], [76.792966, 42.943065], [76.77953, 42.939292], [76.753899, 42.940765], [76.74625, 42.928879], [76.707907, 42.913661], [76.688786, 42.910328], [76.644345, 42.911129], [76.58502, 42.894799], [76.558768, 42.89821], [76.506885, 42.914488], [76.48053, 42.916968], [76.461927, 42.910999], [76.432058, 42.88958], [76.414074, 42.885497], [76.404463, 42.889244], [76.3933, 42.905263], [76.382965, 42.910069], [76.340487, 42.901672], [76.254498, 42.921154], [76.163754, 42.921154], [76.09058, 42.93428], [76.064535, 42.93397], [75.999113, 42.91764], [75.976582, 42.918725], [75.898033, 42.935701], [75.858966, 42.939809], [75.797161, 42.936192], [75.782072, 42.933324], [75.770599, 42.92565], [75.73825, 42.861571], [75.727605, 42.848678], [75.703833, 42.830488], [75.675308, 42.815372], [75.646163, 42.806096], [75.620428, 42.805295], [75.555936, 42.825217], [75.535988, 42.827025], [75.496611, 42.823925], [75.271198, 42.845758], [75.204639, 42.84519], [75.178594, 42.84966], [75.066146, 42.902602], [75.005375, 42.9164], [74.976849, 42.926477], [74.948531, 42.944848], [74.862851, 42.975828], [74.74875, 42.990013], [74.71392, 42.999883], [74.61129, 43.058174], [74.597028, 43.070344], [74.572016, 43.102202], [74.558167, 43.115044], [74.539253, 43.122899], [74.498222, 43.131115], [74.462772, 43.148634], [74.420604, 43.151837], [74.400554, 43.159537], [74.348774, 43.191034], [74.320042, 43.201654], [74.25865, 43.215761], [74.207697, 43.24979], [74.178759, 43.261702], [74.206044, 43.234106], [74.216586, 43.216924], [74.213899, 43.202635], [74.197362, 43.195788], [74.039852, 43.181861], [74.021456, 43.186306], [73.985385, 43.211679], [73.965335, 43.216924], [73.935053, 43.199716], [73.90167, 43.13096], [73.864256, 43.116103], [73.822811, 43.117318], [73.805551, 43.114734], [73.634089, 43.062463], [73.58665, 43.042283], [73.57094, 43.031922], [73.559675, 43.017298], [73.521744, 42.936166], [73.493012, 42.894954], [73.489498, 42.877823], [73.491979, 42.861003], [73.504278, 42.827594], [73.507068, 42.809404], [73.503554, 42.794082], [73.423869, 42.662772], [73.412707, 42.627322], [73.41002, 42.58965], [73.417565, 42.556163], [73.432964, 42.524847], [73.505518, 42.420926], [73.505105, 42.402943], [73.476889, 42.399067], [73.417461, 42.41705], [73.326201, 42.428677], [73.314419, 42.441571], [73.316589, 42.493712], [73.301396, 42.507071], [73.278348, 42.513401], [73.206828, 42.517173], [73.189052, 42.520765], [73.152671, 42.539213], [73.115051, 42.550841], [73.070609, 42.551926], [72.942348, 42.536035], [72.908345, 42.536965], [72.874549, 42.543993], [72.840752, 42.555698], [72.815224, 42.573036], [72.780601, 42.620449], [72.756933, 42.640215], [72.725824, 42.652876], [72.583817, 42.678275], [72.51178, 42.677551], [72.476744, 42.682564], [72.358405, 42.741397], [72.292362, 42.76106], [72.164101, 42.765091], [72.11997, 42.75181], [72.10488, 42.750337], [72.072737, 42.757185], [71.956982, 42.804598], [71.895384, 42.816044], [71.847738, 42.834053], [71.796682, 42.822297], [71.726402, 42.819661], [71.693536, 42.811807], [71.583568, 42.759639], [71.566308, 42.757236], [71.553803, 42.760905], [71.504193, 42.789612], [71.477115, 42.78354], [71.428849, 42.79558], [71.404613, 42.794883], [71.386939, 42.783074], [71.363065, 42.75411], [71.347562, 42.742844], [71.329785, 42.737031], [71.308495, 42.740105], [71.262502, 42.753567], [71.245449, 42.747133], [71.211446, 42.705224], [71.19522, 42.69724], [71.157548, 42.687938], [71.149021, 42.677939], [71.146437, 42.656855], [71.148091, 42.6174], [71.142768, 42.602543], [71.127007, 42.590606], [71.040656, 42.580529], [71.00319, 42.563527], [71.012699, 42.526036], [71.057864, 42.493402], [71.066287, 42.482137], [71.064168, 42.470329], [71.054712, 42.460381], [71.041017, 42.4548], [71.024739, 42.455963], [70.977145, 42.478752], [70.961952, 42.468107], [70.947586, 42.451286], [70.936114, 42.431623], [70.929913, 42.412296], [70.931773, 42.401496], [70.939835, 42.387827], [70.932703, 42.3762], [70.900354, 42.346744], [70.864801, 42.321552], [70.852657, 42.306075], [70.858134, 42.291063], [70.897822, 42.261608], [70.918648, 42.253365], [70.947793, 42.248146], [70.93487674379382, 42.24029985061788]]}}, {"type": "Feature", "properties": {"a": "KAZ", "b": "TKM"}, "geometry": {"type": "LineString", "coordinates": [[55.97841300204441, 41.331743430650455], [55.978422, 41.321717], [55.910106, 41.326626], [55.87662, 41.324507], [55.787323, 41.291693], [55.694409, 41.281564], [55.635498, 41.264356], [55.509304, 41.258878], [55.478298, 41.266785], [55.450289, 41.278877], [55.429515, 41.290814], [55.412669, 41.307919], [55.372568, 41.375563], [55.356755, 41.389051], [55.294123, 41.421504], [55.25919, 41.444655], [55.228391, 41.472819], [55.100026, 41.644152], [54.950682, 41.795564], [54.940243, 41.813599], [54.934972, 41.833727], [54.94076, 41.889615], [54.930838, 41.909226], [54.907067, 41.932144], [54.738291, 42.04821], [54.195276, 42.318064], [54.122618, 42.337598], [54.047171, 42.345401], [53.412274, 42.258171], [53.191719, 42.193033], [53.135082, 42.167841], [52.978709, 42.126629], [52.764665, 41.993769], [52.437671, 41.748876], [52.43655576843381, 41.76061009777908]]}}, {"type": "Feature", "properties": {"a": "TJK", "b": "KGZ"}, "geometry": {"type": "MultiLineString", "coordinates": [[[70.94899324867377, 40.23912085855549], [70.958955, 40.238372], [70.979522, 40.214084], [70.962883, 40.189693], [70.929293, 40.170624], [70.898545, 40.162614], [70.845164, 40.171813], [70.806716, 40.156155], [70.797725, 40.161942], [70.792144, 40.161374], [70.782532, 40.152589], [70.729822, 40.120705], [70.66595, 40.104168], [70.63944, 40.084945], [70.634737, 40.059313], [70.635977, 40.028514], [70.627399, 39.993891], [70.613963, 39.975752], [70.5966, 39.961955], [70.576601, 39.952239], [70.555052, 39.946245], [70.512574, 39.94516], [70.500895, 39.940561], [70.494177, 39.931672], [70.485961, 39.909606], [70.477227, 39.900925], [70.455627, 39.906816], [70.44803, 39.919993], [70.450872, 39.937408], [70.460226, 39.956115], [70.473197, 39.97012], [70.520946, 39.993736], [70.535622, 40.015957], [70.525493, 40.033682], [70.502135, 40.045981], [70.477227, 40.052027], [70.397646, 40.061225], [70.359509, 40.074041], [70.324265, 40.077503], [70.306282, 40.08479], [70.263494, 40.12427], [70.241531, 40.132745], [70.168822, 40.13166], [70.14717, 40.136983], [70.004595, 40.208761], [69.969558, 40.211603], [69.575474, 40.1036], [69.543021, 40.103083], [69.526071, 40.123185], [69.518009, 40.125097], [69.513462, 40.120705], [69.506331, 40.096933], [69.46964, 40.050993], [69.463129, 40.025413], [69.471191, 39.993684], [69.477288, 39.981592], [69.477288, 39.968156], [69.500439, 39.935703], [69.501576, 39.922474], [69.405355, 39.896119], [69.357296, 39.959474], [69.32784, 39.984744], [69.313991, 39.986914], [69.310322, 39.984796], [69.305671, 39.968621], [69.286447, 39.935755], [69.240714, 39.82894], [69.229552, 39.790544], [69.226296, 39.751011], [69.233324, 39.732666], [69.280091, 39.694271], [69.287533, 39.677786], [69.29115, 39.658872], [69.286189, 39.539707], [69.300348, 39.515625], [69.339726, 39.528079], [69.352025, 39.549628], [69.361637, 39.552884], [69.391454, 39.530508], [69.412176, 39.52503], [69.477288, 39.530405], [69.514392, 39.537588], [69.564932, 39.568129], [69.582295, 39.573555], [69.669421, 39.577792], [69.710349, 39.574071], [69.74983, 39.563839], [69.791585, 39.545391], [69.830445, 39.536244], [69.907753, 39.548492], [69.948629, 39.545081], [69.978757, 39.534436], [70.019684, 39.568594], [70.040355, 39.573606], [70.08273, 39.569782], [70.132442, 39.550042], [70.148979, 39.554279], [70.185204, 39.610348], [70.200655, 39.619495], [70.210267, 39.609728], [70.214814, 39.591125], [70.215021, 39.574071], [70.204376, 39.538156], [70.20603, 39.5241], [70.223289, 39.519088], [70.241066, 39.522395], [70.33026, 39.573089], [70.343179, 39.576862], [70.384313, 39.570867], [70.40147, 39.584768], [70.459967, 39.599548], [70.477227, 39.601201], [70.490973, 39.596861], [70.526113, 39.575622], [70.54358, 39.574278], [70.58027, 39.579549], [70.59784, 39.577792], [70.622128, 39.563529], [70.635977, 39.542497], [70.655976, 39.493714], [70.666725, 39.486893], [70.690134, 39.479193], [70.699746, 39.472165], [70.705431, 39.458523], [70.698092, 39.41899], [70.713285, 39.398423], [70.739744, 39.386228], [70.770129, 39.382093], [70.797621, 39.385349], [70.840099, 39.40142], [70.864181, 39.400594], [70.872242, 39.402971], [70.884489, 39.413874], [70.903351, 39.420851], [70.949808, 39.400749], [70.977145, 39.394909], [71.009288, 39.407622], [71.027581, 39.435217], [71.042309, 39.467876], [71.062928, 39.495627], [71.095898, 39.51237], [71.137446, 39.521155], [71.179975, 39.523015], [71.249273, 39.514385], [71.291958, 39.548957], [71.340586, 39.571694], [71.368543, 39.591486], [71.406731, 39.598153], [71.441251, 39.610658], [71.459545, 39.612105], [71.493031, 39.596241], [71.510911, 39.584148], [71.52538, 39.569162], [71.531375, 39.553091], [71.526001, 39.538156], [71.500576, 39.509217], [71.492101, 39.493663], [71.512875, 39.458833], [71.554319, 39.444157], [71.602792, 39.442348], [71.704594, 39.458988], [71.724438, 39.459401], [71.740251, 39.448343], [71.749243, 39.425502], [71.751827, 39.399663], [71.748106, 39.379561], [71.712966, 39.341527], [71.710899, 39.32096], [71.71834, 39.301065], [71.732913, 39.285097], [71.751207, 39.274245], [71.77043, 39.269542], [71.807017, 39.272849], [71.843501, 39.285045], [71.959152, 39.345868], [71.996463, 39.351863], [72.031499, 39.366694], [72.049793, 39.368864], [72.06695, 39.358477], [72.078112, 39.336618], [72.08576, 39.290109], [72.094751, 39.275072], [72.115525, 39.268147], [72.158623, 39.262617], [72.203272, 39.24081], [72.209163, 39.217297], [72.228903, 39.189237], [72.240272, 39.189909], [72.281407, 39.259724], [72.304248, 39.31357], [72.31634, 39.328815], [72.355924, 39.336101], [72.393234, 39.350829], [72.410701, 39.351346], [72.443567, 39.344783], [72.476744, 39.346127], [72.50806, 39.371965], [72.519015, 39.375686], [72.534104, 39.372327], [72.559426, 39.359562], [72.575756, 39.359304], [72.587021, 39.364885], [72.616373, 39.390413], [72.633737, 39.394496], [72.65048, 39.393772], [72.835275, 39.356204], [72.893669, 39.363903], [72.91434, 39.362715], [72.994335, 39.347832], [73.009321, 39.348607], [73.058414, 39.368813], [73.071126, 39.370725], [73.136032, 39.353465], [73.167864, 39.355377], [73.269357, 39.382558], [73.326408, 39.390878], [73.333332, 39.40111], [73.335503, 39.415166], [73.343151, 39.430669], [73.367645, 39.443795], [73.476889, 39.464776], [73.512236, 39.467411], [73.604323, 39.459608], [73.632642, 39.448343], [73.6322725602989, 39.43836148530947]], [[70.498725, 39.881908], [70.619906, 39.850695], [70.654994, 39.849765], [70.68662, 39.860876], [70.698919, 39.858447], [70.706412, 39.839998], [70.70481, 39.822067], [70.694527, 39.814832], [70.661609, 39.809819], [70.63298, 39.79845], [70.581614, 39.766566], [70.575878, 39.77008], [70.537379, 39.817312], [70.503479, 39.835502], [70.490147, 39.850179], [70.482602, 39.866767], [70.483739, 39.882218], [70.498725, 39.881908]]]}}, {"type": "Feature", "properties": {"a": "TJK", "b": "AFG"}, "geometry": {"type": "LineString", "coordinates": [[74.9016327086258, 37.23472336070586], [74.892307, 37.231114], [74.862644, 37.244601], [74.816859, 37.306923], [74.78854, 37.331159], [74.660383, 37.393972], [74.631444, 37.381079], [74.521167, 37.375601], [74.454814, 37.393636], [74.418331, 37.389192], [74.378126, 37.393765], [74.368204, 37.396375], [74.353632, 37.415909], [74.343813, 37.420999], [74.332444, 37.420353], [74.320869, 37.413893], [74.315598, 37.426916], [74.303816, 37.400173], [74.279424, 37.397512], [74.250382, 37.403687], [74.223924, 37.403351], [74.207697, 37.389915], [74.206044, 37.355654], [74.187647, 37.338394], [74.163256, 37.330074], [74.052151, 37.312246], [73.95562, 37.286769], [73.899292, 37.265478], [73.856401, 37.261577], [73.836247, 37.256745], [73.798213, 37.22853], [73.783951, 37.225894], [73.746123, 37.230545], [73.719975, 37.217549], [73.709227, 37.217006], [73.680494, 37.242457], [73.659927, 37.243748], [73.617656, 37.233181], [73.601636, 37.24088], [73.597295, 37.261809], [73.609904, 37.281395], [73.630988, 37.295993], [73.651969, 37.302065], [73.690416, 37.305218], [73.722249, 37.322452], [73.739096, 37.338342], [73.74571, 37.352863], [73.745917, 37.394902], [73.753462, 37.428388], [73.717805, 37.431825], [73.6745, 37.43105], [73.605047, 37.445777], [73.485261, 37.480969], [73.440612, 37.479936], [73.378394, 37.452547], [73.345011, 37.464484], [73.32124, 37.467017], [73.296332, 37.464949], [73.276075, 37.459472], [73.260262, 37.450041], [73.211479, 37.40826], [73.200627, 37.404178], [73.179026, 37.410741], [73.170241, 37.40826], [73.132104, 37.384386], [73.116394, 37.369064], [73.087766, 37.326069], [73.067509, 37.315062], [72.995575, 37.3093], [72.924262, 37.274832], [72.902247, 37.2538], [72.877443, 37.246875], [72.83052, 37.239769], [72.79073, 37.220262], [72.760964, 37.187499], [72.714352, 37.109984], [72.672701, 37.05761], [72.666603, 37.038335], [72.657714, 37.028826], [72.50868, 37.011075], [72.474987, 36.997484], [72.405947, 37.007665], [72.360988, 37.000275], [72.259806, 36.967305], [72.220325, 36.94555], [72.186839, 36.911392], [72.152836, 36.895708], [72.126687, 36.872738], [71.836576, 36.699156], [71.797612, 36.686082], [71.748519, 36.678641], [71.699943, 36.678641], [71.653021, 36.687012], [71.61106, 36.704841], [71.577367, 36.733263], [71.552872, 36.769591], [71.545328, 36.790004], [71.538506, 36.836099], [71.528481, 36.856149], [71.47174, 36.930047], [71.463059, 36.948082], [71.459958, 36.969786], [71.459958, 37.010739], [71.456444, 37.022548], [71.43319, 37.054742], [71.431123, 37.066989], [71.43319, 37.127347], [71.441045, 37.16843], [71.453757, 37.192615], [71.45014, 37.21667], [71.487037, 37.267055], [71.487863, 37.294986], [71.493858, 37.307543], [71.496545, 37.328524], [71.494685, 37.370692], [71.48714, 37.409087], [71.490241, 37.423376], [71.501506, 37.445777], [71.511221, 37.485878], [71.497165, 37.566545], [71.501506, 37.610341], [71.522073, 37.637626], [71.529515, 37.67858], [71.542537, 37.719559], [71.529515, 37.761133], [71.537783, 37.779039], [71.57468, 37.798004], [71.590286, 37.815729], [71.59504, 37.857535], [71.590286, 37.891435], [71.597727, 37.89836], [71.567342, 37.928074], [71.537059, 37.944455], [71.501196, 37.946212], [71.379188, 37.912932], [71.341154, 37.893295], [71.31976, 37.900582], [71.281829, 37.924999], [71.258265, 37.926472], [71.254544, 37.939287], [71.255785, 37.949881], [71.265913, 37.972541], [71.272631, 37.997992], [71.302397, 38.04233], [71.316039, 38.083284], [71.334539, 38.11168], [71.340947, 38.140929], [71.359086, 38.184105], [71.364512, 38.206816], [71.358156, 38.251258], [71.334384, 38.280662], [71.300123, 38.298697], [71.217699, 38.325827], [71.155946, 38.376212], [71.117395, 38.398639], [71.076984, 38.412178], [71.049802, 38.408664], [71.039467, 38.415331], [71.024584, 38.441918], [71.008564, 38.458584], [70.986809, 38.470909], [70.974045, 38.473673], [70.950739, 38.473053], [70.943452, 38.465948], [70.946759, 38.443236], [70.936217, 38.433004], [70.91224, 38.437655], [70.871002, 38.45321], [70.859323, 38.451659], [70.843045, 38.440161], [70.808887, 38.446362], [70.777261, 38.446466], [70.761086, 38.44352], [70.741811, 38.419439], [70.683313, 38.414581], [70.664865, 38.405409], [70.664865, 38.398639], [70.68476, 38.38665], [70.676698, 38.37492], [70.641352, 38.354197], [70.632102, 38.350115], [70.609312, 38.3512], [70.600011, 38.347066], [70.595773, 38.338178], [70.5966, 38.309187], [70.583061, 38.275081], [70.547197, 38.262653], [70.537947, 38.238055], [70.508543, 38.192502], [70.482602, 38.137363], [70.470303, 38.120517], [70.460071, 38.112248], [70.415371, 38.094523], [70.371187, 38.058298], [70.326281, 38.011273], [70.293776, 37.996106], [70.283751, 37.981869], [70.253934, 37.973394], [70.250161, 37.955617], [70.26153, 37.939287], [70.214711, 37.929262], [70.192232, 37.93288], [70.17213, 37.946083], [70.160503, 37.920658], [70.165205, 37.889911], [70.179158, 37.860791], [70.196004, 37.839914], [70.240343, 37.827563], [70.247164, 37.819166], [70.249851, 37.804877], [70.256517, 37.791803], [70.275121, 37.774181], [70.269592, 37.762632], [70.281891, 37.719559], [70.283079, 37.704831], [70.275121, 37.675479], [70.253572, 37.654576], [70.255225, 37.637471], [70.248301, 37.623338], [70.240963, 37.617137], [70.216468, 37.617137], [70.199415, 37.579284], [70.192697, 37.576028], [70.157867, 37.541431], [70.129135, 37.532284], [70.099059, 37.536573], [70.06919, 37.545203], [70.041698, 37.548846], [70.048003, 37.541431], [70.007592, 37.548846], [69.989505, 37.56732], [69.955399, 37.575485], [69.935245, 37.605664], [69.918812, 37.617137], [69.895247, 37.61817], [69.853286, 37.60122], [69.823004, 37.592952], [69.80223, 37.581506], [69.784453, 37.59042], [69.754274, 37.596673], [69.729573, 37.594089], [69.687301, 37.579594], [69.664977, 37.576157], [69.528655, 37.586027], [69.508656, 37.578973], [69.491448, 37.536986], [69.469744, 37.52014], [69.425405, 37.49425], [69.411711, 37.47252], [69.384478, 37.453271], [69.37838, 37.437406], [69.377036, 37.380665], [69.391196, 37.370692], [69.390885, 37.365317], [69.384478, 37.36015], [69.386441, 37.34152], [69.403081, 37.31116], [69.409696, 37.276744], [69.417912, 37.267675], [69.409851, 37.245661], [69.445197, 37.23641], [69.442148, 37.223621], [69.407732, 37.177473], [69.391196, 37.164658], [69.350836, 37.144142], [69.323913, 37.120991], [69.285621, 37.11293], [69.265777, 37.105411], [69.245675, 37.103886], [69.123615, 37.169205], [69.114313, 37.177473], [69.096433, 37.213027], [69.035765, 37.251577], [69.021037, 37.287958], [69.005483, 37.305528], [68.985225, 37.320359], [68.965433, 37.329144], [68.887867, 37.338135], [68.885077, 37.334828], [68.890296, 37.322943], [68.917633, 37.302427], [68.921147, 37.287958], [68.915824, 37.279069], [68.904714, 37.276692], [68.890296, 37.281963], [68.856758, 37.324906], [68.835829, 37.329144], [68.813815, 37.323408], [68.810197, 37.312091], [68.822031, 37.281963], [68.824615, 37.260621], [68.820378, 37.250906], [68.808492, 37.251629], [68.759606, 37.275245], [68.668862, 37.278294], [68.657545, 37.267675], [68.662661, 37.263721], [68.671239, 37.247185], [68.648605, 37.244369], [68.63641, 37.229925], [68.626901, 37.206257], [68.551453, 37.192615], [68.532747, 37.168999], [68.523858, 37.164658], [68.465774, 37.155356], [68.403711, 37.151635], [68.418025, 37.128277], [68.411462, 37.113369], [68.391877, 37.105437], [68.365832, 37.103214], [68.326661, 37.113033], [68.307282, 37.114221], [68.288317, 37.103214], [68.280772, 37.086652], [68.288317, 37.024408], [68.277775, 37.010068], [68.253746, 37.010223], [68.212559, 37.021256], [68.186411, 37.01831], [68.151995, 36.992782], [68.121092, 36.980276], [68.054946, 36.934646], [68.032725, 36.925241], [68.02022, 36.92568], [68.011125, 36.930874], [67.99619, 36.955782], [67.961825, 36.98994], [67.918417, 37.013814], [67.891959, 37.052029], [67.87811, 37.064431], [67.832893, 37.073087], [67.808036, 37.083241], [67.78535, 37.096548], [67.773051, 37.109984], [67.771966, 37.12497], [67.780544, 37.188868], [67.78665501121361, 37.20604511302825]]}}, {"type": "Feature", "properties": {"a": "MNG", "b": "RUS"}, "geometry": {"type": "LineString", "coordinates": [[87.8179343372919, 49.15499082384045], [87.816324, 49.165837], [87.836995, 49.159998], [87.855185, 49.158964], [87.956781, 49.168886], [87.975488, 49.175811], [87.992954, 49.191727], [88.029748, 49.21555], [88.108503, 49.247434], [88.143953, 49.27074], [88.148397, 49.296579], [88.129173, 49.325931], [88.115531, 49.356575], [88.145606, 49.397193], [88.161729, 49.430111], [88.174752, 49.443857], [88.19997, 49.454347], [88.37877, 49.475793], [88.401921, 49.475844], [88.451117, 49.465147], [88.475405, 49.463649], [88.538761, 49.466542], [88.615759, 49.492949], [88.633535, 49.491244], [88.648676, 49.483596], [88.67467, 49.459825], [88.69565, 49.446957], [88.719421, 49.442926], [88.870627, 49.436002], [88.875329, 49.441789], [88.854865, 49.473881], [88.858741, 49.527366], [88.868198, 49.538114], [88.88892, 49.54168], [88.90835, 49.535944], [88.962662, 49.46215], [88.975323, 49.455845], [89.01408, 49.460548], [89.160738, 49.502716], [89.195258, 49.521526], [89.215619, 49.545452], [89.201563, 49.570619], [89.178205, 49.598472], [89.187352, 49.621985], [89.216445, 49.634491], [89.252205, 49.629427], [89.310703, 49.59315], [89.339435, 49.580799], [89.37194, 49.581678], [89.39783, 49.598989], [89.418604, 49.624207], [89.4416, 49.643586], [89.475344, 49.643431], [89.520303, 49.663171], [89.616318, 49.685444], [89.682308, 49.708336], [89.702411, 49.719964], [89.712642, 49.735157], [89.701532, 49.75314], [89.638952, 49.775464], [89.626446, 49.788022], [89.627376, 49.796807], [89.641949, 49.808124], [89.643551, 49.818872], [89.615336, 49.84192], [89.623862, 49.902692], [89.667684, 49.92729], [89.720704, 49.939744], [89.866432, 49.942741], [89.920175, 49.950854], [89.969423, 49.96708], [89.996243, 49.992764], [89.998723, 50.024648], [90.004924, 50.050745], [90.020531, 50.070743], [90.051226, 50.084179], [90.182433, 50.102473], [90.222947, 50.11441], [90.34387, 50.174665], [90.363921, 50.179781], [90.425002, 50.186912], [90.475232, 50.21461], [90.51895, 50.218383], [90.604939, 50.205981], [90.648451, 50.206652], [90.683901, 50.216212], [90.699714, 50.225152], [90.712633, 50.237968], [90.717387, 50.252024], [90.717594, 50.280756], [90.726586, 50.291867], [90.762449, 50.305716], [90.839964, 50.320806], [90.877068, 50.339357], [90.948588, 50.397493], [90.975149, 50.413926], [91.012046, 50.425295], [91.129765, 50.426174], [91.163355, 50.432788], [91.260093, 50.466585], [91.297507, 50.466378], [91.382153, 50.454958], [91.415743, 50.461365], [91.432486, 50.478057], [91.450366, 50.519088], [91.475067, 50.535986], [91.575733, 50.561979], [91.602708, 50.579601], [91.653144, 50.640063], [91.679602, 50.656547], [91.749779, 50.684091], [91.824193, 50.701558], [91.899951, 50.707242], [92.062732, 50.686313], [92.15885, 50.689103], [92.242772, 50.720006], [92.294449, 50.791268], [92.297446, 50.827596], [92.301683, 50.843358], [92.315223, 50.855863], [92.33548, 50.863615], [92.360905, 50.868369], [92.384572, 50.865579], [92.399869, 50.850592], [92.418989, 50.811732], [92.443277, 50.786307], [92.474903, 50.770494], [92.516451, 50.760624], [92.554588, 50.743002], [92.611845, 50.687657], [92.649776, 50.674066], [92.671893, 50.675616], [92.695251, 50.68192], [92.717369, 50.692152], [92.735249, 50.705227], [92.746617, 50.721453], [92.753439, 50.754681], [92.76026, 50.770752], [92.796123, 50.788012], [92.857722, 50.795505], [92.921077, 50.792456], [92.961695, 50.777884], [92.973994, 50.742175], [92.973374, 50.694374], [92.991874, 50.65479], [93.011408, 50.623319], [93.04262, 50.609884], [93.104942, 50.598825], [93.421512, 50.609367], [93.536337, 50.584717], [94.237586, 50.565235], [94.25867, 50.557535], [94.273346, 50.544771], [94.278204, 50.529217], [94.279754, 50.492681], [94.319751, 50.429016], [94.327503, 50.404366], [94.332257, 50.301013], [94.344349, 50.249182], [94.354478, 50.223602], [94.368534, 50.202725], [94.391788, 50.185568], [94.474987, 50.162262], [94.491731, 50.152289], [94.509094, 50.109862], [94.520876, 50.09777], [94.563974, 50.071002], [94.592293, 50.029816], [94.603455, 50.019739], [94.624539, 50.015191], [94.650997, 50.017827], [94.746392, 50.040358], [94.921575, 50.045887], [94.953718, 50.040616], [94.98059, 50.024751], [95.028339, 49.963411], [95.076398, 49.945531], [95.354727, 49.947702], [95.399789, 49.938865], [95.480611, 49.892201], [95.500661, 49.886724], [95.520608, 49.889617], [95.537145, 49.900728], [95.56319, 49.9276], [95.583964, 49.936695], [95.680495, 49.945996], [95.721423, 49.958502], [95.75894, 49.993074], [95.787672, 50.011729], [95.827876, 50.020152], [95.867047, 50.014984], [95.892162, 49.992919], [95.904461, 49.964807], [95.922651, 49.944601], [95.946319, 49.938503], [95.974844, 49.952456], [95.985696, 49.964962], [96.011948, 49.985219], [96.04099, 49.997931], [96.055976, 49.99881], [96.085949, 49.992919], [96.235603, 49.9492], [96.281182, 49.926256], [96.32335, 49.897886], [96.346294, 49.888584], [96.372856, 49.886052], [96.399108, 49.891736], [96.44882, 49.913957], [96.474659, 49.921657], [96.503287, 49.922122], [96.523855, 49.915766], [96.539254, 49.901865], [96.56809, 49.861764], [96.585143, 49.857526], [96.625967, 49.873391], [96.680227, 49.90972], [96.701932, 49.91375], [96.969202, 49.886672], [97.005892, 49.865278], [97.042273, 49.823213], [97.057259, 49.812723], [97.10015, 49.802181], [97.119891, 49.793654], [97.128986, 49.775826], [97.152964, 49.750246], [97.205053, 49.734071], [97.262311, 49.726113], [97.301688, 49.725545], [97.343339, 49.734175], [97.390778, 49.749471], [97.474598, 49.788693], [97.542707, 49.822748], [97.57361, 49.847501], [97.581258, 49.877939], [97.563171, 49.908944], [97.566582, 49.916799], [97.642236, 49.930028], [97.7336, 49.958347], [97.756338, 49.961499], [97.777525, 49.956177], [97.810701, 49.931165], [97.829925, 49.92331], [97.847391, 49.93008], [97.874573, 49.953955], [97.906199, 49.973075], [98.047999, 50.023046], [98.105567, 50.06387], [98.262457, 50.283805], [98.269278, 50.299412], [98.272275, 50.318997], [98.261836, 50.367469], [98.266281, 50.400697], [98.298217, 50.460125], [98.300697, 50.49294], [98.293462, 50.518623], [98.275376, 50.537692], [98.251294, 50.550559], [98.22556, 50.557639], [98.163341, 50.564667], [98.135953, 50.570971], [98.060092, 50.608902], [98.038491, 50.622958], [98.023298, 50.642026], [97.944026, 50.774473], [97.947437, 50.79597], [97.990225, 50.835606], [97.984644, 50.846923], [97.953018, 50.86284], [97.938755, 50.874415], [97.919428, 50.897411], [97.871989, 50.9171], [97.835713, 50.940716], [97.808531, 50.970482], [97.80636, 51.001126], [97.870129, 51.086805], [97.885632, 51.120111], [97.900308, 51.168428], [97.92904, 51.21504], [97.931727, 51.230414], [97.92811, 51.251472], [97.916328, 51.285889], [97.915708, 51.300617], [97.922839, 51.318471], [97.974515, 51.368597], [98.020611, 51.435182], [98.039731, 51.4573], [98.050893, 51.46642], [98.111355, 51.484714], [98.137813, 51.485877], [98.220392, 51.475205], [98.2299, 51.492879], [98.233828, 51.516521], [98.224319, 51.560006], [98.228247, 51.583416], [98.273515, 51.654833], [98.33222, 51.718317], [98.425031, 51.746222], [98.618714, 51.780665], [98.651373, 51.797485], [98.682689, 51.819474], [98.711111, 51.845105], [98.776637, 51.930113], [98.791727, 51.9775], [98.800201, 51.992745], [98.838545, 52.025275], [98.846504, 52.039331], [98.849604, 52.090129], [98.855599, 52.106691], [98.886398, 52.128551], [98.927636, 52.129584], [98.962465, 52.112557], [98.974454, 52.080388], [98.994712, 52.058296], [99.025097, 52.045532], [99.19873, 52.006594], [99.232837, 51.994243], [99.295365, 51.943549], [99.32389, 51.934221], [99.556848, 51.891459], [99.679321, 51.888669], [99.709655, 51.880581], [99.783966, 51.837612], [99.848665, 51.789346], [99.917911, 51.749478], [100.005968, 51.731727], [100.098262, 51.738652], [100.210296, 51.726224], [100.510898, 51.726895], [100.571101, 51.704804], [100.638901, 51.69204], [101.069469, 51.553444], [101.117011, 51.527838], [101.158766, 51.521223], [101.200727, 51.520913], [101.241551, 51.515177], [101.279688, 51.492595], [101.315448, 51.463604], [101.350175, 51.450452], [101.387795, 51.450556], [101.482053, 51.47288], [101.526392, 51.475826], [101.569852, 51.470089], [101.643697, 51.450091], [101.696614, 51.452442], [101.723692, 51.450582], [101.742192, 51.444845], [101.795316, 51.419395], [101.821774, 51.413581], [101.901873, 51.417069], [101.920683, 51.413039], [101.955616, 51.393789], [101.97422, 51.387226], [102.051217, 51.383609], [102.074679, 51.374824], [102.091267, 51.364644], [102.183871, 51.323897], [102.193379, 51.307205], [102.179272, 51.286431], [102.135295, 51.240284], [102.133796, 51.230853], [102.147646, 51.202638], [102.150023, 51.185404], [102.142168, 51.134839], [102.146509, 51.097632], [102.165371, 51.057556], [102.191984, 51.020582], [102.229656, 50.979267], [102.231051, 50.964901], [102.225574, 50.950741], [102.215238, 50.938184], [102.239475, 50.912294], [102.231878, 50.88475], [102.212758, 50.856742], [102.203043, 50.829353], [102.216789, 50.798864], [102.245676, 50.778762], [102.307533, 50.748221], [102.329392, 50.718817], [102.320245, 50.696131], [102.296836, 50.674944], [102.275907, 50.650191], [102.271566, 50.620942], [102.282418, 50.590608], [102.302933, 50.563892], [102.327635, 50.545546], [102.372697, 50.533661], [102.471864, 50.524927], [102.513101, 50.503688], [102.586585, 50.41527], [102.617798, 50.399302], [102.762595, 50.374807], [102.887135, 50.314966], [102.927391, 50.302977], [102.974107, 50.295639], [103.130015, 50.309127], [103.20169, 50.296983], [103.240189, 50.244376], [103.253108, 50.214972], [103.276776, 50.197557], [103.306593, 50.190426], [103.407104, 50.197299], [103.43873, 50.192596], [103.473973, 50.182003], [103.533918, 50.153787], [103.601407, 50.13353], [103.66807, 50.131205], [103.785272, 50.186137], [103.845423, 50.18469], [103.973994, 50.148723], [104.03952, 50.141178], [104.121685, 50.148258], [104.198115, 50.170014], [104.247466, 50.206601], [104.268963, 50.228873], [104.321363, 50.254298], [104.377225, 50.28918], [104.405802, 50.300548], [104.474119, 50.313261], [104.576955, 50.309488], [104.610441, 50.314191], [104.632455, 50.323751], [104.671884, 50.348297], [104.697051, 50.353207], [104.789552, 50.352638], [104.81849, 50.358323], [104.879004, 50.383902], [104.901586, 50.389794], [104.934246, 50.393256], [105.050104, 50.383489], [105.10576, 50.390052], [105.13134, 50.398062], [105.240739, 50.458006], [105.278462, 50.472579], [105.32864, 50.476455], [105.639371, 50.421936], [105.779259, 50.428913], [105.854706, 50.410929], [105.904212, 50.403798], [105.958059, 50.403591], [105.984879, 50.399767], [106.038933, 50.371397], [106.043274, 50.364782], [106.044462, 50.346024], [106.048183, 50.338117], [106.055934, 50.33357], [106.135309, 50.32711], [106.160941, 50.319617], [106.222281, 50.292384], [106.244863, 50.290265], [106.439787, 50.327937], [106.548204, 50.335792], [106.656518, 50.327007], [106.746176, 50.307421], [106.788293, 50.291505], [106.936449, 50.209133], [106.973656, 50.196369], [106.982699, 50.187119], [106.997996, 50.149808], [107.033601, 50.118802], [107.048432, 50.084644], [107.057113, 50.074102], [107.070291, 50.066247], [107.114629, 50.050486], [107.164497, 50.01886], [107.192196, 50.006044], [107.224907, 49.997053], [107.254879, 49.998913], [107.280407, 50.007595], [107.30485, 50.010023], [107.364071, 49.976124], [107.729321, 49.971938], [107.750508, 49.965582], [107.78694, 49.948218], [107.80792, 49.943878], [107.850967, 49.946048], [107.898199, 49.935506], [107.946517, 49.933491], [107.95649, 49.923362], [107.952614, 49.897472], [107.930032, 49.851429], [107.932357, 49.830293], [107.950031, 49.782492], [107.955767, 49.745544], [107.954836, 49.732779], [107.949359, 49.720635], [107.926828, 49.68286], [107.927448, 49.670044], [107.939489, 49.663223], [107.962898, 49.661104], [108.002792, 49.663171], [108.015815, 49.65573], [108.007546, 49.633612], [108.005273, 49.617799], [108.015711, 49.602245], [108.032661, 49.589326], [108.106197, 49.554341], [108.126454, 49.547158], [108.209911, 49.540233], [108.23637, 49.532482], [108.250529, 49.522405], [108.277142, 49.48251], [108.334865, 49.436363], [108.473668, 49.35642], [108.538057, 49.32743], [108.60844, 49.323657], [108.751067, 49.341175], [108.858967, 49.340555], [108.930488, 49.348824], [109.032962, 49.327895], [109.058025, 49.329083], [109.160603, 49.346653], [109.286693, 49.33854], [109.411233, 49.303193], [109.450714, 49.305932], [109.462083, 49.300454], [109.474382, 49.269138], [109.51624, 49.255909], [109.728527, 49.266451], [109.784957, 49.251362], [109.81772, 49.227746], [109.913115, 49.21369], [110.181419, 49.161962], [110.225034, 49.165372], [110.268339, 49.177051], [110.30937, 49.195861], [110.371175, 49.24175], [110.382234, 49.240045], [110.43329, 49.202631], [110.451273, 49.194569], [110.508221, 49.184337], [110.603615, 49.145322], [110.644957, 49.136743], [110.688055, 49.134521], [110.731359, 49.137674], [110.841017, 49.162427], [110.965557, 49.207385], [111.13857, 49.291566], [111.273549, 49.32283], [111.291739, 49.330788], [111.320988, 49.355335], [111.338454, 49.36474], [111.362742, 49.367634], [111.429611, 49.346395], [111.479117, 49.343346], [111.503509, 49.347067], [111.616473, 49.386444], [111.661019, 49.396366], [112.030195, 49.411869], [112.432238, 49.529174], [112.473269, 49.534135], [112.58427, 49.526332], [112.671396, 49.495946], [112.701472, 49.491295], [112.733718, 49.492794], [112.777126, 49.501372], [112.868077, 49.531655], [112.926161, 49.566536], [112.947348, 49.576096], [112.992824, 49.587155], [113.043673, 49.588602], [113.06083, 49.595992], [113.071578, 49.617748], [113.077159, 49.669011], [113.087495, 49.687408], [113.156741, 49.777376], [113.182683, 49.801974], [113.212448, 49.822025], [113.415537, 49.92238], [113.458532, 49.957262], [113.510415, 49.981033], [113.579661, 50.019945], [113.75226, 50.078598], [113.773138, 50.081647], [113.836803, 50.076944], [113.849825, 50.080717], [113.973125, 50.160505], [113.993279, 50.16867], [114.055291, 50.183811], [114.118233, 50.224377], [114.200088, 50.25621], [114.286285, 50.276881], [114.333, 50.272333], [114.424984, 50.241844], [114.473043, 50.234041], [114.659699, 50.251404], [114.75375, 50.236211], [114.997352, 50.144331], [115.015232, 50.132858], [115.063395, 50.077513], [115.210156, 49.97168], [115.368699, 49.895405], [115.387819, 49.891064], [115.450141, 49.891426], [115.472982, 49.887085], [115.508536, 49.886775], [115.578195, 49.893648], [115.683409, 49.87768], [115.716275, 49.877784], [115.750898, 49.884967], [116.053619, 49.998448], [116.135371, 50.014416], [116.21764, 50.013848], [116.575447, 49.92176], [116.617202, 49.897317], [116.653375, 49.863831], [116.684278, 49.823265], [116.6786083461018, 49.81503500608009]]}}, {"type": "Feature", "properties": {"a": "RUS", "b": "GEO"}, "geometry": {"type": "LineString", "coordinates": [[46.440696538642904, 41.88849252213694], [46.430892, 41.890442], [46.406552, 41.91504], [46.382057, 41.925246], [46.322629, 41.929018], [46.294156, 41.93863], [46.250489, 41.977723], [46.224341, 41.993484], [46.206151, 41.996094], [46.129876, 41.984493], [46.099181, 41.985061], [46.074996, 41.993484], [46.068278, 42.015318], [46.05846, 42.02033], [46.02673, 42.01679], [45.995156, 42.033456], [45.966372, 42.022061], [45.947562, 42.022914], [45.934126, 42.028495], [45.923481, 42.039631], [45.895162, 42.091876], [45.881364, 42.102031], [45.811601, 42.115492], [45.701789, 42.17275], [45.661585, 42.186703], [45.631405, 42.201172], [45.62138, 42.224478], [45.736412, 42.447539], [45.739616, 42.471466], [45.698688, 42.507587], [45.620657, 42.530377], [45.536838, 42.541358], [45.47927, 42.54234], [45.398551, 42.524382], [45.35597, 42.519964], [45.32269, 42.530118], [45.282693, 42.586394], [45.184198, 42.674838], [45.155362, 42.693261], [45.122961, 42.702278], [45.103892, 42.700547], [45.066995, 42.688455], [45.048082, 42.685897], [45.029788, 42.688765], [45.012115, 42.695302], [44.902974, 42.753076], [44.85936, 42.75951], [44.833676, 42.734085], [44.827424, 42.717962], [44.798485, 42.671738], [44.78231, 42.61665], [44.773473, 42.609648], [44.761071, 42.619234], [44.73637, 42.677551], [44.724484, 42.691039], [44.679422, 42.723672], [44.642422, 42.739279], [44.600977, 42.749123], [44.558293, 42.753102], [44.508115, 42.750286], [44.479228, 42.744291], [44.401403, 42.713518], [44.360682, 42.703751], [44.272005, 42.702382], [44.248648, 42.681995], [44.230147, 42.653806], [44.197384, 42.629105], [44.150824, 42.618666], [44.055068, 42.615307], [44.011504, 42.600321], [43.973212, 42.563992], [43.958433, 42.554406], [43.939726, 42.55221], [43.920812, 42.559109], [43.885362, 42.579211], [43.845003, 42.58704], [43.796169, 42.58983], [43.751107, 42.598745], [43.722581, 42.624867], [43.725682, 42.6544], [43.753794, 42.674657], [43.788727, 42.69308], [43.811775, 42.717265], [43.800613, 42.746462], [43.755964, 42.763127], [43.662843, 42.779845], [43.644343, 42.788578], [43.603002, 42.824803], [43.586259, 42.835629], [43.517426, 42.86046], [43.194345, 42.926761], [43.155588, 42.942393], [43.048256, 43.016962], [42.998853, 43.042206], [42.989758, 43.05267], [42.992548, 43.068819], [43.000197, 43.085356], [43.000093, 43.098662], [42.914827, 43.121943], [42.829768, 43.168761], [42.79132, 43.176177], [42.75153, 43.176952], [42.704917, 43.166436], [42.673602, 43.165893], [42.656238, 43.159796], [42.629366, 43.14127], [42.615207, 43.13698], [42.59588, 43.140029], [42.534902, 43.165067], [42.479712, 43.200904], [42.422867, 43.22899], [42.354551, 43.236018], [42.185363, 43.225476], [42.159834, 43.21974], [42.075292, 43.185272], [42.043356, 43.18057], [42.011316, 43.181861], [41.919332, 43.205943], [41.88998, 43.207028], [41.82032, 43.20124], [41.788901, 43.203566], [41.723789, 43.217234], [41.687408, 43.220205], [41.614131, 43.213022], [41.577544, 43.215296], [41.550569, 43.226277], [41.506128, 43.25979], [41.479773, 43.271236], [41.427579, 43.283199], [41.41311, 43.291286], [41.380657, 43.334772], [41.350271, 43.34335], [41.278751, 43.333196], [41.243921, 43.344203], [41.213122, 43.362781], [41.180773, 43.374692], [41.146666, 43.37986], [41.042487, 43.369834], [41.011791, 43.375416], [40.874952, 43.455643], [40.842706, 43.469389], [40.740179, 43.495279], [40.681062, 43.528068], [40.651916, 43.538971], [40.615536, 43.535845], [40.550837, 43.511247], [40.519624, 43.505175], [40.479834, 43.508741], [40.23313, 43.575765], [40.164297, 43.575843], [40.096705, 43.562639], [40.07283, 43.551064], [40.059187, 43.535199], [39.991285, 43.406318], [39.985976, 43.38899], [39.976108369876854, 43.390534386573314]]}}, {"type": "Feature", "properties": {"a": "RUS", "b": "AZE"}, "geometry": {"type": "LineString", "coordinates": [[48.57238509478428, 41.85281151577337], [48.578949, 41.845282], [48.53066, 41.787373], [48.455419, 41.714406], [48.413251, 41.627615], [48.393046, 41.598883], [48.370153, 41.58015], [48.283698, 41.539533], [48.23135, 41.505478], [48.201843, 41.493489], [48.086553, 41.476643], [48.053532, 41.461295], [48.034566, 41.433648], [48.001648, 41.362076], [47.979169, 41.352412], [47.953228, 41.355771], [47.942686, 41.3474], [47.929456, 41.313552], [47.892146, 41.283269], [47.889252, 41.262444], [47.898864, 41.229061], [47.894627, 41.219294], [47.871114, 41.208183], [47.828739, 41.198417], [47.743731, 41.192681], [47.724559, 41.195729], [47.642549, 41.227252], [47.622498, 41.229061], [47.603171, 41.223273], [47.567773, 41.205496], [47.547309, 41.205651], [47.529171, 41.216555], [47.500955, 41.246321], [47.479148, 41.251953], [47.375588, 41.259447], [47.344479, 41.268232], [47.268411, 41.302803], [47.250842, 41.316032], [47.24092, 41.338925], [47.24278, 41.391273], [47.239059, 41.415716], [47.231463, 41.42755], [47.200509, 41.45685], [47.187073, 41.485634], [47.159323, 41.503514], [47.141391, 41.5524], [47.125578, 41.566301], [47.107491, 41.569919], [47.069147, 41.561289], [47.027031, 41.556948], [47.012613, 41.5755], [47.003932, 41.60542], [46.97923, 41.635496], [46.929517, 41.667225], [46.915978, 41.680945], [46.902232, 41.712752], [46.890553, 41.717093], [46.851899, 41.722338], [46.834795, 41.730245], [46.769114, 41.77572], [46.759399, 41.787295], [46.754024, 41.800886], [46.740795, 41.851245], [46.732424, 41.8514], [46.69749, 41.828223], [46.636512, 41.816518], [46.586593, 41.786779], [46.567576, 41.786675], [46.549851, 41.79776], [46.544321, 41.814761], [46.549127, 41.855379], [46.543546, 41.874293], [46.525511, 41.882303], [46.479312, 41.887005], [46.452337, 41.886178], [46.430892, 41.890442], [46.423863086216976, 41.897545419114]]}}, {"type": "Feature", "properties": {"a": "VNM", "b": "KHM"}, "geometry": {"type": "LineString", "coordinates": [[104.45531218268988, 10.40859205045532], [104.451345, 10.419664], [104.469571, 10.415774], [104.483731, 10.418047], [104.494273, 10.427737], [104.55401, 10.518326], [104.566826, 10.528067], [104.582536, 10.531529], [104.625531, 10.533363], [104.773842, 10.515328], [104.8188, 10.517189], [104.854406, 10.531322], [104.878538, 10.555972], [104.919725, 10.618009], [104.931352, 10.630696], [104.944323, 10.641625], [105.042456, 10.690821], [105.066744, 10.713947], [105.066227, 10.746425], [105.030467, 10.811641], [105.014809, 10.84921], [105.011399, 10.883833], [105.017858, 10.899594], [105.029072, 10.914089], [105.055789, 10.935458], [105.077906, 10.946904], [105.083746, 10.942615], [105.086071, 10.929515], [105.097543, 10.914348], [105.253296, 10.883523], [105.303009, 10.844016], [105.317891, 10.838849], [105.327503, 10.84828], [105.357269, 10.907966], [105.397887, 10.954578], [105.410496, 10.963001], [105.473851, 10.94091], [105.632188, 10.973957], [105.654925, 10.984292], [105.6973, 11.010233], [105.726135, 11.018372], [105.752904, 11.015608], [105.769699, 10.996462], [105.787424, 10.965973], [105.821427, 10.919671], [105.847523, 10.855411], [105.861011, 10.839314], [105.878684, 10.828074], [105.899355, 10.828384], [105.908656, 10.838383], [105.929844, 10.880061], [105.931342, 10.896364], [105.964674, 10.869596], [105.992579, 10.837815], [106.0179, 10.819806], [106.045702, 10.805853], [106.072212, 10.796861], [106.12885, 10.791358], [106.15505, 10.784847], [106.177322, 10.766863], [106.151587, 10.862981], [106.126938, 10.908999], [106.121822, 10.925226], [106.124664, 10.953183], [106.122494, 10.955508], [106.131434, 10.96928], [106.180836, 10.970262], [106.187864, 10.976308], [106.17665, 10.996203], [106.160321, 11.053512], [106.148745, 11.070721], [106.130865, 11.084234], [106.113502, 11.086921], [106.098102, 11.077904], [106.08663, 11.056329], [106.076502, 11.077025], [106.063066, 11.093329], [106.028132, 11.122656], [106.013146, 11.13927], [105.988755, 11.176967], [105.973975, 11.190378], [105.920439, 11.203322], [105.899871, 11.218593], [105.889433, 11.24624], [105.886746, 11.267944], [105.873516, 11.275902], [105.857187, 11.279959], [105.844423, 11.28988], [105.843441, 11.304091], [105.873827, 11.428244], [105.872173, 11.443463], [105.85667, 11.496276], [105.85884, 11.522321], [105.853208, 11.546867], [105.842149, 11.554955], [105.815536, 11.559761], [105.80334, 11.56622], [105.790421, 11.587408], [105.793418, 11.607303], [105.80489, 11.624925], [105.840857, 11.658153], [105.85791, 11.661563], [105.905504, 11.644303], [105.934081, 11.642856], [105.946174, 11.657067], [105.955269, 11.677996], [105.983071, 11.706677], [105.988755, 11.718976], [105.992114, 11.746313], [106.01542, 11.770497], [106.061205, 11.762901], [106.113192, 11.747088], [106.154636, 11.746313], [106.223624, 11.72497], [106.24321, 11.714583], [106.26512, 11.683991], [106.274112, 11.676808], [106.287341, 11.674586], [106.354314, 11.69014], [106.378085, 11.683836], [106.412812, 11.66177], [106.425834, 11.66208], [106.435033, 11.677273], [106.426093, 11.700476], [106.398859, 11.746313], [106.397774, 11.762126], [106.418289, 11.803415], [106.42139, 11.837573], [106.438753, 11.863721], [106.433121, 11.888371], [106.40351, 11.94289], [106.394002, 11.969813], [106.417463, 11.975859], [106.442061, 11.974877], [106.451052, 11.96847], [106.460509, 11.952915], [106.473738, 11.952088], [106.504537, 11.973379], [106.552441, 11.97281], [106.638586, 11.961131], [106.630628, 11.976169], [106.680496, 11.965059], [106.70158, 11.970795], [106.721113, 11.996375], [106.732792, 12.028879], [106.749225, 12.05234], [106.771963, 12.065828], [106.802969, 12.068463], [106.879295, 12.062727], [106.916295, 12.066913], [106.953399, 12.081072], [106.977687, 12.097247], [107.046003, 12.164375], [107.077577, 12.20277], [107.116231, 12.232123], [107.122949, 12.24623], [107.152508, 12.27703], [107.211884, 12.30571], [107.27617, 12.325399], [107.320198, 12.329223], [107.343814, 12.315115], [107.373787, 12.269433], [107.39301, 12.252845], [107.415851, 12.254085], [107.449648, 12.299044], [107.473781, 12.315373], [107.499567, 12.325812], [107.514295, 12.343847], [107.527266, 12.391131], [107.55667, 12.472676], [107.556773, 12.496086], [107.549642, 12.509212], [107.55176, 12.520064], [107.563439, 12.543628], [107.566953, 12.573911], [107.565093, 12.606415], [107.540081, 12.716693], [107.535947, 12.799633], [107.522356, 12.827487], [107.494296, 12.858751], [107.487371, 12.870559], [107.47962, 12.915879], [107.466081, 12.952182], [107.467838, 12.963034], [107.481377, 12.982258], [107.481067, 12.988769], [107.478586, 12.996081], [107.46298, 13.007321], [107.460396, 13.021609], [107.606951, 13.369754], [107.610516, 13.400372], [107.604315, 13.498531], [107.596925, 13.535066], [107.514295, 13.69255], [107.44324, 13.783475], [107.438175, 13.798487], [107.438537, 13.808952], [107.446237, 13.839389], [107.435385, 13.869697], [107.448046, 13.909307], [107.445152, 13.926645], [107.431044, 13.955997], [107.430734, 13.984471], [107.424481, 13.994056], [107.40903, 13.999922], [107.371565, 13.996279], [107.354563, 14.002402], [107.343143, 14.020618], [107.346863, 14.061675], [107.344745, 14.081312], [107.324177, 14.108081], [107.31994, 14.119837], [107.324746, 14.143866], [107.358594, 14.238615], [107.363761, 14.283238], [107.349912, 14.321556], [107.351773, 14.341968], [107.379419, 14.395453], [107.386912, 14.421912], [107.394871, 14.429095], [107.40779, 14.433048], [107.423809, 14.418966], [107.443136, 14.423669], [107.455745, 14.433875], [107.476726, 14.475242], [107.485718, 14.509529], [107.505252, 14.541026], [107.504011, 14.602107], [107.527266, 14.652828], [107.532433, 14.677942], [107.520393, 14.704582], [107.52169865483813, 14.714484619785797]]}}, {"type": "Feature", "properties": {"a": "VNM", "b": "LAO"}, "geometry": {"type": "LineString", "coordinates": [[107.52466125414223, 14.695137955951083], [107.520393, 14.704582], [107.522253, 14.718689], [107.498068, 14.745949], [107.509282, 14.758635], [107.504321, 14.773182], [107.494296, 14.788763], [107.490885, 14.80424], [107.498844, 14.81765], [107.540598, 14.856846], [107.555326, 14.876199], [107.558168, 14.886715], [107.48949, 14.940304], [107.461947, 14.956814], [107.453937, 14.967873], [107.449906, 14.981102], [107.451405, 14.995933], [107.444687, 15.011824], [107.445565, 15.025389], [107.455074, 15.034122], [107.473781, 15.03575], [107.518997, 15.04885], [107.578012, 15.047248], [107.589071, 15.058178], [107.590001, 15.0689], [107.580802, 15.086936], [107.580492, 15.096754], [107.584988, 15.104299], [107.6054, 15.120603], [107.615787, 15.135511], [107.62726, 15.196515], [107.636716, 15.205068], [107.647465, 15.197652], [107.653976, 15.199564], [107.664363, 15.253153], [107.664105, 15.268552], [107.657594, 15.282427], [107.643073, 15.297853], [107.598476, 15.330616], [107.58659, 15.343354], [107.579872, 15.361234], [107.577702, 15.39963], [107.573154, 15.411231], [107.555584, 15.415753], [107.512641, 15.409422], [107.493934, 15.420042], [107.489645, 15.437922], [107.487475, 15.481408], [107.473781, 15.488255], [107.46081, 15.484379], [107.447891, 15.508124], [107.442981, 15.509209], [107.432129, 15.503887], [107.405051, 15.508589], [107.381641, 15.488539], [107.369342, 15.496058], [107.316426, 15.58874], [107.303558, 15.599747], [107.265421, 15.61866], [107.24873, 15.631088], [107.239118, 15.645119], [107.225682, 15.71682], [107.215295, 15.727517], [107.16026, 15.758729], [107.148787, 15.773457], [107.150183, 15.794283], [107.175246, 15.848543], [107.186253, 15.859395], [107.198604, 15.862082], [107.218086, 15.854796], [107.235656, 15.855519], [107.305057, 15.899134], [107.322937, 15.905852], [107.361074, 15.912312], [107.375544, 15.919081], [107.390633, 15.935824], [107.418022, 15.983573], [107.444738, 16.00998], [107.44355, 16.01892], [107.432129, 16.038299], [107.435643, 16.068839], [107.431044, 16.073697], [107.41151, 16.073077], [107.355907, 16.059279], [107.326864, 16.056075], [107.298959, 16.064189], [107.275912, 16.084032], [107.238808, 16.129818], [107.212815, 16.146664], [107.169665, 16.156896], [107.142018, 16.176998], [107.127497, 16.200976], [107.116851, 16.254616], [107.108273, 16.267484], [107.089101, 16.281075], [107.053393, 16.295234], [107.014325, 16.29942], [106.9673, 16.299885], [106.956551, 16.307068], [106.946009, 16.346135], [106.897743, 16.378536], [106.888442, 16.390887], [106.876298, 16.418017], [106.859865, 16.411816], [106.855885, 16.414658], [106.855885, 16.420343], [106.862603, 16.430574], [106.866841, 16.463854], [106.86405, 16.504058], [106.846687, 16.530052], [106.822864, 16.530982], [106.801418, 16.4961], [106.797336, 16.47946], [106.759147, 16.452485], [106.7546, 16.444269], [106.752533, 16.429024], [106.742404, 16.421531], [106.725713, 16.417139], [106.72256, 16.421634], [106.722664, 16.432486], [106.692898, 16.427887], [106.670677, 16.444424], [106.655174, 16.47083], [106.64117, 16.510363], [106.639671, 16.521783], [106.644322, 16.57532], [106.640188, 16.586637], [106.591405, 16.60245], [106.57244, 16.613561], [106.549754, 16.637797], [106.540659, 16.659139], [106.535078, 16.683531], [106.533425, 16.97266], [106.524536, 16.989248], [106.496838, 16.963927], [106.437203, 16.980463], [106.411365, 16.995708], [106.387129, 17.047178], [106.394932, 17.068003], [106.384648, 17.085367], [106.336537, 17.128568], [106.306358, 17.176524], [106.300829, 17.191562], [106.301656, 17.202], [106.309769, 17.217917], [106.310544, 17.227115], [106.287961, 17.25378], [106.284551, 17.284786], [106.272614, 17.28985], [106.259953, 17.28923], [106.247912, 17.266234], [106.221816, 17.244892], [106.207295, 17.246287], [106.185435, 17.257397], [106.019296, 17.394495], [105.911137, 17.516813], [105.846025, 17.597997], [105.819876, 17.621561], [105.787424, 17.642077], [105.735282, 17.664039], [105.723086, 17.673496], [105.713836, 17.689464], [105.701227, 17.727601], [105.669808, 17.773076], [105.64397, 17.820102], [105.605212, 17.85426], [105.594154, 17.888108], [105.606039, 17.964124], [105.589813, 17.99575], [105.566145, 18.008256], [105.559324, 18.015336], [105.551882, 18.047943], [105.546508, 18.058951], [105.512505, 18.082825], [105.496072, 18.118146], [105.476021, 18.127318], [105.480879, 18.144811], [105.472817, 18.171993], [105.46672, 18.180959], [105.451423, 18.192715], [105.431373, 18.200544], [105.410031, 18.201888], [105.391995, 18.194214], [105.386104, 18.184938], [105.377474, 18.155689], [105.368328, 18.149953], [105.365537, 18.151038], [105.355925, 18.158738], [105.321871, 18.170081], [105.305592, 18.181062], [105.29505, 18.195609], [105.294379, 18.206952], [105.300838, 18.23093], [105.299288, 18.24204], [105.292518, 18.252737], [105.246475, 18.246381], [105.235933, 18.249456], [105.214745, 18.277852], [105.166169, 18.306791], [105.156661, 18.319839], [105.155989, 18.340639], [105.162242, 18.353894], [105.162862, 18.366012], [105.090774, 18.426525], [105.079973, 18.454353], [105.085244, 18.495771], [105.100489, 18.551169], [105.113615, 18.580831], [105.128136, 18.598918], [105.162087, 18.598194], [105.169477, 18.61486], [105.169477, 18.630569], [105.162862, 18.638993], [105.141106, 18.653074], [105.112684, 18.698343], [105.100282, 18.702064], [105.064574, 18.696638], [105.040337, 18.705009], [104.99016, 18.733018], [104.97383, 18.736067], [104.95688, 18.731674], [104.937243, 18.731158], [104.919725, 18.735576], [104.909234, 18.745679], [104.899364, 18.770612], [104.872906, 18.777976], [104.81539, 18.773661], [104.801644, 18.775134], [104.762887, 18.786451], [104.71028, 18.796089], [104.685579, 18.824769], [104.646201, 18.832547], [104.589667, 18.879107], [104.556078, 18.89647], [104.544295, 18.906806], [104.509879, 18.956363], [104.497683, 18.967991], [104.48094, 18.977706], [104.46213, 18.982408], [104.431072, 18.979334], [104.413244, 18.983106], [104.400738, 18.992279], [104.372006, 19.033568], [104.35516, 19.047882], [104.302863, 19.068656], [104.25992, 19.104055], [104.239559, 19.108886], [104.210621, 19.100747], [104.201836, 19.109171], [104.198115, 19.146946], [104.14773, 19.182887], [104.036729, 19.230249], [104.016162, 19.234874], [103.995182, 19.23384], [103.972754, 19.225288], [103.910949, 19.263011], [103.892655, 19.293888], [103.858549, 19.295335], [103.84842, 19.299908], [103.85674, 19.317194], [103.870021, 19.326883], [103.905885, 19.341792], [103.921284, 19.352773], [103.941025, 19.38135], [103.952807, 19.390962], [103.973994, 19.395665], [104.0204, 19.414992], [104.035127, 19.416671], [104.03828, 19.412925], [104.046548, 19.427497], [104.054041, 19.46057], [104.060501, 19.471293], [104.089956, 19.48367], [104.094142, 19.495529], [104.082515, 19.509301], [104.077967, 19.542891], [104.071559, 19.559143], [104.028926, 19.586041], [104.017351, 19.600407], [103.997662, 19.652522], [103.995182, 19.664899], [104.000969, 19.680738], [104.010271, 19.684562], [104.021743, 19.681435], [104.069699, 19.658026], [104.088716, 19.651902], [104.109231, 19.654874], [104.11719, 19.660997], [104.124476, 19.675906], [104.13631, 19.687456], [104.158169, 19.68774], [104.228966, 19.706008], [104.242143, 19.695181], [104.277025, 19.68389], [104.295267, 19.654874], [104.341879, 19.683012], [104.360017, 19.687456], [104.380068, 19.685285], [104.391746, 19.676836], [104.415414, 19.650817], [104.505848, 19.60281], [104.522798, 19.599373], [104.546156, 19.601931], [104.579229, 19.618028], [104.604963, 19.606479], [104.614265, 19.607435], [104.62305, 19.61808], [104.65478, 19.697972], [104.675967, 19.724689], [104.691676, 19.735463], [104.736738, 19.745669], [104.760716, 19.766521], [104.785211, 19.776933], [104.805003, 19.790886], [104.81508, 19.822409], [104.81663, 19.848092], [104.80924, 19.853673], [104.790275, 19.859667], [104.760716, 19.86145], [104.755549, 19.867006], [104.761801, 19.885506], [104.780663, 19.908088], [104.835337, 19.938887], [104.85792, 19.955217], [104.873836, 19.982657], [104.892905, 19.9855], [104.922463, 19.982244], [104.935693, 19.984156], [104.94949, 19.995499], [104.953211, 20.009271], [104.943961, 20.067097], [104.961169, 20.072109], [104.964425, 20.076088], [104.95688, 20.091798], [104.918381, 20.115724], [104.904893, 20.134638], [104.903446, 20.157091], [104.908976, 20.167814], [104.907994, 20.175333], [104.819162, 20.220989], [104.778803, 20.219025], [104.733586, 20.204763], [104.69085, 20.196546], [104.657053, 20.212695], [104.653023, 20.225795], [104.651989, 20.246104], [104.657363, 20.279616], [104.665838, 20.285714], [104.681858, 20.287471], [104.688628, 20.301036], [104.687697, 20.321706], [104.680928, 20.340982], [104.666407, 20.351782], [104.628425, 20.365812], [104.612301, 20.376742], [104.589357, 20.406818], [104.575508, 20.414052], [104.432364, 20.411055], [104.39154, 20.420667], [104.35981, 20.439735], [104.366425, 20.458494], [104.423786, 20.495443], [104.444973, 20.534613], [104.469675, 20.516165], [104.495823, 20.511927], [104.520731, 20.519265], [104.542642, 20.535699], [104.607237, 20.619053], [104.615195, 20.646493], [104.600726, 20.660549], [104.543882, 20.678739], [104.492309, 20.702097], [104.475669, 20.71822], [104.466161, 20.749639], [104.452621, 20.763592], [104.409316, 20.765194], [104.389059, 20.770981], [104.38167, 20.778371], [104.367975, 20.803124], [104.336349, 20.81904], [104.323224, 20.833872], [104.307204, 20.864619], [104.295267, 20.879812], [104.278937, 20.891542], [104.260023, 20.898932], [104.221059, 20.892008], [104.207107, 20.917639], [104.193877, 20.929886], [104.165404, 20.939757], [104.122616, 20.943167], [104.092282, 20.961202], [104.056676, 20.958825], [104.010581, 20.908079], [103.952187, 20.900276], [103.858601, 20.86958], [103.82682, 20.847669], [103.796434, 20.84953], [103.785324, 20.845964], [103.775557, 20.834905], [103.756746, 20.795993], [103.753026, 20.77987], [103.758607, 20.749742], [103.754576, 20.742921], [103.734371, 20.730932], [103.70724, 20.721837], [103.702383, 20.708711], [103.703623, 20.699254], [103.713752, 20.679824], [103.714268, 20.671711], [103.697629, 20.661531], [103.676338, 20.656518], [103.661145, 20.660756], [103.597376, 20.722354], [103.577946, 20.732896], [103.505961, 20.74597], [103.489373, 20.752481], [103.470872, 20.770878], [103.452579, 20.804313], [103.440435, 20.815733], [103.426586, 20.820694], [103.411238, 20.805605], [103.390877, 20.794753], [103.363799, 20.787621], [103.347676, 20.789068], [103.319822, 20.797853], [103.263392, 20.826378], [103.247113, 20.830719], [103.206909, 20.82457], [103.175232, 20.84121], [103.146965, 20.846016], [103.130015, 20.854904], [103.08671, 20.901981], [103.06821, 20.931282], [103.014518, 21.040526], [102.99917, 21.057372], [102.974107, 21.067656], [102.959482, 21.065795], [102.951576, 21.068999], [102.946822, 21.075872], [102.935298, 21.102382], [102.925634, 21.141656], [102.914421, 21.1584], [102.904189, 21.164187], [102.889099, 21.166409], [102.883001, 21.176435], [102.883001, 21.186098], [102.892975, 21.215089], [102.887859, 21.226923], [102.865121, 21.246198], [102.850187, 21.251676], [102.809156, 21.25059], [102.801301, 21.254828], [102.812773, 21.273896], [102.829155, 21.285885], [102.863003, 21.293792], [102.875198, 21.305316], [102.878816, 21.322162], [102.879642, 21.367896], [102.883828, 21.38836], [102.916798, 21.438641], [102.918038, 21.450113], [102.904189, 21.452697], [102.84967, 21.425412], [102.89499, 21.495278], [102.916591, 21.513572], [102.954108, 21.55729], [102.974107, 21.575325], [102.974934, 21.583903], [102.964133, 21.608605], [102.960826, 21.632841], [102.959896, 21.713043], [102.947804, 21.737124], [102.942636, 21.738984], [102.864501, 21.705653], [102.84719, 21.704464], [102.835149, 21.716453], [102.831893, 21.73578], [102.834942, 21.775623], [102.826467, 21.821305], [102.806727, 21.836084], [102.789157, 21.820323], [102.786676, 21.739914], [102.774688, 21.707875], [102.752157, 21.6809], [102.721151, 21.661676], [102.650664, 21.657801], [102.636815, 21.683639], [102.631906, 21.706273], [102.629787, 21.729114], [102.634593, 21.787767], [102.625136, 21.828643], [102.59103, 21.901352], [102.56023, 21.925433], [102.515892, 21.939179], [102.478065, 21.957576], [102.466386, 21.995351], [102.482871, 22.021396], [102.422151, 22.06222], [102.405408, 22.098291], [102.38944, 22.117101], [102.358072, 22.134722], [102.286449, 22.200041], [102.226246, 22.228412], [102.20697, 22.245413], [102.200562, 22.265464], [102.168885, 22.289648], [102.154364, 22.304686], [102.152813, 22.310836], [102.156121, 22.328096], [102.141393, 22.342152], [102.131368, 22.373726], [102.118655, 22.397549], [102.12471621266755, 22.40548692605932]]}}, {"type": "Feature", "properties": {"a": "KHM", "b": "LAO"}, "geometry": {"type": "LineString", "coordinates": [[105.17429939622724, 14.340524089976109], [105.184308, 14.34574], [105.184256, 14.314166], [105.187977, 14.291015], [105.197434, 14.270293], [105.256913, 14.182443], [105.27531, 14.164821], [105.303939, 14.152393], [105.337787, 14.109993], [105.36409, 14.10405], [105.392461, 14.10374], [105.422175, 14.107874], [105.45008, 14.11715], [105.473851, 14.132523], [105.490491, 14.136916], [105.533175, 14.16433], [105.548937, 14.153117], [105.561391, 14.138156], [105.576532, 14.144022], [105.594567, 14.136348], [105.609863, 14.120741], [105.617253, 14.10299], [105.632911, 14.114023], [105.643143, 14.113455], [105.669343, 14.100407], [105.716007, 14.101543], [105.744015, 14.086945], [105.758898, 14.062476], [105.770164, 14.0347], [105.787113, 14.010154], [105.873051, 13.936851], [105.899665, 13.922614], [105.924573, 13.91711], [105.949171, 13.919591], [105.973975, 13.92928], [105.997437, 13.928298], [106.049216, 13.915457], [106.069163, 13.916542], [106.08384, 13.934008], [106.081979, 13.980957], [106.108489, 14.01036], [106.142079, 14.03501], [106.149469, 14.053562], [106.144559, 14.072398], [106.10172, 14.11516], [106.076191, 14.174511], [106.060585, 14.191848], [106.026272, 14.213035], [106.012474, 14.225774], [106.004051, 14.245927], [106.007979, 14.270758], [106.004516, 14.289982], [105.993406, 14.30595], [105.973975, 14.321298], [105.96917, 14.33202], [105.969428, 14.354861], [105.973975, 14.365843], [105.994129, 14.362406], [106.038158, 14.347652], [106.055418, 14.348428], [106.063531, 14.372922], [106.095002, 14.373646], [106.15412, 14.367548], [106.17324, 14.369667], [106.189156, 14.378891], [106.203936, 14.399897], [106.220782, 14.473485], [106.230084, 14.49046], [106.296746, 14.447879], [106.306462, 14.445476], [106.320156, 14.444494], [106.393795, 14.456173], [106.41922, 14.466457], [106.429503, 14.485964], [106.44082, 14.492631], [106.445161, 14.499478], [106.433586, 14.505705], [106.43648, 14.523817], [106.445781, 14.529088], [106.484849, 14.523817], [106.484849, 14.530019], [106.47317, 14.537486], [106.47224, 14.564073], [106.49105, 14.570998], [106.512496, 14.590351], [106.530996, 14.56596], [106.54376, 14.512113], [106.585669, 14.495964], [106.605358, 14.466637], [106.6344, 14.450902], [106.707161, 14.429301], [106.723904, 14.411602], [106.766692, 14.348324], [106.806896, 14.312926], [106.820849, 14.307577], [106.835835, 14.307061], [106.885083, 14.335534], [106.895676, 14.33631], [106.923478, 14.321918], [106.933607, 14.320161], [106.946113, 14.32352], [106.961099, 14.360391], [106.977945, 14.365429], [106.997376, 14.395143], [107.026573, 14.430231], [107.027245, 14.43527], [107.042954, 14.430722], [107.059336, 14.418036], [107.067862, 14.406124], [107.078559, 14.400776], [107.10078, 14.407623], [107.131424, 14.427544], [107.158709, 14.451522], [107.172455, 14.484259], [107.180568, 14.496171], [107.211213, 14.493458], [107.219739, 14.497979], [107.230281, 14.518262], [107.233899, 14.544927], [107.254517, 14.560973], [107.272191, 14.585364], [107.28728, 14.598516], [107.305677, 14.597224], [107.351566, 14.561619], [107.380143, 14.554048], [107.403449, 14.543894], [107.414921, 14.543429], [107.42784, 14.553712], [107.430941, 14.561386], [107.430321, 14.586243], [107.443808, 14.609549], [107.451766, 14.632183], [107.458226, 14.638798], [107.473781, 14.646265], [107.506905, 14.693445], [107.520393, 14.704582], [107.52466125414223, 14.695137955951083]]}}, {"type": "Feature", "properties": {"a": "KHM", "b": "THA"}, "geometry": {"type": "LineString", "coordinates": [[102.91991341257904, 11.638159590275322], [102.913585, 11.645901], [102.928787, 11.668695], [102.925118, 11.725797], [102.9138, 11.765536], [102.843004, 11.866047], [102.797115, 11.952967], [102.787142, 12.002628], [102.77107, 12.037354], [102.751226, 12.06097], [102.699963, 12.138743], [102.692212, 12.178483], [102.715053, 12.342194], [102.720066, 12.36121], [102.730659, 12.380072], [102.756497, 12.402242], [102.765127, 12.416349], [102.762078, 12.43609], [102.750606, 12.449009], [102.718412, 12.465907], [102.704821, 12.480325], [102.696759, 12.513087], [102.664823, 12.534223], [102.588549, 12.609826], [102.558628, 12.63122], [102.501784, 12.649772], [102.486385, 12.661192], [102.479253, 12.677108], [102.477961, 12.719638], [102.482716, 12.735219], [102.495273, 12.746096], [102.506642, 12.787515], [102.504316, 12.799737], [102.489744, 12.823094], [102.483336, 12.843791], [102.479202, 12.882109], [102.474086, 12.90526], [102.464836, 12.927532], [102.466283, 12.937919], [102.478892, 12.953629], [102.467213, 12.969468], [102.468815, 12.973395], [102.486643, 12.98479], [102.490157, 12.996081], [102.473156, 13.006132], [102.463182, 13.019284], [102.447266, 13.050807], [102.401894, 13.103], [102.38205, 13.136615], [102.328203, 13.27516], [102.327066, 13.34544], [102.333629, 13.406263], [102.330115, 13.496361], [102.325516, 13.51344], [102.314767, 13.530338], [102.313424, 13.541009], [102.332234, 13.5646], [102.371301, 13.568914], [102.452227, 13.562171], [102.513205, 13.567157], [102.532532, 13.573824], [102.579557, 13.600489], [102.597747, 13.60545], [102.562504, 13.628032], [102.541058, 13.6486], [102.54235, 13.669709], [102.57439, 13.693894], [102.674952, 13.741901], [102.69862, 13.761797], [102.702651, 13.771202], [102.706475, 13.801949], [102.729109, 13.832154], [102.754379, 13.904114], [102.772827, 13.936076], [102.797425, 13.960002], [102.854993, 14.004004], [102.869772, 14.020618], [102.876232, 14.071313], [102.911268, 14.13211], [102.914007, 14.169343], [102.918606, 14.185492], [102.934058, 14.200969], [102.987801, 14.219004], [103.004854, 14.228771], [103.085005, 14.295821], [103.118026, 14.313236], [103.138231, 14.319747], [103.198589, 14.328506], [103.273675, 14.351063], [103.362869, 14.353466], [103.380232, 14.361063], [103.408086, 14.380803], [103.422503, 14.384834], [103.439246, 14.372871], [103.449685, 14.371579], [103.49485, 14.399949], [103.533401, 14.419069], [103.550247, 14.42186], [103.568127, 14.415943], [103.581615, 14.407416], [103.596136, 14.404342], [103.616807, 14.414548], [103.622905, 14.42248], [103.627452, 14.437802], [103.637064, 14.44328], [103.647192, 14.443977], [103.657166, 14.441161], [103.67148, 14.42956], [103.673857, 14.419328], [103.671687, 14.395608], [103.674891, 14.386487], [103.716542, 14.381526], [103.775247, 14.366979], [103.794212, 14.364835], [103.824029, 14.368039], [103.838447, 14.363388], [103.870331, 14.34326], [103.885162, 14.340418], [103.902784, 14.342433], [103.910536, 14.356257], [103.919837, 14.364577], [103.973994, 14.36729], [104.001383, 14.345069], [104.035954, 14.352588], [104.07373, 14.370752], [104.110213, 14.380441], [104.128352, 14.366359], [104.140909, 14.365998], [104.148454, 14.369615], [104.173259, 14.396022], [104.177031, 14.404212], [104.185661, 14.40398], [104.18256, 14.400362], [104.18349, 14.391422], [104.189175, 14.382302], [104.201267, 14.377987], [104.219147, 14.38287], [104.247466, 14.401086], [104.271237, 14.399071], [104.325394, 14.377625], [104.439185, 14.361424], [104.452621, 14.356928], [104.461975, 14.357109], [104.481974, 14.371217], [104.492619, 14.374007], [104.542848, 14.360391], [104.562795, 14.368478], [104.594628, 14.41], [104.610441, 14.418966], [104.626564, 14.419276], [104.651369, 14.408915], [104.66837, 14.409638], [104.684648, 14.430567], [104.692865, 14.433978], [104.70103, 14.430076], [104.706198, 14.412248], [104.712864, 14.406848], [104.727953, 14.409948], [104.757926, 14.433048], [104.771672, 14.439869], [104.78826, 14.438215], [104.83141, 14.411757], [104.86655, 14.413772], [104.898175, 14.39628], [104.97383, 14.380648], [104.978739, 14.368504], [104.974295, 14.309644], [104.975949, 14.301118], [105.00773, 14.243835], [105.025351, 14.224378], [105.047314, 14.214069], [105.101419, 14.230528], [105.132218, 14.280706], [105.155007, 14.33047], [105.184308, 14.34574], [105.1842894125362, 14.334453834957621]]}}, {"type": "Feature", "properties": {"a": "ARE", "b": "SAU"}, "geometry": {"type": "LineString", "coordinates": [[55.187577024345146, 22.71353894432211], [55.186843, 22.703577], [55.120387, 22.623426], [55.105297, 22.620946], [52.583074, 22.931108], [52.558476, 22.938575], [52.538477, 22.95475], [51.593522, 24.078325], [51.578536, 24.101837], [51.573162, 24.127831], [51.575539, 24.217722], [51.569347, 24.256171], [51.575371135153446, 24.264149779259796]]}}, {"type": "Feature", "properties": {"a": "GEO", "b": "AZE"}, "geometry": {"type": "LineString", "coordinates": [[46.423863086216976, 41.897545419114], [46.430892, 41.890442], [46.392754, 41.831685], [46.371309, 41.805692], [46.328314, 41.766418], [46.313741, 41.756651], [46.297773, 41.750812], [46.276947, 41.749313], [46.230129, 41.757323], [46.208321, 41.755514], [46.188994, 41.740141], [46.179537, 41.705879], [46.180002, 41.655159], [46.192767, 41.610174], [46.21969, 41.593302], [46.228475, 41.598728], [46.24005, 41.615497], [46.2539, 41.615911], [46.278394, 41.578393], [46.287851, 41.532143], [46.29674, 41.510387], [46.313948, 41.493747], [46.366244, 41.466566], [46.398284, 41.458711], [46.445103, 41.425948], [46.542461, 41.394994], [46.591554, 41.372928], [46.607367, 41.345023], [46.62287, 41.349622], [46.631034, 41.345539], [46.688499, 41.284355], [46.694803, 41.269782], [46.683434, 41.269472], [46.674649, 41.261669], [46.669482, 41.229888], [46.64447, 41.207977], [46.634755, 41.181053], [46.621113, 41.114597], [46.601786, 41.09403], [46.582148, 41.091653], [46.543546, 41.097027], [46.522411, 41.087002], [46.511145, 41.070983], [46.505564, 41.055273], [46.496779, 41.044834], [46.47492, 41.044111], [46.456988, 41.052431], [46.429031, 41.080956], [46.41265, 41.09186], [46.353119, 41.106536], [46.332345, 41.115889], [46.273433, 41.1563], [46.228578, 41.195419], [46.210595, 41.200174], [46.135406, 41.199915], [46.113133, 41.19604], [46.061353, 41.170925], [46.041613, 41.165447], [46.017428, 41.163793], [45.969163, 41.168289], [45.820748, 41.208804], [45.751088, 41.240998], [45.709747, 41.267715], [45.685872, 41.29624], [45.708093, 41.317117], [45.7453, 41.329158], [45.74406, 41.335359], [45.720702, 41.342387], [45.65559, 41.352361], [45.511826, 41.39458], [45.464801, 41.430185], [45.450021, 41.432201], [45.416948, 41.424604], [45.396794, 41.423261], [45.38124, 41.425586], [45.314422, 41.451631], [45.281711, 41.452923], [45.24962, 41.4445], [44.9934002648391, 41.286102345705984]]}}, {"type": "Feature", "properties": {"a": "GEO", "b": "TUR"}, "geometry": {"type": "LineString", "coordinates": [[43.45050605452062, 41.104675166908045], [43.440428, 41.106588], [43.451797, 41.132581], [43.437586, 41.156197], [43.410559, 41.175162], [43.383274, 41.187203], [43.351751, 41.193611], [43.322606, 41.19206], [43.230622, 41.17263], [43.216204, 41.180537], [43.192226, 41.224978], [43.172021, 41.242342], [43.130318, 41.24229], [43.103136, 41.248801], [43.157241, 41.26973], [43.171866, 41.279342], [43.185353, 41.293811], [43.18401, 41.298979], [43.154761, 41.301873], [43.12391, 41.312932], [43.075644, 41.344868], [43.002057, 41.382695], [42.987588, 41.394684], [42.957719, 41.437007], [42.926093, 41.459073], [42.888989, 41.469976], [42.87514, 41.493696], [42.868008, 41.500207], [42.854572, 41.493799], [42.829974, 41.472508], [42.811164, 41.477159], [42.792147, 41.492869], [42.766516, 41.504341], [42.774887, 41.514263], [42.802689, 41.534107], [42.806823, 41.542995], [42.812198, 41.562994], [42.819949, 41.572347], [42.800932, 41.57922], [42.660992, 41.588264], [42.610556, 41.58506], [42.585235, 41.578755], [42.565184, 41.567128], [42.554952, 41.550333], [42.545547, 41.509612], [42.535522, 41.493489], [42.513818, 41.476229], [42.483846, 41.442174], [42.463072, 41.431839], [42.437854, 41.430857], [42.262464, 41.482327], [42.18929, 41.481707], [42.158387, 41.499897], [42.143195, 41.500259], [42.111775, 41.493489], [42.083457, 41.500104], [42.069401, 41.498605], [42.019585, 41.485066], [41.947961, 41.505581], [41.907757, 41.493489], [41.894011, 41.485531], [41.862695, 41.451786], [41.812982, 41.421814], [41.800787, 41.42569], [41.760996, 41.453543], [41.706839, 41.463155], [41.702601, 41.46946], [41.702601, 41.489045], [41.669839, 41.480467], [41.627257, 41.480518], [41.520763, 41.514228], [41.52705336611238, 41.52272586587461]]}}, {"type": "Feature", "properties": {"a": "GEO", "b": "ARM"}, "geometry": {"type": "LineString", "coordinates": [[45.010887142571136, 41.29574052303453], [44.955168, 41.262702], [44.917237, 41.261772], [44.820706, 41.273347], [44.801275, 41.258516], [44.809543, 41.244409], [44.847061, 41.230766], [44.857706, 41.219346], [44.847784, 41.208907], [44.821532, 41.20622], [44.674926, 41.208494], [44.63312, 41.221051], [44.612863, 41.223118], [44.591366, 41.21578], [44.566251, 41.186944], [44.551523, 41.177023], [44.531008, 41.181467], [44.516641, 41.20684], [44.505893, 41.206582], [44.479228, 41.185808], [44.45494, 41.180485], [44.432461, 41.181673], [44.410601, 41.18772], [44.357271, 41.212163], [44.344921, 41.213248], [44.333087, 41.210354], [44.308489, 41.193817], [44.284976, 41.190872], [44.266476, 41.196195], [44.218107, 41.221568], [44.190977, 41.230043], [44.180331, 41.229939], [44.168446, 41.223583], [44.160074, 41.1979], [44.144364, 41.186066], [44.124727, 41.178056], [44.103643, 41.175162], [44.061269, 41.184154], [44.041322, 41.182552], [44.001117, 41.168858], [43.955849, 41.160486], [43.863245, 41.158988], [43.820353, 41.1455], [43.773741, 41.114494], [43.754156, 41.108241], [43.729713, 41.106691], [43.566622, 41.124054], [43.524144, 41.122814], [43.470142, 41.106174], [43.450453, 41.104676], [43.440428, 41.106588], [43.44453786549507, 41.11598440547221]]}}, {"type": "Feature", "properties": {"a": "AZE", "b": "TUR"}, "geometry": {"type": "LineString", "coordinates": [[44.81533512345118, 39.63440858683046], [44.795746, 39.652361], [44.784325, 39.69024], [44.774559, 39.702797], [44.78458536805253, 39.706194019729324]]}}, {"type": "Feature", "properties": {"a": "AZE", "b": "ARM"}, "geometry": {"type": "MultiLineString", "coordinates": [[[44.781058072660436, 39.6944405740941], [44.774559, 39.702797], [44.802929, 39.712409], [44.849334, 39.71892], [44.893053, 39.718404], [44.927159, 39.724708], [44.959095, 39.738506], [44.995992, 39.760468], [45.033509, 39.77039], [45.067512, 39.757213], [45.141255, 39.684401], [45.151538, 39.667709], [45.155879, 39.649209], [45.154225, 39.625851], [45.144407, 39.589833], [45.148334, 39.57526], [45.16792, 39.565545], [45.204765, 39.572314], [45.233187, 39.592727], [45.259955, 39.599703], [45.291064, 39.565855], [45.312975, 39.533815], [45.327548, 39.529268], [45.374884, 39.525857], [45.39235, 39.518778], [45.42408, 39.493714], [45.446094, 39.487513], [45.47927, 39.497177], [45.559679, 39.536813], [45.586447, 39.545391], [45.714656, 39.569472], [45.737859, 39.569782], [45.765454, 39.561566], [45.788088, 39.548957], [45.79708, 39.536348], [45.794031, 39.49387], [45.803075, 39.448188], [45.79863, 39.432426], [45.764989, 39.389483], [45.758633, 39.369484], [45.767004, 39.354395], [45.823745, 39.343078], [45.887204, 39.299669], [45.958827, 39.272436], [45.985802, 39.24944], [45.988076, 39.241895], [45.986009, 39.234686], [45.955107, 39.203241], [45.949009, 39.177791], [45.958104, 39.151513], [46.005233, 39.095444], [46.02549, 39.063767], [46.07758, 38.950492], [46.135871, 38.863701], [46.124284824379316, 38.863016238622585]], [[46.52402257634901, 38.88263324613608], [46.514039, 38.882176], [46.479312, 38.939381], [46.475075, 38.95106], [46.475798, 38.975607], [46.494609, 39.025526], [46.497502, 39.053535], [46.491921, 39.081905], [46.479312, 39.114771], [46.455128, 39.129938], [46.421848, 39.14464], [46.396268, 39.164432], [46.395286, 39.19518], [46.418334, 39.211923], [46.453371, 39.208409], [46.514142, 39.184431], [46.526441, 39.185826], [46.572795, 39.21151], [46.593827, 39.21213], [46.602612, 39.215489], [46.59114, 39.231069], [46.541841, 39.259052], [46.517656, 39.278844], [46.507941, 39.293572], [46.49528, 39.324009], [46.479312, 39.334241], [46.407379, 39.359149], [46.374616, 39.378838], [46.36087, 39.410257], [46.373996, 39.435992], [46.405725, 39.451185], [46.479312, 39.461882], [46.491405, 39.466429], [46.498226, 39.473767], [46.498588, 39.483121], [46.491715, 39.493663], [46.492025, 39.510199], [46.518276, 39.525444], [46.527268, 39.538156], [46.524271, 39.554641], [46.512024, 39.56756], [46.495435, 39.575932], [46.479312, 39.578671], [46.416164, 39.57402], [46.396423, 39.576655], [46.381437, 39.585027], [46.357873, 39.609676], [46.343713, 39.618616], [46.309504, 39.620528], [46.241187, 39.593502], [46.206461, 39.587921], [46.18424, 39.593243], [46.169564, 39.604095], [46.146103, 39.63846], [46.131685, 39.652154], [46.114477, 39.659648], [46.076546, 39.668122], [46.045127, 39.687553], [46.006576, 39.747911], [45.97924, 39.768478], [45.916143, 39.783154], [45.861882, 39.804548], [45.816821, 39.839171], [45.764421, 39.92206], [45.742768, 39.940509], [45.715431, 39.950896], [45.611148, 39.959164], [45.579419, 39.970171], [45.576267, 39.993891], [45.63957, 40.025413], [45.803901, 40.004484], [45.873768, 40.009755], [45.887204, 40.018437], [45.894025, 40.029082], [45.909528, 40.082671], [45.931697, 40.097554], [45.950766, 40.117191], [45.962961, 40.141685], [45.9811, 40.205971], [45.97924, 40.223592], [45.953556, 40.249586], [45.93919, 40.260283], [45.924618, 40.266174], [45.881726, 40.260438], [45.861676, 40.261265], [45.818371, 40.2978], [45.585413, 40.398724], [45.526192, 40.441047], [45.48542, 40.505281], [45.455447, 40.523626], [45.444647, 40.566362], [45.427232, 40.58295], [45.387803, 40.609512], [45.37354, 40.632715], [45.373643, 40.675296], [45.39881, 40.708937], [45.437929, 40.73338], [45.555855, 40.776582], [45.58221, 40.799371], [45.600968, 40.840557], [45.599159, 40.862675], [45.581796, 40.869651], [45.558232, 40.870943], [45.537871, 40.875904], [45.47927, 40.929906], [45.452812, 40.946391], [45.428731, 40.951197], [45.416432, 40.961325], [45.425217, 40.993675], [45.419119, 41.017342], [45.391523, 41.015069], [45.335351, 40.99383], [45.312562, 40.99662], [45.26874, 41.010263], [45.221611, 41.014449], [45.189675, 41.037548], [45.169211, 41.04716], [45.136552, 41.072895], [45.120016, 41.079613], [45.117122, 41.061422], [45.111024, 41.049537], [45.091697, 41.051035], [45.070044, 41.062094], [45.057177, 41.078786], [45.067822, 41.110928], [45.166731, 41.107776], [45.201044, 41.126741], [45.199752, 41.142658], [45.186781, 41.156869], [45.134433, 41.187875], [45.117328, 41.19206], [45.052009, 41.192112], [45.034853, 41.197693], [45.029323, 41.210096], [45.0394, 41.23118], [45.0024, 41.290452], [45.010887142571136, 41.29574052303453]], [[44.979456, 41.082041], [45.018885, 41.07491], [45.029995, 41.046281], [45.015732, 41.023234], [44.979456, 41.032639], [44.96695, 41.044834], [44.960697, 41.059924], [44.963953, 41.073773], [44.979456, 41.082041]], [[45.209932, 40.967991], [45.186781, 40.970834], [45.17717, 40.99383], [45.183784, 40.997912], [45.191846, 40.997809], [45.220474, 40.97905], [45.209932, 40.967991]], [[45.513687, 40.601967], [45.547173, 40.621553], [45.560712, 40.647649], [45.534667, 40.658915], [45.520198, 40.660413], [45.491776, 40.657106], [45.47927, 40.650233], [45.471312, 40.629873], [45.473276, 40.619434], [45.47927, 40.609822], [45.513687, 40.601967]]]}}, {"type": "Feature", "properties": {"a": "AZE", "b": "IRN"}, "geometry": {"type": "MultiLineString", "coordinates": [[[46.12956336854995, 38.873092598037104], [46.135871, 38.863701], [46.126052, 38.862668], [46.067968, 38.874114], [46.001822, 38.897472], [45.791086, 38.932095], [45.716878, 38.954781], [45.627788, 38.955504], [45.570841, 38.966382], [45.530843, 38.969276], [45.510276, 38.978655], [45.482577, 38.984392], [45.438601, 39.004235], [45.427077, 39.014881], [45.425268, 39.025629], [45.434518, 39.052785], [45.429712, 39.059477], [45.396381, 39.073327], [45.379328, 39.111154], [45.351939, 39.12831], [45.345273, 39.138439], [45.353903, 39.153193], [45.348219, 39.163916], [45.311115, 39.176292], [45.313905, 39.19425], [45.311115, 39.200528], [45.30171, 39.201381], [45.283106, 39.193061], [45.178927, 39.219829], [45.152727, 39.213525], [45.146267, 39.228666], [45.135828, 39.278482], [45.087976, 39.350726], [45.068649, 39.364213], [45.051699, 39.386848], [45.015629, 39.405968], [45.006379, 39.417957], [44.982505, 39.420179], [44.957028, 39.434493], [44.953307, 39.441625], [44.961627, 39.453769], [44.940698, 39.468083], [44.928399, 39.488237], [44.898427, 39.584355], [44.886438, 39.605956], [44.865354, 39.617583], [44.872279, 39.625076], [44.827837, 39.628797], [44.809647, 39.636962], [44.795746, 39.652361], [44.79382972198407, 39.65871654635894]], [[48.87393368624544, 38.44425727589935], [48.874278, 38.434068], [48.809713, 38.444631], [48.777725, 38.444812], [48.755349, 38.435226], [48.735609, 38.419568], [48.683209, 38.398019], [48.659128, 38.392645], [48.607865, 38.395978], [48.575929, 38.420369], [48.548643, 38.456258], [48.479087, 38.524756], [48.462654, 38.544935], [48.433715, 38.569972], [48.426739, 38.596457], [48.415267, 38.618109], [48.391754, 38.618109], [48.341059, 38.599583], [48.310312, 38.600151], [48.292225, 38.613562], [48.276515, 38.631777], [48.228043, 38.662189], [48.226182, 38.679087], [48.230317, 38.698621], [48.222979, 38.721462], [48.21037, 38.729756], [48.077974, 38.780941], [48.012966, 38.821559], [47.993122, 38.850085], [47.990745, 38.891219], [48.000046, 38.902588], [48.052446, 38.927909], [48.058544, 38.948373], [48.243184, 38.973875], [48.28437, 38.993797], [48.301423, 39.017464], [48.306281, 39.031469], [48.306798, 39.045396], [48.271296, 39.108312], [48.256258, 39.119784], [48.199104, 39.138232], [48.142157, 39.181201], [48.117765, 39.208047], [48.104329, 39.234841], [48.10619, 39.26918], [48.124587, 39.297602], [48.153525, 39.319048], [48.187218, 39.332587], [48.24985, 39.342354], [48.302457, 39.369898], [48.33894, 39.378941], [48.31672, 39.415166], [48.288608, 39.445035], [48.220085, 39.494025], [48.052033, 39.650087], [47.990745, 39.694271], [47.971418, 39.704554], [47.957258, 39.707345], [47.935244, 39.686519], [47.922945, 39.684142], [47.846877, 39.685279], [47.823106, 39.680318], [47.803779, 39.669931], [47.745282, 39.623784], [47.606995, 39.563581], [47.554079, 39.521982], [47.54116, 39.51516], [47.518732, 39.513197], [47.448762, 39.494696], [47.406904, 39.476816], [47.374245, 39.455577], [47.324532, 39.405968], [47.291356, 39.379613], [47.249705, 39.361268], [47.150072, 39.33114], [47.10222, 39.308403], [47.092505, 39.299825], [47.089094, 39.289851], [47.052921, 39.244944], [47.036074, 39.207014], [47.020468, 39.18996], [46.953754, 39.16066], [46.94161, 39.158903], [46.898718, 39.171744], [46.883009, 39.171409], [46.866162, 39.165362], [46.837378, 39.143245], [46.806011, 39.102395], [46.773765, 39.085367], [46.761621, 39.070588], [46.744826, 39.040254], [46.728393, 39.027955], [46.670412, 39.004907], [46.65217, 38.992944], [46.638838, 38.979482], [46.610674, 38.934007], [46.585352, 38.907704], [46.553726, 38.889824], [46.532074, 38.883002], [46.514039, 38.882176], [46.506885100316154, 38.89396045680348]]]}}, {"type": "Feature", "properties": {"a": "TUR", "b": "ARM"}, "geometry": {"type": "LineString", "coordinates": [[43.44453786549507, 41.11598440547221], [43.436294, 41.08323], [43.444562, 41.051449], [43.460479, 41.022872], [43.479599, 41.009126], [43.522387, 41.004475], [43.565433, 40.988145], [43.604863, 40.963341], [43.636178, 40.933523], [43.647651, 40.913886], [43.659536, 40.851978], [43.669768, 40.832134], [43.711316, 40.781646], [43.720618, 40.762888], [43.729351, 40.677105], [43.726405, 40.668992], [43.699534, 40.634575], [43.707182, 40.611941], [43.664807, 40.574062], [43.651475, 40.553391], [43.652508, 40.529414], [43.631476, 40.536855], [43.638969, 40.522592], [43.615301, 40.520422], [43.5937, 40.509001], [43.559491, 40.477892], [43.563625, 40.464715], [43.584864, 40.446576], [43.625326, 40.42017], [43.625326, 40.413348], [43.609565, 40.372989], [43.601038, 40.361827], [43.594217, 40.345445], [43.604449, 40.329787], [43.631476, 40.310305], [43.675969, 40.265967], [43.691369, 40.23863], [43.673075, 40.227727], [43.683721, 40.210105], [43.714933, 40.180649], [43.721393, 40.169384], [43.711626, 40.156465], [43.666357, 40.14892], [43.652508, 40.138998], [43.665427, 40.110163], [43.711213, 40.090732], [43.802783, 40.070734], [43.912131, 40.024328], [44.032433, 40.008618], [44.04835, 40.012856], [44.083128, 40.031614], [44.10447, 40.035955], [44.114289, 40.03394], [44.127001, 40.024483], [44.135476, 40.022313], [44.255262, 40.043397], [44.289058, 40.043397], [44.325645, 40.034663], [44.464345, 39.97229], [44.522171, 39.933533], [44.547854, 39.911467], [44.55912, 39.896894], [44.567491, 39.87302], [44.591056, 39.857827], [44.594466, 39.836794], [44.598187, 39.831007], [44.611519, 39.837311], [44.647693, 39.805117], [44.666193, 39.796383], [44.682419, 39.79721], [44.692031, 39.793024], [44.759107, 39.723106], [44.781058072660436, 39.6944405740941]]}}, {"type": "Feature", "properties": {"a": "TUR", "b": "IRQ"}, "geometry": {"type": "LineString", "coordinates": [[44.769945272807746, 37.153795688204376], [44.766135, 37.14192], [44.753836, 37.159154], [44.733786, 37.167242], [44.628934, 37.179024], [44.610279, 37.178352], [44.57824, 37.166415], [44.539379, 37.143677], [44.503412, 37.116624], [44.479228, 37.092001], [44.454423, 37.076343], [44.428068, 37.064767], [44.343112, 37.042443], [44.335154, 37.031152], [44.33164, 37.015468], [44.306628, 36.977227], [44.297223, 36.969941], [44.284821, 36.969166], [44.243273, 36.97777], [44.234281, 36.983661], [44.187463, 37.066938], [44.180021, 37.087608], [44.180641, 37.108925], [44.18922, 37.129208], [44.205963, 37.146623], [44.240121, 37.157966], [44.248337, 37.16967], [44.248544, 37.191917], [44.235005, 37.236772], [44.223171, 37.254058], [44.206893, 37.26752], [44.184465, 37.279173], [44.088037, 37.31116], [44.035586, 37.31824], [43.990369, 37.312504], [43.953782, 37.287467], [43.924171, 37.253076], [43.89363, 37.224912], [43.83999, 37.217109], [43.822007, 37.202381], [43.809398, 37.199694], [43.770641, 37.225843], [43.746921, 37.230648], [43.720824, 37.232612], [43.618298, 37.226979], [43.594217, 37.22946], [43.568896, 37.237702], [43.542437, 37.252301], [43.529518, 37.253903], [43.479599, 37.243361], [43.463269, 37.248684], [43.41676, 37.279173], [43.376039, 37.295528], [43.336145, 37.32023], [43.324156, 37.322219], [43.305656, 37.319971], [43.287518, 37.309145], [43.270309, 37.30868], [43.131971, 37.367255], [43.114815, 37.371131], [43.083706, 37.368831], [43.043501, 37.360253], [43.005158, 37.347256], [42.979629, 37.331831], [42.937048, 37.320152], [42.89674, 37.324906], [42.814058, 37.346817], [42.80548, 37.351856], [42.801139, 37.36909], [42.792457, 37.374335], [42.780468, 37.375498], [42.77158, 37.374903], [42.715666, 37.355292], [42.709465, 37.347179], [42.702334, 37.325346], [42.576967, 37.17923], [42.561257, 37.146623], [42.545237, 37.140887], [42.459144, 37.129311], [42.401887, 37.114144], [42.357238, 37.109984], [42.35698196260052, 37.12000345524684]]}}, {"type": "Feature", "properties": {"a": "TUR", "b": "IRN"}, "geometry": {"type": "LineString", "coordinates": [[44.79382972198407, 39.65871654635894], [44.795746, 39.652361], [44.806993, 39.639902], [44.706294, 39.698043], [44.646504, 39.719541], [44.605835, 39.763155], [44.590435, 39.771527], [44.565734, 39.765894], [44.459487, 39.698457], [44.455043, 39.687139], [44.460211, 39.65448], [44.457627, 39.638719], [44.41856, 39.57433], [44.414012, 39.560894], [44.412048, 39.544461], [44.417423, 39.517486], [44.416803, 39.505548], [44.406674, 39.493663], [44.401713, 39.471339], [44.404814, 39.43439], [44.387967, 39.414495], [44.368744, 39.403591], [44.316964, 39.385297], [44.29495, 39.381215], [44.269525, 39.382869], [44.200433, 39.409482], [44.176507, 39.411549], [44.122247, 39.400439], [44.061372, 39.400284], [44.026025, 39.386176], [44.014863, 39.374084], [44.020961, 39.361991], [44.047213, 39.33791], [44.057651, 39.306801], [44.069434, 39.287009], [44.06716, 39.264013], [44.082663, 39.235668], [44.08349, 39.226832], [44.076565, 39.208693], [44.077702, 39.200063], [44.10354, 39.184638], [44.148085, 39.166448], [44.186636, 39.145131], [44.194801, 39.120533], [44.174957, 39.090225], [44.169893, 39.07436], [44.179143, 39.034931], [44.169531, 39.023046], [44.153356, 39.012555], [44.139197, 38.993952], [44.147775, 38.980051], [44.151961, 38.964625], [44.174647, 38.945763], [44.174854, 38.928374], [44.178161, 38.9207], [44.192113, 38.890754], [44.205756, 38.875664], [44.221982, 38.863443], [44.275002, 38.843573], [44.279808, 38.814221], [44.252678, 38.741822], [44.248648, 38.721824], [44.260481, 38.679242], [44.244307, 38.658959], [44.282547, 38.645394], [44.289885, 38.638883], [44.297017, 38.622321], [44.292159, 38.56204], [44.301357, 38.51119], [44.300169, 38.494034], [44.287508, 38.453726], [44.290505, 38.416597], [44.286578, 38.390991], [44.289524, 38.382258], [44.313398, 38.371819], [44.363369, 38.36461], [44.396339, 38.379674], [44.409051, 38.381793], [44.424657, 38.377038], [44.438817, 38.367556], [44.451116, 38.354042], [44.458764, 38.338333], [44.459177, 38.322416], [44.43675, 38.29694], [44.400576, 38.274667], [44.372413, 38.249501], [44.376702, 38.201545], [44.373239, 38.182115], [44.360579, 38.147853], [44.353137, 38.139999], [44.327092, 38.128397], [44.325697, 38.11969], [44.33381, 38.10088], [44.328281, 38.094627], [44.29588, 38.07902], [44.286578, 38.066308], [44.269525, 38.030005], [44.245392, 38.008379], [44.227564, 37.98099], [44.221466, 37.96882], [44.219657, 37.956082], [44.225496, 37.929314], [44.206376, 37.908333], [44.202087, 37.897171], [44.219605, 37.875312], [44.254435, 37.870842], [44.319238, 37.876862], [44.367142, 37.860222], [44.377942, 37.854125], [44.393238, 37.821078], [44.4044, 37.809735], [44.4121, 37.807719], [44.425484, 37.810768], [44.433029, 37.806117], [44.429102, 37.779142], [44.43644, 37.767799], [44.450496, 37.766636], [44.479228, 37.776868], [44.506461, 37.779349], [44.534418, 37.769194], [44.559378, 37.752012], [44.59612, 37.716381], [44.598394, 37.707028], [44.588162, 37.693979], [44.553538, 37.67181], [44.54527, 37.663025], [44.540878, 37.632717], [44.56098, 37.614656], [44.583511, 37.601091], [44.587438, 37.584012], [44.571832, 37.539208], [44.56992, 37.514404], [44.579273, 37.476964], [44.565941, 37.447173], [44.572142, 37.430791], [44.585578, 37.424668], [44.622785, 37.421903], [44.638184, 37.412601], [44.65224, 37.384024], [44.661646, 37.375653], [44.698026, 37.380045], [44.707121, 37.37095], [44.721384, 37.343277], [44.778951, 37.313796], [44.801585, 37.292686], [44.798485, 37.260311], [44.786754, 37.248115], [44.760503, 37.233232], [44.753526, 37.215326], [44.75673, 37.195198], [44.772336, 37.161247], [44.766135, 37.14192], [44.75889010330174, 37.15207192696136]]}}, {"type": "Feature", "properties": {"a": "LAO", "b": "THA"}, "geometry": {"type": "LineString", "coordinates": [[105.1842894125362, 14.334453834957621], [105.184308, 14.34574], [105.198209, 14.345224], [105.250454, 14.357187], [105.268592, 14.36437], [105.287712, 14.393283], [105.29474, 14.399071], [105.304662, 14.398192], [105.322232, 14.386384], [105.3351, 14.385712], [105.367656, 14.414548], [105.40569, 14.423048], [105.415973, 14.428164], [105.433853, 14.467929], [105.463671, 14.495964], [105.495452, 14.537124], [105.507544, 14.564048], [105.510128, 14.593581], [105.495762, 14.659881], [105.497364, 14.690422], [105.505115, 14.736363], [105.490697, 14.763803], [105.489147, 14.786334], [105.49385, 14.808994], [105.50155, 14.827339], [105.524391, 14.837235], [105.516949, 14.856536], [105.517776, 14.877672], [105.543046, 14.880101], [105.550642, 14.902296], [105.534157, 14.934025], [105.543924, 14.953094], [105.58356, 14.977588], [105.593068, 14.990792], [105.566145, 14.995933], [105.553536, 15.005338], [105.524287, 15.045956], [105.520877, 15.066136], [105.498294, 15.066136], [105.473851, 15.09063], [105.45194, 15.094765], [105.44362, 15.111353], [105.443775, 15.133806], [105.454421, 15.175535], [105.463102, 15.189436], [105.503927, 15.231061], [105.531574, 15.252894], [105.563975, 15.272531], [105.564801, 15.299455], [105.561494, 15.320901], [105.558032, 15.325138], [105.519378, 15.321056], [105.499017, 15.324673], [105.483308, 15.334517], [105.477468, 15.352811], [105.486253, 15.374902], [105.5062, 15.387589], [105.552813, 15.402033], [105.588366, 15.423788], [105.604282, 15.439214], [105.61038, 15.457171], [105.612034, 15.499468], [105.616271, 15.521276], [105.640869, 15.583313], [105.650998, 15.634602], [105.640921, 15.68199], [105.612912, 15.72147], [105.568522, 15.749376], [105.525424, 15.763483], [105.50341, 15.766171], [105.462379, 15.762812], [105.447961, 15.764879], [105.435662, 15.771648], [105.423001, 15.783896], [105.412046, 15.79976], [105.372565, 15.882132], [105.360628, 15.919391], [105.362488, 15.95479], [105.386518, 15.980783], [105.418144, 15.994735], [105.423932, 16.002125], [105.422071, 16.009877], [105.404915, 16.018817], [105.288539, 16.047394], [105.237225, 16.050804], [105.079301, 16.105426], [105.058114, 16.121188], [105.042456, 16.141445], [105.032586, 16.165268], [105.028865, 16.191468], [105.029744, 16.236013], [105.026385, 16.257665], [105.015481, 16.276734], [104.979307, 16.298645], [104.944064, 16.330839], [104.908046, 16.35337], [104.897039, 16.372749], [104.879469, 16.421841], [104.855491, 16.454087], [104.838851, 16.46773], [104.78273, 16.497082], [104.76516, 16.511345], [104.754515, 16.528915], [104.749502, 16.549327], [104.748417, 16.571909], [104.753016, 16.614801], [104.77901, 16.704873], [104.756789, 16.798459], [104.758442, 16.82192], [104.767072, 16.85613], [104.766401, 16.86817], [104.749657, 16.910804], [104.740356, 17.002581], [104.745317, 17.024802], [104.809912, 17.171666], [104.818335, 17.240241], [104.816423, 17.300082], [104.819317, 17.36106], [104.816423, 17.372791], [104.788932, 17.428963], [104.756789, 17.449944], [104.714517, 17.515263], [104.702632, 17.527303], [104.65509, 17.556087], [104.636383, 17.562443], [104.481198, 17.640423], [104.452001, 17.665951], [104.422287, 17.699799], [104.408903, 17.733699], [104.3903, 17.75716], [104.367769, 17.800568], [104.352627, 17.819327], [104.287567, 17.856741], [104.270307, 17.874001], [104.255114, 17.91498], [104.210879, 18.008618], [104.198115, 18.025568], [104.13569, 18.079673], [104.122357, 18.095279], [104.110937, 18.114554], [104.068407, 18.215401], [104.018643, 18.299117], [104.000039, 18.318444], [103.975441, 18.330665], [103.951257, 18.332991], [103.929294, 18.32759], [103.910019, 18.315317], [103.881287, 18.284415], [103.857774, 18.286482], [103.832091, 18.320666], [103.801395, 18.338262], [103.767185, 18.346685], [103.709101, 18.349708], [103.695562, 18.353222], [103.638614, 18.377949], [103.607143, 18.400403], [103.5488, 18.415415], [103.497744, 18.423734], [103.469942, 18.421977], [103.396768, 18.441408], [103.306851, 18.425672], [103.282564, 18.41557], [103.260756, 18.400196], [103.244065, 18.380068], [103.233988, 18.35578], [103.233678, 18.349269], [103.240189, 18.335988], [103.290418, 18.305137], [103.296516, 18.296895], [103.295379, 18.287774], [103.286336, 18.280332], [103.27352, 18.276069], [103.185205, 18.25775], [103.168204, 18.249766], [103.1573, 18.237027], [103.150892, 18.221499], [103.138593, 18.166722], [103.126656, 18.151865], [103.110068, 18.141814], [103.089087, 18.134786], [103.092756, 18.141194], [103.07994, 18.134786], [103.07131, 18.125561], [103.066349, 18.112255], [103.064799, 18.094039], [103.073067, 18.035515], [103.06821, 18.025774], [103.058288, 18.019263], [103.037927, 17.990686], [103.020461, 17.984226], [103.003821, 17.988567], [102.972918, 18.007739], [102.954935, 18.012132], [102.938605, 18.008928], [102.852719, 17.972031], [102.838043, 17.963763], [102.831893, 17.953117], [102.774067, 17.922731], [102.737377, 17.890434], [102.722184, 17.881804], [102.686734, 17.873535], [102.672988, 17.865371], [102.667614, 17.850074], [102.67335, 17.831781], [102.68291, 17.817363], [102.68291, 17.810077], [102.660793, 17.812867], [102.609426, 17.837], [102.595267, 17.840824], [102.61232, 17.91529], [102.599608, 17.955184], [102.567517, 17.970842], [102.482044, 17.971152], [102.445509, 17.977767], [102.412229, 17.9942], [102.385151, 18.016059], [102.366392, 18.038797], [102.336523, 18.03704], [102.306706, 18.051457], [102.25658, 18.094039], [102.233119, 18.124166], [102.191571, 18.152071], [102.182114, 18.169228], [102.171934, 18.200286], [102.153537, 18.210104], [102.078503, 18.213799], [101.904301, 18.037117], [101.883786, 18.030839], [101.845184, 18.052129], [101.806064, 18.062387], [101.796659, 18.073575], [101.790407, 18.073575], [101.773922, 18.058563], [101.765757, 18.040321], [101.75692, 17.997817], [101.732581, 17.932033], [101.729067, 17.912189], [101.636204, 17.894826], [101.619874, 17.884646], [101.611141, 17.865526], [101.600392, 17.854364], [101.577551, 17.868109], [101.577551, 17.852917], [101.570523, 17.828887], [101.564012, 17.820309], [101.53404, 17.80956], [101.556261, 17.792145], [101.53652, 17.779123], [101.502724, 17.765377], [101.482983, 17.745791], [101.468307, 17.720367], [101.453476, 17.751011], [101.43203, 17.733596], [101.401851, 17.733751], [101.388002, 17.729307], [101.381904, 17.720728], [101.404022, 17.715561], [101.401593, 17.706672], [101.383765, 17.684916], [101.357306, 17.679025], [101.247029, 17.592157], [101.228632, 17.568489], [101.202174, 17.523169], [101.176956, 17.5164], [101.166724, 17.510612], [101.164243, 17.495781], [101.14719, 17.472475], [101.132307, 17.461674], [101.09603, 17.475265], [101.066161, 17.492215], [101.049315, 17.495729], [101.019032, 17.526632], [100.981515, 17.547612], [100.901934, 17.561927], [100.886017, 17.57376], [100.885656, 17.595878], [100.899453, 17.616962], [100.932939, 17.654531], [100.953817, 17.699799], [100.96069, 17.725586], [100.956401, 17.75592], [100.958571, 17.764136], [100.974281, 17.775505], [100.975521, 17.779794], [100.965186, 17.797623], [100.967046, 17.803824], [100.974281, 17.80925], [100.994796, 17.817725], [101.000274, 17.830489], [100.997122, 17.864595], [101.000842, 17.884801], [101.008284, 17.89524], [101.039806, 17.912034], [101.066161, 17.933997], [101.112308, 18.011305], [101.157525, 18.04045], [101.165173, 18.053421], [101.162073, 18.067451], [101.144968, 18.104736], [101.141609, 18.123959], [101.160523, 18.179512], [101.162796, 18.195299], [101.159282, 18.204058], [101.139645, 18.218708], [101.12838, 18.245735], [101.130137, 18.291159], [101.155407, 18.322888], [101.145536, 18.336246], [101.082284, 18.364203], [101.05102, 18.39247], [101.037016, 18.410454], [101.030298, 18.427791], [101.035621, 18.447841], [101.064714, 18.476419], [101.073809, 18.505771], [101.077892, 18.510422], [101.142074, 18.544296], [101.155355, 18.556724], [101.159127, 18.567705], [101.158145, 18.589978], [101.160884, 18.599796], [101.167757, 18.606359], [101.194112, 18.616798], [101.221914, 18.642042], [101.23473, 18.658449], [101.240104, 18.673642], [101.234782, 18.68948], [101.211269, 18.711908], [101.205843, 18.730072], [101.209202, 18.746325], [101.228632, 18.795624], [101.223309, 18.855491], [101.224911, 18.874766], [101.232921, 18.892724], [101.267286, 18.934453], [101.283926, 18.981478], [101.326404, 19.020546], [101.317877, 19.05013], [101.291161, 19.078992], [101.235712, 19.12811], [101.229149, 19.143587], [101.226772, 19.167152], [101.229872, 19.225804], [101.209512, 19.309417], [101.211269, 19.326367], [101.207755, 19.334687], [101.201967, 19.338666], [101.185017, 19.341999], [101.178454, 19.346624], [101.172356, 19.376389], [101.177782, 19.417214], [101.192872, 19.452793], [101.2153, 19.466358], [101.238244, 19.472301], [101.251731, 19.494444], [101.256951, 19.522789], [101.254884, 19.547154], [101.246202, 19.570279], [101.238244, 19.578186], [101.207961, 19.589555], [101.197316, 19.586868], [101.176852, 19.574749], [101.124659, 19.565112], [101.095824, 19.567282], [101.068228, 19.577127], [101.024303, 19.602861], [101.002548, 19.610613], [100.974281, 19.613481], [100.879816, 19.613584], [100.865037, 19.607151], [100.849017, 19.582527], [100.808451, 19.536535], [100.762614, 19.495478], [100.753002, 19.48243], [100.745509, 19.485013], [100.729231, 19.50465], [100.714762, 19.512454], [100.633268, 19.542167], [100.607016, 19.540927], [100.585984, 19.525967], [100.566657, 19.495633], [100.549294, 19.494548], [100.520613, 19.502609], [100.474259, 19.524985], [100.46196, 19.537103], [100.455553, 19.584671], [100.418862, 19.634358], [100.41292, 19.651566], [100.407235, 19.699936], [100.383826, 19.732001], [100.379175, 19.745669], [100.383516, 19.763859], [100.420516, 19.810446], [100.43142, 19.838273], [100.438448, 19.847213], [100.474259, 19.865352], [100.483975, 19.8807], [100.492656, 19.931653], [100.543351, 20.06658], [100.550586, 20.106526], [100.546503, 20.167917], [100.541956, 20.166729], [100.536685, 20.153474], [100.529243, 20.149727], [100.496377, 20.164868], [100.485628, 20.178769], [100.46103, 20.190707], [100.447336, 20.218044], [100.421601, 20.250186], [100.364395, 20.368965], [100.344345, 20.389971], [100.306518, 20.399686], [100.270241, 20.391831], [100.240372, 20.372814], [100.220683, 20.348992], [100.209159, 20.312999], [100.179497, 20.302483], [100.167095, 20.292613], [100.167715, 20.253623], [100.152522, 20.239153], [100.134642, 20.239102], [100.116607, 20.248016], [100.102964, 20.263596], [100.09728, 20.283233], [100.09809925970315, 20.330197151860474]]}}, {"type": "Feature", "properties": {"a": "LAO", "b": "MMR"}, "geometry": {"type": "LineString", "coordinates": [[100.09871358375983, 20.307829455456577], [100.097073, 20.348371], [100.099812, 20.362221], [100.120948, 20.388782], [100.127407, 20.42785], [100.136657, 20.459217], [100.149266, 20.548101], [100.160067, 20.582672], [100.172934, 20.609079], [100.172934, 20.622102], [100.180169, 20.638173], [100.202338, 20.667939], [100.21133, 20.697394], [100.221613, 20.70959], [100.248744, 20.731966], [100.27453, 20.76199], [100.290188, 20.775012], [100.329669, 20.786019], [100.351115, 20.81532], [100.364809, 20.828187], [100.383671, 20.831701], [100.470849, 20.818265], [100.513379, 20.807], [100.536685, 20.807672], [100.569034, 20.8178], [100.598903, 20.833458], [100.65213, 20.876608], [100.65213, 20.882757], [100.623088, 20.888545], [100.534204, 20.873921], [100.515704, 20.886478], [100.517823, 20.906322], [100.529243, 20.968437], [100.557252, 20.992001], [100.543454, 21.0274], [100.561851, 21.0351], [100.606758, 21.043936], [100.625516, 21.054117], [100.637557, 21.069671], [100.689388, 21.15933], [100.721066, 21.280666], [100.721996, 21.303662], [100.725407, 21.311672], [100.738378, 21.314772], [100.756671, 21.312447], [100.791966, 21.297357], [100.8146, 21.3002], [100.851342, 21.314772], [100.896043, 21.355752], [101.003426, 21.405981], [101.143159, 21.513417], [101.157112, 21.519669], [101.161143, 21.534707], [101.159024, 21.552691], [101.16917293388474, 21.552014098907513]]}}, {"type": "Feature", "properties": {"a": "ARM", "b": "IRN"}, "geometry": {"type": "LineString", "coordinates": [[46.506885100316154, 38.89396045680348], [46.514039, 38.882176], [46.378233, 38.924705], [46.343352, 38.917471], [46.291314, 38.913931], [46.202482, 38.870548], [46.135871, 38.863701], [46.12956336854995, 38.873092598037104]]}}, {"type": "Feature", "properties": {"a": "DJI", "b": "ERI"}, "geometry": {"type": "LineString", "coordinates": [[42.37342782987429, 12.457946383939698], [42.430929, 12.520322], [42.448499, 12.523371], [42.475681, 12.516343], [42.521569, 12.496241], [42.678252, 12.360022], [42.691482, 12.378832], [42.727758, 12.388806], [42.749876, 12.417073], [42.779745, 12.422602], [42.792251, 12.429165], [42.798038, 12.456088], [42.788737, 12.487456], [42.785223, 12.517222], [42.828838, 12.557633], [42.852092, 12.611738], [42.868835, 12.626155], [42.877723, 12.62507], [42.890126, 12.615407], [42.900358, 12.616389], [43.117686, 12.707913], [43.126096356270004, 12.702382916883654]]}}, {"type": "Feature", "properties": {"a": "IRQ", "b": "IRN"}, "geometry": {"type": "LineString", "coordinates": [[44.75889010330174, 37.15207192696136], [44.766135, 37.14192], [44.752544, 37.113136], [44.752699, 37.103318], [44.766549, 37.078952], [44.788356, 37.070245], [44.801895, 37.043528], [44.811197, 37.041926], [44.840601, 37.047197], [44.858946, 37.034123], [44.880754, 37.024925], [44.887368, 37.015933], [44.885715, 37.005081], [44.874759, 36.994022], [44.869178, 36.967357], [44.884061, 36.933354], [44.888815, 36.910926], [44.883441, 36.886845], [44.869643, 36.868965], [44.834141, 36.834032], [44.823393, 36.809331], [44.831248, 36.791916], [44.851195, 36.781219], [44.87724, 36.776464], [44.922715, 36.775896], [44.954754, 36.752331], [44.979456, 36.749024], [44.996199, 36.741686], [45.010978, 36.725563], [45.035266, 36.689596], [45.045911, 36.668047], [45.04431, 36.64934], [45.024879, 36.613167], [45.014182, 36.579009], [45.013252, 36.557925], [44.993408, 36.549656], [44.991393, 36.53374], [45.005914, 36.518702], [45.03816, 36.494001], [45.03909, 36.479842], [45.062086, 36.455347], [45.072266, 36.423411], [45.083739, 36.412817], [45.110817, 36.402534], [45.139963, 36.404394], [45.19598, 36.422429], [45.221301, 36.42093], [45.238871, 36.402999], [45.24962, 36.377936], [45.254478, 36.354785], [45.25701, 36.311687], [45.263934, 36.294272], [45.282693, 36.274893], [45.258508, 36.262232], [45.264193, 36.250192], [45.297369, 36.22673], [45.30202, 36.207558], [45.299539, 36.161411], [45.304604, 36.140379], [45.33561, 36.10772], [45.348322, 36.087514], [45.344188, 36.067464], [45.31959, 36.031032], [45.313699, 36.010413], [45.320313, 35.994031], [45.33809, 35.979304], [45.359587, 35.976875], [45.381808, 35.982973], [45.402169, 35.994238], [45.453122, 36.011653], [45.47927, 36.012015], [45.53999, 35.99398], [45.576939, 35.96623], [45.589858, 35.959615], [45.617039, 35.955429], [45.646857, 35.933208], [45.69321, 35.879878], [45.718739, 35.828305], [45.731038, 35.815128], [45.749021, 35.810994], [45.786745, 35.820244], [45.797907, 35.818383], [45.814185, 35.80934], [45.834752, 35.810528], [45.854079, 35.818332], [45.878315, 35.83523], [45.909115, 35.831302], [45.941257, 35.840346], [46.004923, 35.837969], [46.060423, 35.857244], [46.07696, 35.856986], [46.115045, 35.846444], [46.119851, 35.842878], [46.129101, 35.815541], [46.143364, 35.804534], [46.163518, 35.797506], [46.184963, 35.798178], [46.227441, 35.805723], [46.246407, 35.811407], [46.281392, 35.828305], [46.302992, 35.826548], [46.319632, 35.816885], [46.327074, 35.8035], [46.325058, 35.787843], [46.313379, 35.771513], [46.267129, 35.744124], [46.253486, 35.727743], [46.23788, 35.715547], [46.177729, 35.715392], [46.127603, 35.693688], [46.107035, 35.689812], [46.037065, 35.691569], [46.016498, 35.68573], [46.003786, 35.674258], [45.995879, 35.658393], [45.992365, 35.640875], [45.992314, 35.62439], [46.002029, 35.585943], [45.999238, 35.572145], [45.968698, 35.579742], [45.959344, 35.578708], [45.984562, 35.531062], [45.966062, 35.511477], [45.963995, 35.494165], [45.977017, 35.46533], [46.040993, 35.381562], [46.096287, 35.341151], [46.120161, 35.318517], [46.127396, 35.289062], [46.120058, 35.274902], [46.098767, 35.250046], [46.101454, 35.234285], [46.115407, 35.226326], [46.154164, 35.226636], [46.169254, 35.216249], [46.165481, 35.189946], [46.143829, 35.159612], [46.130393, 35.131397], [46.151064, 35.111605], [46.143106, 35.099512], [46.132357, 35.094758], [46.09453, 35.085818], [46.066573, 35.088815], [46.039753, 35.075535], [46.025077, 35.064269], [46.009212, 35.06091], [45.97924, 35.071555], [45.966372, 35.070729], [45.920173, 35.089642], [45.913197, 35.087317], [45.899399, 35.06861], [45.899089, 35.046906], [45.872476, 35.041428], [45.861882, 35.032798], [45.857025, 35.021274], [45.859712, 34.994248], [45.868962, 34.968358], [45.866327, 34.949547], [45.850203, 34.906811], [45.835011, 34.890171], [45.808036, 34.897871], [45.77827, 34.910893], [45.755119, 34.909963], [45.748504, 34.89074], [45.750468, 34.865367], [45.745404, 34.840975], [45.717705, 34.825111], [45.689231, 34.82263], [45.676571, 34.818289], [45.666752, 34.80692], [45.6636, 34.794932], [45.665925, 34.774726], [45.662825, 34.763254], [45.635023, 34.736951], [45.627375, 34.720828], [45.666856, 34.689977], [45.67347, 34.671166], [45.687629, 34.653235], [45.694451, 34.598561], [45.708558, 34.579079], [45.705613, 34.557737], [45.70153, 34.551277], [45.695588, 34.550244], [45.673573, 34.556652], [45.604844, 34.561147], [45.573941, 34.567297], [45.539628, 34.582231], [45.500664, 34.591688], [45.49653, 34.564248], [45.50485, 34.523785], [45.503455, 34.494175], [45.493016, 34.479008], [45.47927, 34.467251], [45.426767, 34.45751], [45.417052, 34.444359], [45.447954, 34.36209], [45.46077, 34.340463], [45.47927, 34.329146], [45.499217, 34.342401], [45.521541, 34.342504], [45.542212, 34.331601], [45.55756, 34.311964], [45.563038, 34.289278], [45.561022, 34.264602], [45.54769, 34.216491], [45.528673, 34.18856], [45.526657, 34.17931], [45.544537, 34.15063], [45.544537, 34.139494], [45.534357, 34.128202], [45.454879, 34.06986], [45.43519, 34.022136], [45.419946, 33.994257], [45.401755, 33.981622], [45.380361, 33.97356], [45.401032, 33.949453], [45.423718, 33.938782], [45.449711, 33.937387], [45.47927, 33.941185], [45.485781, 33.938653], [45.574768, 33.803933], [45.616729, 33.768689], [45.635126, 33.714171], [45.645151, 33.697918], [45.673987, 33.669031], [45.721116, 33.640764], [45.727989, 33.625649], [45.72773, 33.590096], [45.734552, 33.583119], [45.752018, 33.586762], [45.768451, 33.595909], [45.797545, 33.619319], [45.815787, 33.625804], [45.864363, 33.626424], [45.885964, 33.63092], [45.882036, 33.600198], [45.89971, 33.58516], [45.920897, 33.572991], [45.927925, 33.550873], [45.915626, 33.535809], [45.868187, 33.511573], [45.852581, 33.494365], [45.869737, 33.482118], [45.899399, 33.476304], [45.929682, 33.479508], [45.953143, 33.496587], [45.963272, 33.496561], [45.974434, 33.490799], [46.008023, 33.455659], [46.019392, 33.438399], [46.027454, 33.419512], [46.031071, 33.382511], [46.036239, 33.367939], [46.069725, 33.34086], [46.109516, 33.293705], [46.155301, 33.260219], [46.164189, 33.243347], [46.157678, 33.205675], [46.162122, 33.196373], [46.173698, 33.190223], [46.174318, 33.18118], [46.167187, 33.168338], [46.126466, 33.131777], [46.105382, 33.118393], [46.050398, 33.115112], [46.030296, 33.105681], [46.029314, 33.093511], [46.043267, 33.08346], [46.087192, 33.079222], [46.106002, 33.072504], [46.12042, 33.061678], [46.126156, 33.047984], [46.119489, 33.031008], [46.075719, 32.994499], [46.09701, 32.95432], [46.15556, 32.948352], [46.273433, 32.959488], [46.379629, 32.931764], [46.479312, 32.891792], [46.507321, 32.868021], [46.604421, 32.820685], [46.650361, 32.789369], [46.715887, 32.756012], [46.757332, 32.716195], [47.058398, 32.494478], [47.090593, 32.474556], [47.12103, 32.461043], [47.152553, 32.455178], [47.187796, 32.458382], [47.251255, 32.48546], [47.265311, 32.484685], [47.321948, 32.468226], [47.343342, 32.458692], [47.384115, 32.41257], [47.410832, 32.395285], [47.416413, 32.387973], [47.417963, 32.376423], [47.395949, 32.34198], [47.40246, 32.323506], [47.436877, 32.293689], [47.463025, 32.26183], [47.479148, 32.252063], [47.484522, 32.239351], [47.504004, 32.226742], [47.509224, 32.213797], [47.507673, 32.199844], [47.492481, 32.170492], [47.491344, 32.148633], [47.52669, 32.133389], [47.54364, 32.114578], [47.55873, 32.112976], [47.578057, 32.106155], [47.595007, 32.085433], [47.617796, 32.04187], [47.633144, 32.026935], [47.668077, 32.012414], [47.677947, 31.994689], [47.68265, 31.976912], [47.71841, 31.922342], [47.725231, 31.914332], [47.750966, 31.898209], [47.76528, 31.864103], [47.781352, 31.848858], [47.820781, 31.823588], [47.834475, 31.805708], [47.837266, 31.784469], [47.831323, 31.761835], [47.678929, 31.407851], [47.672935, 30.994698], [48.001545, 30.994647], [48.012242, 30.989066], [48.015446, 30.97625], [48.013586, 30.463878], [48.130581, 30.447497], [48.15766, 30.426309], [48.170475, 30.406672], [48.179467, 30.384865], [48.187684, 30.340836], [48.192076, 30.331276], [48.200086, 30.323938], [48.222979, 30.318099], [48.284267, 30.323318], [48.296359, 30.319753], [48.305713, 30.312828], [48.326021, 30.283476], [48.358164, 30.251798], [48.397025, 30.220999], [48.408704, 30.202344], [48.410616, 30.191543], [48.408032, 30.180898], [48.383279, 30.156455], [48.381108, 30.145345], [48.395578, 30.115217], [48.423948, 30.083643], [48.453145, 30.001426], [48.464307, 29.989127], [48.49304, 29.971763], [48.531016, 29.96133], [48.530772, 29.956204], [48.554942, 29.956488], [48.55716698271073, 29.951387512158355]]}}, {"type": "Feature", "properties": {"a": "IRQ", "b": "SAU"}, "geometry": {"type": "LineString", "coordinates": [[46.54168567070466, 29.104800323118216], [46.532436, 29.095745], [46.357459, 29.063137], [44.717456, 29.193103], [44.691825, 29.201836], [42.858707, 30.494677], [42.075395, 31.079861], [40.424126, 31.920533], [40.37028, 31.938465], [40.029008, 31.994482], [39.157744, 32.121348], [39.146375, 32.118144], [39.146168, 32.125844], [39.15215154525962, 32.13017228823161]]}}, {"type": "Feature", "properties": {"a": "IRQ", "b": "KWT"}, "geometry": {"type": "LineString", "coordinates": [[47.94823258249875, 30.004858054411766], [47.948009, 29.994045], [47.731432, 30.088552], [47.674175, 30.098216], [47.415793, 30.098216], [47.358225, 30.092118], [47.197098, 30.03424], [47.144698, 30.003338], [47.110488, 29.960911], [47.025429, 29.772137], [46.988842, 29.712658], [46.983674, 29.698292], [46.97737, 29.657984], [46.957836, 29.620441], [46.883112, 29.512515], [46.85345, 29.44456], [46.838567, 29.424975], [46.774488, 29.363532], [46.711856, 29.271393], [46.532436, 29.095745], [46.52260606148862, 29.093913466798746]]}}, {"type": "Feature", "properties": {"a": "IRN", "b": "AFG"}, "geometry": {"type": "LineString", "coordinates": [[61.263487697608625, 35.62634623012812], [61.277014, 35.609197], [61.290036, 35.548064], [61.283835, 35.52729], [61.270503, 35.508428], [61.247041, 35.48507], [61.235983, 35.465847], [61.221823, 35.424247], [61.200843, 35.401148], [61.195055, 35.390089], [61.190404, 35.369573], [61.195055, 35.318104], [61.187097, 35.300379], [61.167873, 35.291387], [61.122708, 35.287666], [61.108342, 35.277951], [61.102451, 35.25666], [61.102347, 35.225603], [61.112786, 35.21165], [61.112373, 35.202038], [61.096353, 35.193202], [61.101521, 35.183228], [61.139865, 35.139665], [61.135214, 35.119408], [61.136764, 35.111191], [61.147306, 35.102096], [61.123121, 35.074191], [61.115887, 35.059877], [61.109892, 35.018535], [61.095319, 34.981018], [61.088912, 34.951925], [61.074752, 34.933114], [61.071548, 34.920557], [61.077749, 34.88304], [61.06545, 34.814724], [61.034755, 34.806249], [61.02907, 34.789712], [61.00964, 34.76098], [60.978014, 34.74062], [60.959927, 34.723205], [60.958687, 34.699589], [60.961994, 34.67375], [60.957964, 34.649411], [60.947525, 34.63799], [60.908871, 34.634683], [60.895435, 34.628327], [60.883859, 34.613702], [60.838488, 34.570914], [60.818954, 34.559907], [60.794046, 34.554119], [60.739269, 34.548022], [60.714361, 34.537428], [60.699685, 34.516396], [60.718908, 34.51115], [60.725316, 34.504277], [60.733894, 34.480429], [60.742783, 34.473452], [60.767277, 34.464151], [60.77937, 34.455081], [60.804898, 34.417487], [60.879105, 34.337647], [60.890474, 34.318914], [60.643667, 34.306641], [60.650592, 34.28535], [60.634986, 34.271217], [60.587443, 34.250262], [60.552407, 34.220057], [60.520884, 34.186131], [60.492772, 34.139028], [60.486778, 34.094277], [60.499387, 33.994257], [60.528016, 33.84145], [60.525845, 33.80215], [60.494943, 33.744117], [60.486881, 33.71138], [60.511789, 33.638387], [60.574834, 33.587796], [60.655553, 33.559891], [60.733894, 33.554852], [60.807378, 33.558159], [60.846032, 33.555782], [60.879622, 33.548703], [60.895125, 33.541132], [60.911971, 33.528446], [60.92086, 33.514105], [60.912075, 33.501522], [60.897295, 33.497026], [60.849856, 33.494365], [60.832183, 33.484495], [60.829289, 33.470129], [60.834664, 33.436255], [60.829082, 33.416282], [60.818644, 33.404887], [60.785881, 33.387782], [60.757046, 33.366337], [60.5676, 33.151285], [60.561502, 33.137307], [60.562949, 33.058268], [60.577522, 32.994344], [60.752291, 32.494581], [60.830323, 32.248885], [60.828256, 32.167443], [60.81482, 32.087862], [60.808825, 32.07117], [60.782677, 32.042541], [60.774926, 32.027194], [60.778336, 32.021044], [60.792599, 32.011277], [60.784021, 31.989263], [60.794976, 31.958464], [60.796733, 31.93676], [60.789292, 31.874955], [60.791462, 31.826534], [60.805311, 31.733981], [60.792599, 31.660084], [60.794976, 31.636675], [60.809962, 31.588357], [60.821744, 31.494668], [60.855024, 31.482731], [61.661176, 31.38191], [61.686911, 31.373177], [61.706548, 31.359844], [61.742308, 31.32088], [61.749233, 31.30238], [61.742308, 31.259437], [61.742722, 31.239541], [61.752437, 31.219129], [61.779205, 31.181095], [61.78768, 31.158616], [61.791814, 31.118929], [61.809281, 31.087148], [61.821477, 31.054488], [61.826334, 31.034593], [61.826438, 31.014956], [61.819306, 30.993923], [61.800186, 30.961419], [61.804527, 30.94974], [61.808351, 30.881424], [61.802356, 30.87853], [61.799876, 30.871502], [61.798429, 30.853467], [61.802253, 30.847059], [60.844379, 29.858179], [60.86146584914687, 29.840566958544937]]}}, {"type": "Feature", "properties": {"a": "IRN", "b": "TKM"}, "geometry": {"type": "LineString", "coordinates": [[53.91487319502941, 37.332657322001864], [53.913748, 37.34276], [54.186594, 37.323744], [54.206438, 37.324596], [54.224524, 37.330746], [54.261525, 37.354827], [54.328497, 37.353277], [54.364154, 37.362682], [54.533343, 37.440817], [54.555977, 37.443607], [54.616852, 37.433013], [54.638969, 37.433272], [54.653956, 37.438905], [54.678554, 37.459989], [54.698294, 37.466293], [54.758342, 37.500555], [54.783663, 37.517453], [54.788314, 37.524636], [54.791415, 37.539932], [54.805057, 37.565047], [54.809398, 37.603339], [54.80361, 37.61693], [54.788314, 37.630805], [54.787281, 37.651863], [54.803714, 37.682921], [54.813636, 37.718629], [54.826658, 37.735269], [54.85663, 37.761133], [55.006802, 37.843092], [55.053518, 37.884407], [55.066644, 37.908437], [55.10354, 37.918798], [55.130309, 37.95231], [55.219709, 37.969983], [55.228804, 37.985796], [55.250508, 37.995408], [55.307456, 38.008792], [55.423108, 38.075894], [55.447395, 38.083671], [55.510957, 38.085842], [55.708672, 38.118656], [55.738437, 38.118605], [55.800346, 38.107804], [55.854089, 38.085997], [55.905042, 38.085583], [55.963023, 38.066515], [55.978422, 38.065895], [56.121463, 38.086462], [56.161874, 38.082379], [56.197841, 38.070649], [56.214067, 38.06884], [56.299747, 38.080235], [56.315456, 38.089459], [56.325481, 38.10522], [56.328995, 38.123772], [56.324241, 38.141136], [56.297059, 38.165785], [56.303364, 38.179428], [56.366409, 38.225523], [56.400102, 38.244127], [56.436482, 38.255082], [56.528156, 38.257408], [56.54521, 38.2541], [56.585207, 38.234567], [56.60133, 38.236866], [56.681532, 38.264616], [56.729384, 38.27105], [56.738996, 38.269603], [56.778167, 38.244488], [56.812377, 38.22896], [56.978361, 38.202734], [57.018049, 38.189815], [57.038409, 38.187283], [57.102798, 38.222009], [57.14662, 38.26981], [57.163983, 38.276476], [57.185894, 38.276476], [57.218347, 38.265081], [57.225788, 38.24237], [57.248836, 38.211519], [57.266923, 38.176896], [57.278602, 38.162943], [57.311364, 38.135012], [57.32294, 38.105117], [57.344334, 38.081062], [57.349295, 38.063569], [57.346814, 38.046929], [57.327074, 37.994116], [57.352395, 37.967529], [57.496263, 37.922312], [57.544632, 37.929986], [57.612328, 37.916601], [57.691186, 37.92027], [57.729943, 37.898644], [57.763016, 37.899393], [57.785031, 37.872573], [57.800017, 37.867638], [57.849523, 37.872728], [57.884146, 37.865338], [58.040932, 37.805704], [58.106871, 37.793431], [58.156687, 37.788186], [58.173534, 37.781623], [58.181182, 37.774853], [58.179942, 37.753046], [58.199269, 37.722195], [58.201956, 37.690104], [58.206814, 37.678735], [58.223867, 37.667469], [58.24092, 37.662328], [58.318848, 37.653052], [58.357812, 37.633311], [58.371765, 37.630366], [58.462302, 37.637497], [58.479665, 37.644112], [58.514288, 37.691473], [58.529791, 37.700387], [58.549325, 37.701576], [58.565655, 37.694858], [58.615884, 37.659511], [58.659086, 37.645404], [58.68172, 37.642716], [58.704251, 37.644628], [58.726368, 37.659382], [58.759028, 37.656152], [58.779802, 37.65964], [58.793134, 37.672844], [58.795615, 37.687727], [58.801093, 37.694651], [58.861037, 37.668089], [58.938655, 37.65393], [58.992192, 37.631451], [59.034567, 37.624526], [59.045625, 37.619617], [59.078285, 37.592745], [59.211714, 37.516316], [59.233108, 37.514714], [59.289228, 37.535178], [59.312276, 37.530346], [59.332326, 37.515127], [59.351653, 37.493837], [59.356304, 37.480633], [59.353204, 37.458438], [59.361989, 37.439215], [59.348346, 37.409294], [59.350723, 37.388365], [59.37036, 37.319429], [59.382039, 37.305683], [59.444671, 37.264187], [59.469372, 37.2407], [59.45883, 37.214758], [59.461724, 37.207601], [59.478157, 37.204138], [59.501205, 37.190212], [59.509473, 37.189824], [59.541202, 37.199849], [59.555982, 37.197782], [59.572725, 37.18339], [59.591535, 37.132334], [59.604971, 37.123885], [59.61448, 37.125487], [59.633186, 37.146261], [59.642592, 37.15024], [59.653237, 37.149672], [59.797207, 37.112206], [59.862837, 37.067816], [59.899527, 37.050556], [59.981589, 37.038826], [60.019209, 37.025803], [60.048872, 36.994022], [60.086389, 36.930021], [60.132588, 36.873409], [60.238524, 36.769746], [60.259608, 36.74241], [60.28865, 36.68107], [60.309218, 36.651976], [60.34229, 36.637145], [61.075476, 36.64779], [61.165806, 36.636318], [61.173971, 36.602315], [61.18596, 36.577665], [61.187614, 36.565108], [61.182239, 36.541647], [61.166323, 36.513845], [61.173971, 36.486818], [61.152474, 36.406306], [61.146686, 36.357265], [61.160949, 36.328636], [61.153507, 36.314942], [61.171077, 36.306416], [61.181412, 36.294478], [61.185443, 36.283988], [61.187614, 36.250347], [61.190921, 36.240631], [61.205494, 36.221098], [61.22048, 36.158931], [61.224717, 36.123688], [61.222754, 36.117538], [61.207251, 36.099503], [61.198156, 36.060797], [61.173971, 36.048033], [61.171077, 36.035941], [61.173971, 36.006485], [61.129839, 35.970519], [61.143585, 35.965506], [61.16808, 35.962354], [61.188337, 35.953569], [61.221823, 35.924527], [61.241047, 35.893883], [61.247352, 35.876209], [61.255516, 35.82536], [61.256137, 35.809133], [61.249729, 35.786706], [61.256137, 35.779368], [61.256343, 35.769497], [61.249729, 35.745778], [61.249729, 35.722472], [61.246731, 35.715496], [61.229161, 35.698597], [61.231745, 35.671881], [61.245388, 35.649298], [61.276328564417874, 35.610065890949166]]}}, {"type": "Feature", "properties": {"a": "IRN", "b": "PAK"}, "geometry": {"type": "LineString", "coordinates": [[60.851983722289866, 29.865906137073843], [60.844379, 29.858179], [61.279184, 29.40663], [61.298718, 29.392651], [61.319802, 29.385391], [61.337372, 29.374384], [61.34657, 29.349062], [61.34471, 29.329529], [61.332824, 29.294492], [61.332824, 29.274907], [61.342333, 29.25452], [61.374165, 29.22385], [61.386981, 29.206642], [61.392769, 29.170469], [61.397937, 29.159074], [61.408582, 29.148558], [61.437727, 29.139618], [61.447959, 29.125407], [61.460879, 29.093884], [61.48775, 29.080655], [61.490644, 29.072025], [61.487234, 29.06293], [61.4708, 29.047866], [61.46801, 29.041743], [61.470284, 29.035903], [61.502116, 29.017713], [61.510901, 29.007378], [61.553173, 28.922138], [61.566505, 28.870978], [61.595341, 28.842685], [61.623969, 28.78765], [61.653012, 28.756334], [61.756158, 28.673961], [61.797706, 28.626574], [61.861164, 28.574769], [61.89279, 28.5426], [61.91129, 28.533737], [61.971132, 28.518984], [62.018829, 28.494696], [62.049111, 28.486324], [62.115567, 28.481363], [62.147503, 28.475266], [62.230702, 28.442451], [62.362787, 28.418887], [62.390538, 28.406123], [62.420975, 28.368554], [62.46428, 28.349821], [62.492288, 28.300703], [62.555437, 28.240319], [62.575643, 28.229027], [62.739302, 28.258328], [62.761523, 28.246442], [62.76638, 28.211483], [62.735684, 27.994985], [62.780281, 27.829724], [62.814698, 27.494964], [62.8086, 27.453364], [62.756045, 27.348099], [62.775682, 27.326912], [62.780643, 27.31606], [62.778783, 27.299833], [62.768086, 27.274357], [62.758215, 27.267691], [62.742351, 27.266812], [62.785604, 27.232499], [62.800642, 27.225161], [62.808548, 27.225368], [62.829322, 27.233636], [62.860845, 27.219632], [62.892419, 27.213482], [62.919601, 27.214877], [63.003782, 27.228778], [63.056182, 27.243196], [63.112302, 27.243196], [63.166976, 27.258699], [63.177105, 27.258441], [63.189559, 27.254462], [63.226817, 27.22697], [63.260614, 27.213792], [63.271259, 27.203405], [63.285573, 27.184647], [63.319628, 27.117312], [63.30242, 27.123358], [63.280561, 27.123203], [63.260924, 27.115607], [63.231365, 27.065843], [63.234982, 26.941147], [63.264851, 26.890039], [63.261647, 26.871746], [63.246661, 26.85955], [63.206043, 26.853711], [63.189559, 26.846011], [63.182272, 26.83025], [63.174314, 26.685039], [63.163772, 26.645093], [63.141344, 26.625404], [63.131268, 26.625818], [63.1076, 26.6376], [63.09804, 26.638375], [63.068894, 26.632536], [63.029413, 26.633518], [62.990449, 26.638892], [62.753564, 26.644163], [62.742712, 26.641321], [62.724729, 26.615121], [62.70194, 26.60401], [62.671037, 26.597706], [62.6406, 26.605147], [62.615795, 26.587112], [62.595331, 26.580704], [62.418495, 26.562307], [62.396687, 26.539053], [62.355863, 26.536624], [62.306977, 26.51368], [62.291991, 26.501226], [62.29013, 26.492441], [62.297882, 26.474044], [62.287546, 26.456629], [62.256127, 26.428931], [62.248996, 26.416528], [62.254474, 26.393584], [62.26424, 26.375187], [62.265119, 26.360976], [62.243415, 26.350641], [62.205898, 26.355343], [62.161456, 26.369503], [62.123835, 26.373999], [62.106886, 26.349711], [62.103268, 26.325113], [62.094173, 26.314829], [62.032265, 26.302892], [61.977746, 26.273178], [61.857133, 26.242379], [61.832949, 26.225377], [61.818376, 26.198454], [61.809901, 26.167448], [61.760085, 25.837597], [61.754504, 25.819975], [61.739311, 25.803284], [61.681434, 25.795481], [61.66035, 25.769178], [61.665311, 25.732384], [61.676369, 25.6928], [61.673475, 25.65828], [61.652495, 25.637299], [61.646604, 25.627687], [61.643193, 25.613321], [61.620042, 25.285486], [61.588227, 25.202094], [61.58252762661069, 25.215209382241813]]}}, {"type": "Feature", "properties": {"a": "QAT", "b": "SAU"}, "geometry": {"type": "LineString", "coordinates": [[51.21424039068444, 24.635786501674136], [51.215258, 24.62585], [51.147451, 24.576279], [51.095465, 24.560182], [51.038879, 24.559872], [50.978883, 24.567726], [50.928602, 24.587208], [50.881008, 24.636404], [50.807872, 24.746649], [50.81906834688105, 24.747861009463428]]}}, {"type": "Feature", "properties": {"a": "SAU", "b": "KWT"}, "geometry": {"type": "LineString", "coordinates": [[46.52260606148862, 29.093913466798746], [46.532436, 29.095745], [46.867351, 29.059416], [47.434086, 28.994588], [47.494496, 28.904025], [47.549945, 28.770596], [47.55842, 28.69148], [47.568031, 28.660991], [47.581674, 28.631483], [47.596815, 28.608823], [47.641102, 28.577249], [47.659809, 28.560041], [47.668129, 28.533505], [48.432781, 28.54048], [48.44008931052565, 28.53366355332125]]}}, {"type": "Feature", "properties": {"a": "SAU", "b": "YEM"}, "geometry": {"type": "LineString", "coordinates": [[51.98814981835463, 18.99880739277449], [49.128815, 18.612095], [49.035849, 18.57972], [48.184428, 18.163931], [48.161949, 18.148919], [47.589012, 17.463276], [47.572114, 17.432322], [47.457961, 17.130893], [47.427575, 17.091826], [47.190897, 16.958914], [47.161338, 16.947442], [47.128782, 16.94305], [46.983003, 16.949096], [46.970342, 16.956847], [46.747203, 17.254762], [46.710099, 17.275381], [46.322629, 17.224066], [45.430384, 17.312019], [45.384702, 17.326489], [45.222128, 17.417388], [45.165387, 17.428395], [44.646453, 17.431805], [44.624645, 17.427206], [44.561962, 17.404468], [44.533798, 17.402867], [44.465172, 17.416457], [44.404142, 17.418731], [44.307352, 17.408964], [44.230561, 17.391859], [44.211544, 17.390619], [44.169376, 17.40235], [44.149015, 17.40483], [44.134288, 17.394702], [44.119663, 17.369949], [44.10447, 17.351965], [44.08535, 17.343439], [44.059357, 17.347056], [44.020961, 17.366021], [44.003908, 17.36783], [43.982307, 17.356823], [43.954299, 17.320029], [43.938692, 17.305198], [43.915128, 17.301839], [43.903294, 17.30432], [43.894044, 17.312174], [43.890065, 17.320184], [43.892649, 17.351035], [43.886706, 17.353671], [43.863245, 17.346953], [43.806194, 17.349588], [43.76878, 17.345506], [43.750642, 17.345661], [43.730643, 17.35243], [43.689302, 17.38385], [43.619539, 17.458832], [43.577061, 17.482965], [43.50337, 17.513454], [43.487144, 17.517485], [43.453141, 17.518777], [43.43495, 17.522859], [43.412885, 17.519965], [43.391025, 17.511955], [43.303072, 17.459039], [43.215946, 17.387209], [43.165044, 17.32592], [43.222199, 17.307834], [43.241836, 17.293416], [43.252171, 17.27197], [43.248605, 17.25192], [43.226178, 17.241274], [43.203337, 17.236313], [43.176878, 17.225513], [43.156156, 17.2097], [43.150058, 17.18996], [43.150988, 17.16686], [43.145304, 17.146551], [43.124323, 17.106967], [43.118432, 17.086245], [43.136002, 17.031416], [43.135899, 17.009609], [43.108717, 16.926978], [43.112644, 16.910028], [43.133728, 16.871013], [43.145821, 16.834477], [43.157345, 16.825382], [43.194448, 16.815461], [43.204732, 16.807709], [43.211502, 16.796857], [43.212845, 16.783886], [43.208608, 16.773396], [43.182873, 16.757996], [43.168507, 16.737222], [43.170677, 16.723476], [43.179772, 16.708232], [43.186077, 16.683272], [43.179979, 16.664617], [43.162926, 16.661516], [43.097762, 16.677794], [43.084946, 16.672575], [43.079985, 16.658829], [43.074611, 16.61878], [43.048772, 16.553461], [43.036267, 16.536304], [42.970948, 16.49579], [42.906766, 16.479357], [42.902942, 16.466283], [42.906766, 16.434915], [42.898187, 16.418896], [42.872452, 16.401636], [42.78948, 16.370958], [42.78813003817062, 16.381061097196792]]}}, {"type": "Feature", "properties": {"a": "THA", "b": "MMR"}, "geometry": {"type": "LineString", "coordinates": [[98.74681807292525, 10.339420262261626], [98.747406, 10.350531], [98.766405, 10.4112], [98.776534, 10.462102], [98.790383, 10.500265], [98.791313, 10.520418], [98.777257, 10.583231], [98.770746, 10.59398], [98.751522, 10.610361], [98.747905, 10.623125], [98.756793, 10.666068], [98.766715, 10.688754], [98.81095, 10.746632], [98.83007, 10.763556], [98.868208, 10.769886], [98.875339, 10.77862], [98.883607, 10.799187], [98.892082, 10.808515], [98.905415, 10.814406], [98.923295, 10.808101], [98.934043, 10.807714], [98.974454, 10.824198], [98.986133, 10.840321], [98.989854, 10.860449], [98.989751, 10.875151], [98.979622, 10.907656], [98.982619, 10.928946], [98.992334, 10.947963], [99.005564, 10.958815], [99.045251, 10.945509], [99.05507, 10.94525], [99.063648, 10.95742], [99.076877, 10.996513], [99.093207, 11.012972], [99.133101, 11.033385], [99.151705, 11.047673], [99.175062, 11.087438], [99.206172, 11.100021], [99.212993, 11.108264], [99.243275, 11.197664], [99.256194, 11.219988], [99.28844, 11.258306], [99.300533, 11.28063], [99.315726, 11.320809], [99.326371, 11.336234], [99.364301, 11.376723], [99.370503, 11.393337], [99.377634, 11.435505], [99.387039, 11.45155], [99.415874, 11.480231], [99.428173, 11.496896], [99.437372, 11.516688], [99.441093, 11.533406], [99.440576, 11.597278], [99.449774, 11.613763], [99.466104, 11.623943], [99.5307, 11.630919], [99.542585, 11.640479], [99.606871, 11.725694], [99.615346, 11.749413], [99.630022, 11.815766], [99.627955, 11.825378], [99.611005, 11.830183], [99.591781, 11.842276], [99.561395, 11.87292], [99.554057, 11.895037], [99.557365, 11.915605], [99.572867, 11.955912], [99.574004, 11.976324], [99.566976, 11.993326], [99.553334, 12.005522], [99.534317, 12.011568], [99.518401, 12.025934], [99.521708, 12.053684], [99.545789, 12.13187], [99.541655, 12.140655], [99.53287, 12.144531], [99.522638, 12.144221], [99.466311, 12.126031], [99.452255, 12.12939], [99.448844, 12.147218], [99.454115, 12.156882], [99.471995, 12.173625], [99.473752, 12.187268], [99.455562, 12.227575], [99.457112, 12.256411], [99.454425, 12.267263], [99.432204, 12.296408], [99.426727, 12.308655], [99.420629, 12.38338], [99.414014, 12.405239], [99.391276, 12.44534], [99.387039, 12.465907], [99.404196, 12.508127], [99.407296, 12.551483], [99.403265, 12.575926], [99.393757, 12.589775], [99.333399, 12.625432], [99.309731, 12.653492], [99.276865, 12.665585], [99.266736, 12.702843], [99.256298, 12.709458], [99.233457, 12.713127], [99.224465, 12.717468], [99.21413, 12.73465], [99.21444, 12.771676], [99.210719, 12.792269], [99.175269, 12.83343], [99.168448, 12.874099], [99.153151, 12.913554], [99.154185, 12.926602], [99.167311, 12.956006], [99.16483, 12.975514], [99.151084, 12.994789], [99.093207, 13.038327], [99.088349, 13.058351], [99.102509, 13.104395], [99.105299, 13.129613], [99.102095, 13.171342], [99.114084, 13.188085], [99.133204, 13.195165], [99.172789, 13.199506], [99.187258, 13.212244], [99.190152, 13.229504], [99.173409, 13.287433], [99.172789, 13.300921], [99.186948, 13.329136], [99.183641, 13.357971], [99.188808, 13.407917], [99.187878, 13.42714], [99.152015, 13.581963], [99.149534, 13.665989], [99.152531, 13.714875], [99.141266, 13.732109], [99.108813, 13.762701], [99.101165, 13.778824], [99.089796, 13.826651], [99.092173, 13.863574], [99.090003, 13.870111], [99.080288, 13.881557], [99.061064, 13.888016], [99.047628, 13.914992], [99.016209, 13.937936], [99.007114, 13.949641], [98.98479, 13.990594], [98.952957, 14.028034], [98.945309, 14.069142], [98.935284, 14.085395], [98.917714, 14.096376], [98.872342, 14.112473], [98.753693, 14.200116], [98.731058, 14.2235], [98.706977, 14.269983], [98.67039, 14.267916], [98.644242, 14.295666], [98.614476, 14.305149], [98.601454, 14.313649], [98.54771, 14.377676], [98.478154, 14.516505], [98.452832, 14.528055], [98.445494, 14.542033], [98.431335, 14.587845], [98.418209, 14.607559], [98.297493, 14.721247], [98.243336, 14.805118], [98.235378, 14.824548], [98.239099, 14.844005], [98.222149, 14.864262], [98.221632, 14.921261], [98.214914, 14.943172], [98.191143, 14.98813], [98.19135, 15.001153], [98.204372, 15.029575], [98.198998, 15.051382], [98.168072, 15.082771], [98.160447, 15.106366], [98.164995, 15.125796], [98.185769, 15.160781], [98.19073, 15.179178], [98.177914, 15.208789], [98.17719, 15.220597], [98.215431, 15.218865], [98.232898, 15.226798], [98.247677, 15.240931], [98.283024, 15.289972], [98.295116, 15.292608], [98.317854, 15.28899], [98.38524, 15.256253], [98.392268, 15.258243], [98.394748, 15.280076], [98.392061, 15.285838], [98.377488, 15.296458], [98.383689, 15.310281], [98.399089, 15.321779], [98.396919, 15.35573], [98.40343, 15.360097], [98.439397, 15.36759], [98.474537, 15.383481], [98.515464, 15.363456], [98.530244, 15.347721], [98.533551, 15.325965], [98.559906, 15.355317], [98.569001, 15.402136], [98.567141, 15.452546], [98.54368, 15.601504], [98.545747, 15.658632], [98.540269, 15.711962], [98.54306, 15.735371], [98.574375, 15.835985], [98.576649, 15.854176], [98.569311, 15.896137], [98.568588, 15.920166], [98.583781, 15.976959], [98.576959, 15.996906], [98.550088, 16.034216], [98.546987, 16.047497], [98.555875, 16.055507], [98.590085, 16.045792], [98.611582, 16.046929], [98.619127, 16.051011], [98.630186, 16.060003], [98.644139, 16.07964], [98.658711, 16.116278], [98.679589, 16.126149], [98.697159, 16.126872], [98.758447, 16.119172], [98.770332, 16.11385], [98.783045, 16.102429], [98.798444, 16.104444], [98.807229, 16.110542], [98.830794, 16.135605], [98.835445, 16.144545], [98.836685, 16.189039], [98.843093, 16.208728], [98.883711, 16.25875], [98.903348, 16.363447], [98.902521, 16.381637], [98.885261, 16.406183], [98.86211, 16.420653], [98.843403, 16.438378], [98.839579, 16.472432], [98.818702, 16.455638], [98.810433, 16.439618], [98.802062, 16.398277], [98.788626, 16.374557], [98.728268, 16.328255], [98.698399, 16.28495], [98.682379, 16.273478], [98.663259, 16.286656], [98.656954, 16.301642], [98.642382, 16.373627], [98.629463, 16.402669], [98.628222, 16.413573], [98.638248, 16.43445], [98.639798, 16.444992], [98.631633, 16.463131], [98.564247, 16.551962], [98.567761, 16.582503], [98.56156, 16.601727], [98.54709, 16.620124], [98.51226, 16.643275], [98.498411, 16.662395], [98.486319, 16.700997], [98.456657, 16.723218], [98.454693, 16.740995], [98.462548, 16.760115], [98.474537, 16.776652], [98.489213, 16.780734], [98.505439, 16.790656], [98.517531, 16.803006], [98.520529, 16.814117], [98.513191, 16.822178], [98.49438, 16.83117], [98.49004, 16.843211], [98.49252, 16.857422], [98.500582, 16.862228], [98.51195, 16.859282], [98.524559, 16.850445], [98.50947, 16.892665], [98.484458, 16.905894], [98.480428, 16.937262], [98.474537, 16.950439], [98.463685, 16.963617], [98.436193, 17.011573], [98.417899, 17.029039], [98.399916, 17.04015], [98.379762, 17.045782], [98.330669, 17.046868], [98.313306, 17.052035], [98.299664, 17.064748], [98.286228, 17.087434], [98.295323, 17.099836], [98.294393, 17.107587], [98.268348, 17.107742], [98.266177, 17.116372], [98.270828, 17.127793], [98.278993, 17.136578], [98.256255, 17.151616], [98.221012, 17.20076], [98.186182, 17.224221], [98.092648, 17.312226], [98.090477, 17.325249], [98.094715, 17.358631], [98.08872, 17.372791], [98.048723, 17.391549], [98.035494, 17.405037], [98.018234, 17.447412], [97.996116, 17.480795], [97.991672, 17.495729], [97.982784, 17.505444], [97.933794, 17.531799], [97.768947, 17.67918], [97.759335, 17.691479], [97.753134, 17.70538], [97.74962, 17.739849], [97.716857, 17.769769], [97.706521, 17.794729], [97.683991, 17.816536], [97.676136, 17.830334], [97.69908, 17.833331], [97.685541, 17.880718], [97.720061, 17.943195], [97.747553, 17.96092], [97.754064, 17.969034], [97.747242, 17.992495], [97.739801, 18.002933], [97.720061, 18.053059], [97.702181, 18.061844], [97.694222, 18.061508], [97.692776, 18.070113], [97.69908, 18.090654], [97.687505, 18.119825], [97.684301, 18.146103], [97.629007, 18.220853], [97.617948, 18.241678], [97.620739, 18.251083], [97.635725, 18.257595], [97.643269, 18.27302], [97.643786, 18.291314], [97.637585, 18.306326], [97.573816, 18.333094], [97.560587, 18.328262], [97.541984, 18.280229], [97.528341, 18.26532], [97.486483, 18.29214], [97.466536, 18.311442], [97.452583, 18.333611], [97.446796, 18.358312], [97.443075, 18.403348], [97.41765, 18.441149], [97.3791, 18.520783], [97.357602, 18.539903], [97.351401, 18.551169], [97.380133, 18.547758], [97.388918, 18.542228], [97.416617, 18.49603], [97.427469, 18.489519], [97.438114, 18.488123], [97.462815, 18.492464], [97.509531, 18.491276], [97.548392, 18.509078], [97.617948, 18.553158], [97.637378, 18.559282], [97.690295, 18.557886], [97.745692, 18.571064], [97.75179, 18.582484], [97.759748, 18.622792], [97.752617, 18.663436], [97.741248, 18.703149], [97.73267, 18.780509], [97.720371, 18.817638], [97.723368, 18.851977], [97.71913, 18.864638], [97.661873, 18.913782], [97.657842, 18.925719], [97.703318, 18.964373], [97.710449, 18.979902], [97.71696, 19.018323], [97.727812, 19.037082], [97.789927, 19.082583], [97.804087, 19.097957], [97.810804, 19.11222], [97.815145, 19.190561], [97.812561, 19.208467], [97.805223, 19.227355], [97.76967, 19.257275], [97.764089, 19.266396], [97.768016, 19.277119], [97.788687, 19.277739], [97.798299, 19.281408], [97.806154, 19.301097], [97.783106, 19.33709], [97.767086, 19.397525], [97.800366, 19.440778], [97.833542, 19.468709], [97.84212, 19.479381], [97.848735, 19.493979], [97.840984, 19.517156], [97.839847, 19.555319], [97.848632, 19.567644], [97.885839, 19.572812], [97.948057, 19.602422], [97.979476, 19.633325], [98.008312, 19.639112], [98.013583, 19.651747], [98.013893, 19.669447], [98.005625, 19.705646], [98.004591, 19.723913], [98.017924, 19.789388], [98.024538, 19.802978], [98.045622, 19.807629], [98.072907, 19.777295], [98.08593, 19.773161], [98.111355, 19.77714], [98.132232, 19.766056], [98.172023, 19.731562], [98.213261, 19.717764], [98.217911, 19.707971], [98.216671, 19.687456], [98.219152, 19.676991], [98.237548, 19.664692], [98.262767, 19.66986], [98.307312, 19.689988], [98.347619, 19.690634], [98.394438, 19.686345], [98.439603, 19.68774], [98.474537, 19.70531], [98.488799, 19.706705], [98.515464, 19.683373], [98.532621, 19.675854], [98.536548, 19.677095], [98.537995, 19.68389], [98.548331, 19.692649], [98.590705, 19.704096], [98.598353, 19.709082], [98.623778, 19.737504], [98.641348, 19.744946], [98.730128, 19.757296], [98.749248, 19.763498], [98.80785, 19.806544], [98.837925, 19.793444], [98.851878, 19.784039], [98.864487, 19.773213], [98.883711, 19.745463], [98.899317, 19.748615], [98.935077, 19.773471], [98.973834, 19.78807], [98.987684, 19.799361], [99.000913, 19.821013], [99.008768, 19.845922], [98.999362, 19.907727], [99.001429, 19.917881], [99.013522, 19.93496], [99.005874, 19.972348], [99.016829, 20.041], [99.036466, 20.075158], [99.073466, 20.101229], [99.117495, 20.117791], [99.158422, 20.123553], [99.177749, 20.121796], [99.236454, 20.102728], [99.275315, 20.072187], [99.295675, 20.062497], [99.321203, 20.06627], [99.441403, 20.101617], [99.487498, 20.141252], [99.510339, 20.15381], [99.520571, 20.170966], [99.525842, 20.196184], [99.518917, 20.212178], [99.486258, 20.245484], [99.474992, 20.303723], [99.466414, 20.322172], [99.42962, 20.358681], [99.420629, 20.375553], [99.439956, 20.382168], [99.454115, 20.377104], [99.502898, 20.345219], [99.579689, 20.321241], [99.618033, 20.322378], [99.642217, 20.308839], [99.651932, 20.306824], [99.671259, 20.310131], [99.708415, 20.325014], [99.729085, 20.328528], [99.7696, 20.328424], [99.78717, 20.334083], [99.804016, 20.348992], [99.82634, 20.401392], [99.837709, 20.416843], [99.855693, 20.428057], [99.877913, 20.435136], [99.937135, 20.445006], [99.952379, 20.436273], [99.958787, 20.427488], [99.96473, 20.408626], [99.985917, 20.387025], [100.022918, 20.380773], [100.036147, 20.373124], [100.055474, 20.344186], [100.099295, 20.317805], [100.09871358375983, 20.307829455456577]]}}, {"type": "Feature", "properties": {"a": "MMR", "b": "BGD"}, "geometry": {"type": "LineString", "coordinates": [[92.27162000237035, 21.039612454907147], [92.265147, 21.061103], [92.224272, 21.093184], [92.211766, 21.123518], [92.188305, 21.144085], [92.174973, 21.175608], [92.185205, 21.24041], [92.178073, 21.280149], [92.17828, 21.299735], [92.183654, 21.317201], [92.21156, 21.354873], [92.225099, 21.397455], [92.236261, 21.417092], [92.284527, 21.419055], [92.322664, 21.461895], [92.354703, 21.451818], [92.367933, 21.435437], [92.374237, 21.402312], [92.381162, 21.384794], [92.389637, 21.376526], [92.423123, 21.363658], [92.465394, 21.359834], [92.498674, 21.366604], [92.524512, 21.361126], [92.543943, 21.320922], [92.551591, 21.280511], [92.558722, 21.25984], [92.570608, 21.247283], [92.590865, 21.248885], [92.614326, 21.263148], [92.633756, 21.282216], [92.642851, 21.298443], [92.639234, 21.3187], [92.603267, 21.420089], [92.590245, 21.495537], [92.575568, 21.733972], [92.593035, 21.886934], [92.590245, 21.917165], [92.575879, 21.977574], [92.58561524708247, 21.981251711804855]]}}, {"type": "Feature", "properties": {"a": "AFG", "b": "TKM"}, "geometry": {"type": "LineString", "coordinates": [[61.276328564417874, 35.610065890949166], [61.269676, 35.618499], [61.335718, 35.630901], [61.351531, 35.627801], [61.360936, 35.621031], [61.351531, 35.60713], [61.383467, 35.586459], [61.380263, 35.567339], [61.393182, 35.553593], [61.427702, 35.542845], [61.492711, 35.494165], [61.538703, 35.452307], [61.604746, 35.430603], [61.739621, 35.413757], [61.799049, 35.417478], [61.919352, 35.451842], [61.977746, 35.450912], [62.00746, 35.438923], [62.033815, 35.423989], [62.136341, 35.341358], [62.163885, 35.326165], [62.219023, 35.30627], [62.2337, 35.293764], [62.244345, 35.278055], [62.251218, 35.260381], [62.25096, 35.202349], [62.275713, 35.151034], [62.286203, 35.140647], [62.302016, 35.14752], [62.399323, 35.255937], [62.431879, 35.280638], [62.458905, 35.281879], [62.524586, 35.232166], [62.53549, 35.22736], [62.566186, 35.230771], [62.595641, 35.22059], [62.621066, 35.222709], [62.708606, 35.25604], [62.760489, 35.302446], [62.827565, 35.329318], [62.918206, 35.388177], [62.985282, 35.414584], [63.066827, 35.425591], [63.080211, 35.437063], [63.086257, 35.455666], [63.090495, 35.493545], [63.100727, 35.524964], [63.097213, 35.535455], [63.080573, 35.546514], [63.077369, 35.558761], [63.076646, 35.6247], [63.103156, 35.646042], [63.179895, 35.666455], [63.207697, 35.683198], [63.214415, 35.699269], [63.209351, 35.704488], [63.17726, 35.716891], [63.163255, 35.73229], [63.112044, 35.769911], [63.101295, 35.800555], [63.084397, 35.826083], [63.088634, 35.843395], [63.104086, 35.856469], [63.125273, 35.860241], [63.342934, 35.856262], [63.430216, 35.871042], [63.511089, 35.901841], [63.52592, 35.912693], [63.563438, 35.950623], [63.582093, 35.959047], [63.602298, 35.962664], [63.725702, 35.968865], [63.765906, 35.977288], [63.859854, 36.022092], [63.889826, 36.029637], [63.921969, 36.033719], [63.949977, 36.028861], [64.045114, 35.998734], [64.036225, 36.076404], [64.044648, 36.09232], [64.057258, 36.105239], [64.123352, 36.146064], [64.158698, 36.160275], [64.195905, 36.165907], [64.237143, 36.16043], [64.266134, 36.152471], [64.276056, 36.159241], [64.291869, 36.199445], [64.303651, 36.211538], [64.33724, 36.225955], [64.410879, 36.239856], [64.444572, 36.249985], [64.477697, 36.271637], [64.498161, 36.291429], [64.576657, 36.389615], [64.594382, 36.424186], [64.605855, 36.461083], [64.610505, 36.500926], [64.607767, 36.521648], [64.589008, 36.580249], [64.592005, 36.621073], [64.604821, 36.660554], [64.621357, 36.692593], [64.765225, 36.904622], [64.778764, 36.93847], [64.77463, 36.977589], [64.755613, 37.053631], [64.76016, 37.092621], [64.778764, 37.118046], [64.807909, 37.135512], [64.989087, 37.213673], [65.063088, 37.233232], [65.501407, 37.242276], [65.536857, 37.257107], [65.583159, 37.30806], [65.624087, 37.345138], [65.629461, 37.365421], [65.628893, 37.387538], [65.620986, 37.430404], [65.625741, 37.452805], [65.635766, 37.474096], [65.65871, 37.51027], [65.668839, 37.520553], [65.681034, 37.526393], [65.698294, 37.529416], [65.739429, 37.529054], [65.752658, 37.537865], [65.761443, 37.578379], [65.804334, 37.565305], [65.829087, 37.525618], [65.855184, 37.507944], [66.079666, 37.440868], [66.097856, 37.428414], [66.125607, 37.3987], [66.142918, 37.385058], [66.163072, 37.376893], [66.218469, 37.3748], [66.232525, 37.365421], [66.257743, 37.356842], [66.294434, 37.331211], [66.320685, 37.329144], [66.389622, 37.347179], [66.413496, 37.349633], [66.423625, 37.34568], [66.438663, 37.327904], [66.451065, 37.322943], [66.461452, 37.324441], [66.502896, 37.355654], [66.52928262308689, 37.36662985071315]]}}, {"type": "Feature", "properties": {"a": "AFG", "b": "PAK"}, "geometry": {"type": "LineString", "coordinates": [[73.72183174002981, 36.893791118144094], [73.640083, 36.896638], [73.509342, 36.87868], [73.445883, 36.886483], [73.379738, 36.879249], [73.331782, 36.882091], [73.267496, 36.866536], [73.191842, 36.877027], [73.042497, 36.864263], [73.026271, 36.859457], [72.990511, 36.841577], [72.976765, 36.842093], [72.945862, 36.852222], [72.867727, 36.830415], [72.779361, 36.826797], [72.695852, 36.836719], [72.629602, 36.832947], [72.565214, 36.820596], [72.516741, 36.800597], [72.454109, 36.757964], [72.433129, 36.753417], [72.387343, 36.755794], [72.346209, 36.74489], [72.301974, 36.74272], [72.213607, 36.726442], [72.169682, 36.711352], [72.153456, 36.702102], [72.149632, 36.689338], [72.164618, 36.670063], [72.171646, 36.653629], [72.154179, 36.645465], [72.096095, 36.638902], [72.059095, 36.627119], [72.050413, 36.618645], [72.056304, 36.601901], [72.054961, 36.592858], [72.038838, 36.580456], [71.997806, 36.572446], [71.977033, 36.563041], [71.960909, 36.549605], [71.913471, 36.527591], [71.874713, 36.499065], [71.85859, 36.494156], [71.793788, 36.490745], [71.773221, 36.480048], [71.774564, 36.448422], [71.791514, 36.421292], [71.794408, 36.407598], [71.782626, 36.396539], [71.751, 36.391113], [71.736324, 36.395919], [71.706868, 36.421447], [71.649301, 36.452763], [71.629147, 36.459533], [71.61044, 36.457931], [71.600725, 36.449301], [71.580364, 36.402327], [71.572303, 36.391682], [71.547188, 36.371631], [71.542227, 36.356387], [71.55835, 36.327861], [71.53892, 36.319283], [71.495822, 36.309619], [71.479078, 36.300524], [71.402752, 36.231381], [71.382443, 36.218566], [71.31914, 36.200582], [71.313972, 36.194019], [71.309011, 36.172729], [71.302087, 36.163323], [71.223073, 36.125393], [71.217699, 36.118055], [71.207622, 36.087617], [71.175376, 36.061159], [71.165919, 36.045708], [71.170932, 36.027001], [71.23191, 35.99398], [71.257438, 35.971552], [71.341567, 35.947264], [71.356399, 35.933053], [71.360688, 35.90029], [71.371333, 35.885149], [71.416705, 35.858846], [71.431019, 35.843705], [71.464402, 35.794715], [71.470914, 35.779936], [71.47112, 35.752289], [71.475564, 35.741024], [71.502746, 35.719061], [71.515355, 35.701491], [71.519799, 35.683766], [71.514012, 35.665576], [71.495925, 35.646611], [71.483316, 35.62656], [71.492721, 35.609559], [71.512771, 35.596278], [71.567859, 35.574212], [71.584188, 35.564187], [71.59349, 35.549356], [71.59287, 35.530184], [71.581708, 35.493132], [71.587806, 35.470911], [71.613954, 35.443212], [71.622429, 35.429621], [71.620879, 35.410139], [71.61106, 35.395463], [71.562277, 35.360582], [71.531582, 35.327922], [71.529825, 35.300895], [71.547808, 35.275626], [71.603205, 35.223381], [71.633694, 35.203124], [71.637932, 35.189688], [71.62925, 35.170102], [71.604135, 35.138166], [71.534992, 35.098582], [71.508947, 35.072021], [71.5075, 35.028199], [71.512978, 35.018122], [71.511325, 35.008717], [71.493341, 34.994144], [71.485383, 34.983499], [71.46957, 34.949702], [71.459958, 34.942674], [71.324928, 34.897561], [71.289478, 34.87503], [71.270822, 34.844283], [71.25563, 34.810228], [71.203075, 34.748164], [71.189535, 34.737054], [71.150933, 34.720311], [71.080601, 34.672923], [71.070163, 34.661245], [71.068768, 34.645948], [71.079878, 34.602902], [71.076571, 34.578511], [71.065822, 34.55846], [71.047529, 34.551122], [70.985827, 34.556186], [70.96867, 34.549727], [70.956991, 34.532002], [70.955648, 34.510014], [70.961229, 34.487612], [70.970841, 34.468879], [70.991511, 34.443067], [71.01983, 34.414438], [71.050939, 34.389788], [71.122046, 34.356819], [71.126387, 34.332221], [71.097086, 34.262458], [71.09688, 34.244345], [71.109489, 34.189206], [71.108093, 34.165228], [71.101789, 34.151818], [71.073884, 34.125257], [71.062773, 34.10531], [71.067269, 34.073012], [71.062618, 34.054253], [71.046702, 34.041877], [70.977145, 34.027407], [70.953994, 34.004825], [70.939731, 34.000923], [70.921231, 34.002241], [70.894308, 34.009372], [70.884334, 34.007047], [70.879994, 33.994257], [70.862217, 33.964775], [70.791317, 33.953562], [70.656183, 33.95475], [70.521979, 33.938705], [70.49149, 33.939609], [70.408963, 33.954414], [70.328193, 33.957282], [70.309899, 33.961675], [70.275586, 33.97617], [70.218845, 33.980692], [70.002838, 34.043789], [69.969093, 34.045727], [69.916021, 34.038879], [69.889253, 34.031206], [69.872613, 34.017227], [69.871993, 33.971519], [69.841091, 33.941805], [69.847188, 33.926948], [69.876489, 33.902557], [69.885429, 33.889457], [69.898761, 33.851501], [69.907546, 33.83561], [69.931318, 33.806439], [69.957518, 33.752695], [69.972659, 33.744841], [70.011829, 33.740319], [70.065573, 33.721018], [70.108154, 33.727296], [70.118128, 33.716522], [70.132546, 33.661435], [70.145981, 33.649885], [70.170218, 33.638671], [70.174093, 33.632108], [70.173473, 33.607872], [70.153009, 33.544749], [70.151356, 33.525862], [70.154973, 33.506612], [70.163758, 33.488655], [70.177607, 33.47341], [70.213368, 33.461344], [70.220447, 33.456021], [70.233005, 33.432612], [70.285715, 33.382873], [70.301579, 33.35179], [70.294448, 33.318949], [70.124794, 33.199034], [70.105364, 33.18981], [70.08366, 33.191283], [70.059785, 33.198052], [70.048003, 33.194073], [70.014517, 33.140769], [70.006869, 33.131803], [69.994725, 33.127333], [69.955812, 33.127695], [69.880933, 33.089248], [69.838713, 33.086664], [69.771844, 33.114776], [69.732983, 33.109298], [69.68601, 33.080773], [69.667768, 33.077], [69.640689, 33.084235], [69.547517, 33.075011], [69.514185, 33.056691], [69.487727, 33.028373], [69.468503, 32.994292], [69.48721, 32.885875], [69.477288, 32.856833], [69.445559, 32.835671], [69.421064, 32.80681], [69.387165, 32.785338], [69.376313, 32.771877], [69.37807, 32.752317], [69.383237, 32.744462], [69.414657, 32.725575], [69.429126, 32.667361], [69.426025, 32.655088], [69.413933, 32.635477], [69.361223, 32.568478], [69.34355, 32.55605], [69.302105, 32.543777], [69.281952, 32.532796], [69.251566, 32.50055], [69.232859, 32.462671], [69.228001, 32.421304], [69.238543, 32.378283], [69.264433, 32.322369], [69.268102, 32.301337], [69.259989, 32.236819], [69.259524, 32.194522], [69.251876, 32.15225], [69.251049, 32.13065], [69.270634, 32.035978], [69.302157, 31.959911], [69.304793, 31.94694], [69.29885, 31.93769], [69.250946, 31.907046], [69.223764, 31.881931], [69.114313, 31.737754], [69.10005, 31.724008], [69.084754, 31.715791], [69.071628, 31.69786], [69.040106, 31.673107], [69.004036, 31.651092], [68.977267, 31.641481], [68.94099, 31.643651], [68.906987, 31.634298], [68.843529, 31.606496], [68.803841, 31.602568], [68.77728, 31.618588], [68.731184, 31.675535], [68.705449, 31.70127], [68.697905, 31.715946], [68.694907, 31.756357], [68.688293, 31.768605], [68.675787, 31.774702], [68.61946, 31.783487], [68.561065, 31.811806], [68.527476, 31.822968], [68.5051, 31.822658], [68.481484, 31.815682], [68.438179, 31.796045], [68.418748, 31.783022], [68.422211, 31.773152], [68.439574, 31.766589], [68.461433, 31.763592], [68.521274, 31.764781], [68.540601, 31.762507], [68.5498, 31.753515], [68.536829, 31.741009], [68.515177, 31.729951], [68.49802, 31.725248], [68.460968, 31.730467], [68.356065, 31.762507], [68.255037, 31.766383], [68.2323, 31.790154], [68.206823, 31.807879], [68.159126, 31.825914], [68.138559, 31.824674], [68.125743, 31.811496], [68.093497, 31.751551], [68.060476, 31.725558], [68.055566, 31.716566], [68.052259, 31.695431], [68.046575, 31.688403], [67.994071, 31.663443], [67.977328, 31.651868], [67.966063, 31.638225], [67.955211, 31.633212], [67.914696, 31.631352], [67.870668, 31.635176], [67.842711, 31.623497], [67.781165, 31.564173], [67.726698, 31.53141], [67.696312, 31.520816], [67.665461, 31.518129], [67.600504, 31.53048], [67.568981, 31.52986], [67.556114, 31.512186], [67.5634, 31.497252], [67.591099, 31.464799], [67.59699, 31.42568], [67.611459, 31.410797], [67.631406, 31.4001], [67.651147, 31.395294], [67.734294, 31.404751], [67.770364, 31.394674], [67.775067, 31.352764], [67.764731, 31.334058], [67.749435, 31.328011], [67.709024, 31.329303], [67.692798, 31.325221], [67.665926, 31.306256], [67.602157, 31.271116], [67.583657, 31.265225], [67.530224, 31.256646], [67.493327, 31.242952], [67.433899, 31.236079], [67.364601, 31.210706], [67.346204, 31.20776], [67.282177, 31.212773], [67.213757, 31.212256], [67.19319, 31.218509], [67.156707, 31.235924], [67.136759, 31.241092], [67.116864, 31.240316], [67.078468, 31.232048], [67.035267, 31.235924], [67.015268, 31.244657], [67.013873, 31.252667], [67.025965, 31.273028], [67.023898, 31.2953], [67.016818, 31.309149], [67.002091, 31.315867], [66.943283, 31.314731], [66.905921, 31.305532], [66.838483, 31.277007], [66.808614, 31.254734], [66.785308, 31.23179], [66.759522, 31.214788], [66.721281, 31.210292], [66.696993, 31.195823], [66.663093, 31.083117], [66.643973, 31.060172], [66.550025, 30.976973], [66.527494, 30.968343], [66.392309, 30.944624], [66.375359, 30.936717], [66.366264, 30.922868], [66.267975, 30.601389], [66.264926, 30.557826], [66.281928, 30.518138], [66.306113, 30.491112], [66.313761, 30.478296], [66.321822, 30.437368], [66.303012, 30.305283], [66.305286, 30.24477], [66.300893, 30.225598], [66.236349, 30.1116], [66.221725, 30.073721], [66.219296, 30.057856], [66.225239, 30.04442], [66.260431, 30.02313], [66.301565, 29.98675], [66.332364, 29.966079], [66.340529, 29.956571], [66.336808, 29.952023], [66.322442, 29.946545], [66.301772, 29.915694], [66.27521, 29.885154], [66.195628, 29.835338], [65.036371, 29.540162], [64.986606, 29.541557], [64.820312, 29.567886], [64.477697, 29.570367], [64.207739, 29.499983], [64.172599, 29.4843], [64.149758, 29.458461], [64.113378, 29.396295], [64.086093, 29.386605], [63.971991, 29.429574], [63.568605, 29.497477], [62.477509, 29.407819], [62.374466, 29.424872], [60.876005, 29.845518], [60.844379, 29.858179], [60.851983722289866, 29.865906137073843]]}}]}